
> backend@0.0.0 start
> node app.js

[dotenv@17.2.2] injecting env (9) from .env -- tip: 📡 observe env with Radar: https://dotenvx.com/radar
Loading model: batch.js
✓ Loaded model: Batch
Loading model: batchLoading.js
✓ Loaded model: BatchLoading
Loading model: client.js
✓ Loaded model: Client
Loading model: container.js
✓ Loaded model: Container
Loading model: containerContent.js
✓ Loaded model: ContainerContent
Loading model: containerOilBatch.js
✓ Loaded model: ContainerOilBatch
Loading model: employee.js
✓ Loaded model: Employee
Loading model: expense.js
✓ Loaded model: Expense
Loading model: invoice.js
✓ Loaded model: Invoice
Loading model: oilBatch.js
✓ Loaded model: OilBatch
Loading model: payment.js
✓ Loaded model: Payment
Loading model: pressingQueue.js
✓ Loaded model: PressingQueue
Loading model: pressingRoom.js
✓ Loaded model: PressingRoom
Loading model: pressingSession.js
✓ Loaded model: PressingSession
Loading model: price.js
✓ Loaded model: Price
Loading model: qualityTest.js
✓ Loaded model: QualityTest
Loading model: queuerSession.js
✓ Loaded model: QueuerSession
Loading model: user.js
✓ Loaded model: User
Setting up associations...
✓ Associated model: Batch
✓ Associated model: BatchLoading
✓ Associated model: Client
✓ Associated model: Container
✓ Associated model: ContainerContent
✓ Associated model: ContainerOilBatch
✓ Associated model: Employee
✗ Error associating Invoice: Invoice.belongsTo called with something that's not a subclass of Sequelize.Model
✓ Associated model: OilBatch
✓ Associated model: Payment
✓ Associated model: PressingQueue
✓ Associated model: PressingRoom
✓ Associated model: PressingSession
✗ Error associating Price: Price.hasMany called with something that's not a subclass of Sequelize.Model
✓ Associated model: QualityTest
✓ Associated model: QueuerSession
✓ Associated model: User
[dotenv@17.2.2] injecting env (0) from .env -- tip: ⚙️  suppress all logs with { quiet: true }
🌐 CORS enabled for origins: [
  'https://preneuralgic-overexuberantly-marjorie.ngrok-free.dev',
  'https://yassine-olive-mill-app.vercel.app',
  'http://localhost:5173',
  'https://localhost:5173',
  'http://127.0.0.1:5173',
  'https://127.0.0.1:5173'
]
Executing (default): SELECT 1+1 AS result
✅ Database connection established successfully
Executing (default): SELECT table_name FROM information_schema.tables WHERE table_schema = 'public' AND table_name = 'clients'
Executing (default): SELECT i.relname AS name, ix.indisprimary AS primary, ix.indisunique AS unique, ix.indkey AS indkey, array_agg(a.attnum) as column_indexes, array_agg(a.attname) AS column_names, pg_get_indexdef(ix.indexrelid) AS definition FROM pg_class t, pg_class i, pg_index ix, pg_attribute a WHERE t.oid = ix.indrelid AND i.oid = ix.indexrelid AND a.attrelid = t.oid AND t.relkind = 'r' and t.relname = 'clients' GROUP BY i.relname, ix.indexrelid, ix.indisprimary, ix.indisunique, ix.indkey ORDER BY i.relname;
Executing (default): SELECT table_name FROM information_schema.tables WHERE table_schema = 'public' AND table_name = 'prices'
Executing (default): SELECT i.relname AS name, ix.indisprimary AS primary, ix.indisunique AS unique, ix.indkey AS indkey, array_agg(a.attnum) as column_indexes, array_agg(a.attname) AS column_names, pg_get_indexdef(ix.indexrelid) AS definition FROM pg_class t, pg_class i, pg_index ix, pg_attribute a WHERE t.oid = ix.indrelid AND i.oid = ix.indexrelid AND a.attrelid = t.oid AND t.relkind = 'r' and t.relname = 'prices' GROUP BY i.relname, ix.indexrelid, ix.indisprimary, ix.indisunique, ix.indkey ORDER BY i.relname;
Executing (default): SELECT table_name FROM information_schema.tables WHERE table_schema = 'public' AND table_name = 'pressing_rooms'
Executing (default): SELECT i.relname AS name, ix.indisprimary AS primary, ix.indisunique AS unique, ix.indkey AS indkey, array_agg(a.attnum) as column_indexes, array_agg(a.attname) AS column_names, pg_get_indexdef(ix.indexrelid) AS definition FROM pg_class t, pg_class i, pg_index ix, pg_attribute a WHERE t.oid = ix.indrelid AND i.oid = ix.indexrelid AND a.attrelid = t.oid AND t.relkind = 'r' and t.relname = 'pressing_rooms' GROUP BY i.relname, ix.indexrelid, ix.indisprimary, ix.indisunique, ix.indkey ORDER BY i.relname;
Executing (default): SELECT table_name FROM information_schema.tables WHERE table_schema = 'public' AND table_name = 'batches'
Executing (default): SELECT t.typname enum_name, array_agg(e.enumlabel ORDER BY enumsortorder) enum_value FROM pg_type t JOIN pg_enum e ON t.oid = e.enumtypid JOIN pg_catalog.pg_namespace n ON n.oid = t.typnamespace WHERE n.nspname = 'public' AND t.typname='enum_batches_status' GROUP BY 1
Executing (default): SELECT t.typname enum_name, array_agg(e.enumlabel ORDER BY enumsortorder) enum_value FROM pg_type t JOIN pg_enum e ON t.oid = e.enumtypid JOIN pg_catalog.pg_namespace n ON n.oid = t.typnamespace WHERE n.nspname = 'public' AND t.typname='enum_batches_operation_type' GROUP BY 1
Executing (default): SELECT i.relname AS name, ix.indisprimary AS primary, ix.indisunique AS unique, ix.indkey AS indkey, array_agg(a.attnum) as column_indexes, array_agg(a.attname) AS column_names, pg_get_indexdef(ix.indexrelid) AS definition FROM pg_class t, pg_class i, pg_index ix, pg_attribute a WHERE t.oid = ix.indrelid AND i.oid = ix.indexrelid AND a.attrelid = t.oid AND t.relkind = 'r' and t.relname = 'batches' GROUP BY i.relname, ix.indexrelid, ix.indisprimary, ix.indisunique, ix.indkey ORDER BY i.relname;
Executing (default): SELECT table_name FROM information_schema.tables WHERE table_schema = 'public' AND table_name = 'pressing_sessions'
Executing (default): SELECT t.typname enum_name, array_agg(e.enumlabel ORDER BY enumsortorder) enum_value FROM pg_type t JOIN pg_enum e ON t.oid = e.enumtypid JOIN pg_catalog.pg_namespace n ON n.oid = t.typnamespace WHERE n.nspname = 'public' AND t.typname='enum_pressing_sessions_status' GROUP BY 1
Executing (default): SELECT i.relname AS name, ix.indisprimary AS primary, ix.indisunique AS unique, ix.indkey AS indkey, array_agg(a.attnum) as column_indexes, array_agg(a.attname) AS column_names, pg_get_indexdef(ix.indexrelid) AS definition FROM pg_class t, pg_class i, pg_index ix, pg_attribute a WHERE t.oid = ix.indrelid AND i.oid = ix.indexrelid AND a.attrelid = t.oid AND t.relkind = 'r' and t.relname = 'pressing_sessions' GROUP BY i.relname, ix.indexrelid, ix.indisprimary, ix.indisunique, ix.indkey ORDER BY i.relname;
Executing (default): SELECT table_name FROM information_schema.tables WHERE table_schema = 'public' AND table_name = 'users'
Executing (default): SELECT t.typname enum_name, array_agg(e.enumlabel ORDER BY enumsortorder) enum_value FROM pg_type t JOIN pg_enum e ON t.oid = e.enumtypid JOIN pg_catalog.pg_namespace n ON n.oid = t.typnamespace WHERE n.nspname = 'public' AND t.typname='enum_users_role' GROUP BY 1
Executing (default): SELECT i.relname AS name, ix.indisprimary AS primary, ix.indisunique AS unique, ix.indkey AS indkey, array_agg(a.attnum) as column_indexes, array_agg(a.attname) AS column_names, pg_get_indexdef(ix.indexrelid) AS definition FROM pg_class t, pg_class i, pg_index ix, pg_attribute a WHERE t.oid = ix.indrelid AND i.oid = ix.indexrelid AND a.attrelid = t.oid AND t.relkind = 'r' and t.relname = 'users' GROUP BY i.relname, ix.indexrelid, ix.indisprimary, ix.indisunique, ix.indkey ORDER BY i.relname;
Executing (default): SELECT table_name FROM information_schema.tables WHERE table_schema = 'public' AND table_name = 'batch_loadings'
Executing (default): SELECT i.relname AS name, ix.indisprimary AS primary, ix.indisunique AS unique, ix.indkey AS indkey, array_agg(a.attnum) as column_indexes, array_agg(a.attname) AS column_names, pg_get_indexdef(ix.indexrelid) AS definition FROM pg_class t, pg_class i, pg_index ix, pg_attribute a WHERE t.oid = ix.indrelid AND i.oid = ix.indexrelid AND a.attrelid = t.oid AND t.relkind = 'r' and t.relname = 'batch_loadings' GROUP BY i.relname, ix.indexrelid, ix.indisprimary, ix.indisunique, ix.indkey ORDER BY i.relname;
Executing (default): SELECT table_name FROM information_schema.tables WHERE table_schema = 'public' AND table_name = 'containers'
Executing (default): SELECT i.relname AS name, ix.indisprimary AS primary, ix.indisunique AS unique, ix.indkey AS indkey, array_agg(a.attnum) as column_indexes, array_agg(a.attname) AS column_names, pg_get_indexdef(ix.indexrelid) AS definition FROM pg_class t, pg_class i, pg_index ix, pg_attribute a WHERE t.oid = ix.indrelid AND i.oid = ix.indexrelid AND a.attrelid = t.oid AND t.relkind = 'r' and t.relname = 'containers' GROUP BY i.relname, ix.indexrelid, ix.indisprimary, ix.indisunique, ix.indkey ORDER BY i.relname;
Executing (default): SELECT table_name FROM information_schema.tables WHERE table_schema = 'public' AND table_name = 'container_contents'
Executing (default): SELECT i.relname AS name, ix.indisprimary AS primary, ix.indisunique AS unique, ix.indkey AS indkey, array_agg(a.attnum) as column_indexes, array_agg(a.attname) AS column_names, pg_get_indexdef(ix.indexrelid) AS definition FROM pg_class t, pg_class i, pg_index ix, pg_attribute a WHERE t.oid = ix.indrelid AND i.oid = ix.indexrelid AND a.attrelid = t.oid AND t.relkind = 'r' and t.relname = 'container_contents' GROUP BY i.relname, ix.indexrelid, ix.indisprimary, ix.indisunique, ix.indkey ORDER BY i.relname;
Executing (default): SELECT table_name FROM information_schema.tables WHERE table_schema = 'public' AND table_name = 'oil_batches'
Executing (default): SELECT i.relname AS name, ix.indisprimary AS primary, ix.indisunique AS unique, ix.indkey AS indkey, array_agg(a.attnum) as column_indexes, array_agg(a.attname) AS column_names, pg_get_indexdef(ix.indexrelid) AS definition FROM pg_class t, pg_class i, pg_index ix, pg_attribute a WHERE t.oid = ix.indrelid AND i.oid = ix.indexrelid AND a.attrelid = t.oid AND t.relkind = 'r' and t.relname = 'oil_batches' GROUP BY i.relname, ix.indexrelid, ix.indisprimary, ix.indisunique, ix.indkey ORDER BY i.relname;
Executing (default): SELECT table_name FROM information_schema.tables WHERE table_schema = 'public' AND table_name = 'container_oil_batches'
Executing (default): SELECT i.relname AS name, ix.indisprimary AS primary, ix.indisunique AS unique, ix.indkey AS indkey, array_agg(a.attnum) as column_indexes, array_agg(a.attname) AS column_names, pg_get_indexdef(ix.indexrelid) AS definition FROM pg_class t, pg_class i, pg_index ix, pg_attribute a WHERE t.oid = ix.indrelid AND i.oid = ix.indexrelid AND a.attrelid = t.oid AND t.relkind = 'r' and t.relname = 'container_oil_batches' GROUP BY i.relname, ix.indexrelid, ix.indisprimary, ix.indisunique, ix.indkey ORDER BY i.relname;
Executing (default): SELECT table_name FROM information_schema.tables WHERE table_schema = 'public' AND table_name = 'employees'
Executing (default): SELECT t.typname enum_name, array_agg(e.enumlabel ORDER BY enumsortorder) enum_value FROM pg_type t JOIN pg_enum e ON t.oid = e.enumtypid JOIN pg_catalog.pg_namespace n ON n.oid = t.typnamespace WHERE n.nspname = 'public' AND t.typname='enum_employees_role' GROUP BY 1
Executing (default): SELECT i.relname AS name, ix.indisprimary AS primary, ix.indisunique AS unique, ix.indkey AS indkey, array_agg(a.attnum) as column_indexes, array_agg(a.attname) AS column_names, pg_get_indexdef(ix.indexrelid) AS definition FROM pg_class t, pg_class i, pg_index ix, pg_attribute a WHERE t.oid = ix.indrelid AND i.oid = ix.indexrelid AND a.attrelid = t.oid AND t.relkind = 'r' and t.relname = 'employees' GROUP BY i.relname, ix.indexrelid, ix.indisprimary, ix.indisunique, ix.indkey ORDER BY i.relname;
Executing (default): SELECT table_name FROM information_schema.tables WHERE table_schema = 'public' AND table_name = 'expenses'
Executing (default): SELECT t.typname enum_name, array_agg(e.enumlabel ORDER BY enumsortorder) enum_value FROM pg_type t JOIN pg_enum e ON t.oid = e.enumtypid JOIN pg_catalog.pg_namespace n ON n.oid = t.typnamespace WHERE n.nspname = 'public' AND t.typname='enum_expenses_category' GROUP BY 1
Executing (default): SELECT i.relname AS name, ix.indisprimary AS primary, ix.indisunique AS unique, ix.indkey AS indkey, array_agg(a.attnum) as column_indexes, array_agg(a.attname) AS column_names, pg_get_indexdef(ix.indexrelid) AS definition FROM pg_class t, pg_class i, pg_index ix, pg_attribute a WHERE t.oid = ix.indrelid AND i.oid = ix.indexrelid AND a.attrelid = t.oid AND t.relkind = 'r' and t.relname = 'expenses' GROUP BY i.relname, ix.indexrelid, ix.indisprimary, ix.indisunique, ix.indkey ORDER BY i.relname;
Executing (default): SELECT table_name FROM information_schema.tables WHERE table_schema = 'public' AND table_name = 'invoices'
Executing (default): SELECT t.typname enum_name, array_agg(e.enumlabel ORDER BY enumsortorder) enum_value FROM pg_type t JOIN pg_enum e ON t.oid = e.enumtypid JOIN pg_catalog.pg_namespace n ON n.oid = t.typnamespace WHERE n.nspname = 'public' AND t.typname='enum_invoices_status' GROUP BY 1
Executing (default): SELECT i.relname AS name, ix.indisprimary AS primary, ix.indisunique AS unique, ix.indkey AS indkey, array_agg(a.attnum) as column_indexes, array_agg(a.attname) AS column_names, pg_get_indexdef(ix.indexrelid) AS definition FROM pg_class t, pg_class i, pg_index ix, pg_attribute a WHERE t.oid = ix.indrelid AND i.oid = ix.indexrelid AND a.attrelid = t.oid AND t.relkind = 'r' and t.relname = 'invoices' GROUP BY i.relname, ix.indexrelid, ix.indisprimary, ix.indisunique, ix.indkey ORDER BY i.relname;
Executing (default): SELECT table_name FROM information_schema.tables WHERE table_schema = 'public' AND table_name = 'payments'
Executing (default): SELECT t.typname enum_name, array_agg(e.enumlabel ORDER BY enumsortorder) enum_value FROM pg_type t JOIN pg_enum e ON t.oid = e.enumtypid JOIN pg_catalog.pg_namespace n ON n.oid = t.typnamespace WHERE n.nspname = 'public' AND t.typname='enum_payments_payment_method' GROUP BY 1
Executing (default): SELECT i.relname AS name, ix.indisprimary AS primary, ix.indisunique AS unique, ix.indkey AS indkey, array_agg(a.attnum) as column_indexes, array_agg(a.attname) AS column_names, pg_get_indexdef(ix.indexrelid) AS definition FROM pg_class t, pg_class i, pg_index ix, pg_attribute a WHERE t.oid = ix.indrelid AND i.oid = ix.indexrelid AND a.attrelid = t.oid AND t.relkind = 'r' and t.relname = 'payments' GROUP BY i.relname, ix.indexrelid, ix.indisprimary, ix.indisunique, ix.indkey ORDER BY i.relname;
Executing (default): SELECT table_name FROM information_schema.tables WHERE table_schema = 'public' AND table_name = 'pressing_queue'
Executing (default): SELECT t.typname enum_name, array_agg(e.enumlabel ORDER BY enumsortorder) enum_value FROM pg_type t JOIN pg_enum e ON t.oid = e.enumtypid JOIN pg_catalog.pg_namespace n ON n.oid = t.typnamespace WHERE n.nspname = 'public' AND t.typname='enum_pressing_queue_status' GROUP BY 1
Executing (default): SELECT i.relname AS name, ix.indisprimary AS primary, ix.indisunique AS unique, ix.indkey AS indkey, array_agg(a.attnum) as column_indexes, array_agg(a.attname) AS column_names, pg_get_indexdef(ix.indexrelid) AS definition FROM pg_class t, pg_class i, pg_index ix, pg_attribute a WHERE t.oid = ix.indrelid AND i.oid = ix.indexrelid AND a.attrelid = t.oid AND t.relkind = 'r' and t.relname = 'pressing_queue' GROUP BY i.relname, ix.indexrelid, ix.indisprimary, ix.indisunique, ix.indkey ORDER BY i.relname;
Executing (default): SELECT table_name FROM information_schema.tables WHERE table_schema = 'public' AND table_name = 'quality_tests'
Executing (default): SELECT t.typname enum_name, array_agg(e.enumlabel ORDER BY enumsortorder) enum_value FROM pg_type t JOIN pg_enum e ON t.oid = e.enumtypid JOIN pg_catalog.pg_namespace n ON n.oid = t.typnamespace WHERE n.nspname = 'public' AND t.typname='enum_quality_tests_grade' GROUP BY 1
Executing (default): SELECT i.relname AS name, ix.indisprimary AS primary, ix.indisunique AS unique, ix.indkey AS indkey, array_agg(a.attnum) as column_indexes, array_agg(a.attname) AS column_names, pg_get_indexdef(ix.indexrelid) AS definition FROM pg_class t, pg_class i, pg_index ix, pg_attribute a WHERE t.oid = ix.indrelid AND i.oid = ix.indexrelid AND a.attrelid = t.oid AND t.relkind = 'r' and t.relname = 'quality_tests' GROUP BY i.relname, ix.indexrelid, ix.indisprimary, ix.indisunique, ix.indkey ORDER BY i.relname;
Executing (default): SELECT table_name FROM information_schema.tables WHERE table_schema = 'public' AND table_name = 'queuer_sessions'
Executing (default): SELECT t.typname enum_name, array_agg(e.enumlabel ORDER BY enumsortorder) enum_value FROM pg_type t JOIN pg_enum e ON t.oid = e.enumtypid JOIN pg_catalog.pg_namespace n ON n.oid = t.typnamespace WHERE n.nspname = 'public' AND t.typname='enum_queuer_sessions_status' GROUP BY 1
Executing (default): SELECT i.relname AS name, ix.indisprimary AS primary, ix.indisunique AS unique, ix.indkey AS indkey, array_agg(a.attnum) as column_indexes, array_agg(a.attname) AS column_names, pg_get_indexdef(ix.indexrelid) AS definition FROM pg_class t, pg_class i, pg_index ix, pg_attribute a WHERE t.oid = ix.indrelid AND i.oid = ix.indexrelid AND a.attrelid = t.oid AND t.relkind = 'r' and t.relname = 'queuer_sessions' GROUP BY i.relname, ix.indexrelid, ix.indisprimary, ix.indisunique, ix.indkey ORDER BY i.relname;
✅ Database synchronized
🚀 Olive Oil Mill API server running on port 3000
📊 Dashboard: http://localhost:3000/api/dashboard/overview
🏥 Health check: http://localhost:3000/api/health
🌐 Server accessible from: http://192.168.1.31:3000
[2025-11-03T18:21:09.667Z] GET / - ::1
[2025-11-03T18:21:10.178Z] GET / - ::1
[2025-11-03T18:21:12.296Z] GET / - ::1
[2025-11-03T18:21:15.937Z] GET / - ::1
[2025-11-03T18:21:17.113Z] GET /api/auth/me - ::1
Executing (default): SELECT "id", "email", "role", "firstname", "lastname", "createdAt", "updatedAt" FROM "users" AS "User" WHERE "User"."id" = 1;
[2025-11-03T18:21:17.864Z] GET /api/clients - ::1
[2025-11-03T18:21:17.864Z] GET /api/batches/next-ticket-number?date=2025-11-03 - ::1
[2025-11-03T18:21:17.865Z] GET /api/prices?latest=true - ::1
[2025-11-03T18:21:17.865Z] GET /api/batches?page=1&limit=5 - ::1
Executing (default): SELECT "ticket_number" FROM "batches" AS "Batch" WHERE ("Batch"."date_received" >= '2025-11-02 23:00:00.000 +00:00' AND "Batch"."date_received" <= '2025-11-03 22:59:59.999 +00:00') ORDER BY "Batch"."date_received" DESC;
Executing (default): SELECT count("Client"."id") AS "count" FROM "clients" AS "Client" LEFT OUTER JOIN "batches" AS "batches" ON "Client"."id" = "batches"."clientId";
Executing (default): SELECT "Client".*, "batches"."id" AS "batches.id", "batches"."date_received" AS "batches.date_received", "batches"."status" AS "batches.status" FROM (SELECT "Client"."id", "Client"."firstname", "Client"."lastname", "Client"."phone", "Client"."address", "Client"."createdAt", "Client"."updatedAt" FROM "clients" AS "Client" ORDER BY "Client"."createdAt" DESC LIMIT 10 OFFSET 0) AS "Client" LEFT OUTER JOIN "batches" AS "batches" ON "Client"."id" = "batches"."clientId" ORDER BY "Client"."createdAt" DESC;
Executing (default): SELECT count(*) AS "count" FROM "batches" AS "Batch";
Executing (default): SELECT "id", "date", "milling_price_per_kg", "oil_client_selling_price_per_kg", "oil_export_selling_price_per_kg", "olive_buying_price_per_kg", "empty_bidon_price", "createdAt", "updatedAt" FROM "prices" AS "Price" ORDER BY "Price"."createdAt" DESC LIMIT 1;
Executing (default): SELECT "Batch".*, "client"."id" AS "client.id", "client"."firstname" AS "client.firstname", "client"."lastname" AS "client.lastname", "price"."id" AS "price.id", "price"."date" AS "price.date", "price"."milling_price_per_kg" AS "price.milling_price_per_kg", "price"."oil_client_selling_price_per_kg" AS "price.oil_client_selling_price_per_kg", "price"."oil_export_selling_price_per_kg" AS "price.oil_export_selling_price_per_kg", "price"."olive_buying_price_per_kg" AS "price.olive_buying_price_per_kg", "price"."empty_bidon_price" AS "price.empty_bidon_price", "price"."createdAt" AS "price.createdAt", "price"."updatedAt" AS "price.updatedAt", "pressingRoom"."id" AS "pressingRoom.id", "pressingRoom"."name" AS "pressingRoom.name", "oilBatches"."id" AS "oilBatches.id", "oilBatches"."weight" AS "oilBatches.weight", "oilBatches"."residue" AS "oilBatches.residue", "oilBatches"."batchId" AS "oilBatches.batchId", "oilBatches"."pressing_sessionId" AS "oilBatches.pressing_sessionId", "oilBatches"."createdAt" AS "oilBatches.createdAt", "oilBatches"."updatedAt" AS "oilBatches.updatedAt", "batchLoadings"."id" AS "batchLoadings.id", "batchLoadings"."batchId" AS "batchLoadings.batchId", "batchLoadings"."pressingSessionId" AS "batchLoadings.pressingSessionId", "batchLoadings"."pressingRoomId" AS "batchLoadings.pressingRoomId", "batchLoadings"."operatorId" AS "batchLoadings.operatorId", "batchLoadings"."boxesLoaded" AS "batchLoadings.boxesLoaded", "batchLoadings"."loadedAt" AS "batchLoadings.loadedAt", "batchLoadings"."notes" AS "batchLoadings.notes", "batchLoadings"."createdAt" AS "batchLoadings.createdAt", "batchLoadings"."updatedAt" AS "batchLoadings.updatedAt", "batchLoadings->pressingRoom"."id" AS "batchLoadings.pressingRoom.id", "batchLoadings->pressingRoom"."name" AS "batchLoadings.pressingRoom.name", "batchLoadings->operator"."id" AS "batchLoadings.operator.id", "batchLoadings->operator"."firstname" AS "batchLoadings.operator.firstname", "batchLoadings->operator"."lastname" AS "batchLoadings.operator.lastname", "batchLoadings->operator"."email" AS "batchLoadings.operator.email" FROM (SELECT "Batch"."id", "Batch"."clientId", "Batch"."priceId", "Batch"."date_received", "Batch"."weight_in", "Batch"."weight_out", "Batch"."net_weight", "Batch"."number_of_boxes", "Batch"."status", "Batch"."operation_type", "Batch"."pressing_room_id", "Batch"."session_start_time", "Batch"."estimated_time", "Batch"."ticket_number", "Batch"."bidons_brought", "Batch"."number_of_bidons", "Batch"."boxes_loaded_to_pressing", "Batch"."boxes_committed_to_queue", "Batch"."taux", "Batch"."createdAt", "Batch"."updatedAt" FROM "batches" AS "Batch" ORDER BY "Batch"."date_received" DESC LIMIT 5 OFFSET 0) AS "Batch" LEFT OUTER JOIN "clients" AS "client" ON "Batch"."clientId" = "client"."id" LEFT OUTER JOIN "prices" AS "price" ON "Batch"."priceId" = "price"."id" LEFT OUTER JOIN "pressing_rooms" AS "pressingRoom" ON "Batch"."pressing_room_id" = "pressingRoom"."id" LEFT OUTER JOIN "oil_batches" AS "oilBatches" ON "Batch"."id" = "oilBatches"."batchId" LEFT OUTER JOIN "batch_loadings" AS "batchLoadings" ON "Batch"."id" = "batchLoadings"."batchId" LEFT OUTER JOIN "pressing_rooms" AS "batchLoadings->pressingRoom" ON "batchLoadings"."pressingRoomId" = "batchLoadings->pressingRoom"."id" LEFT OUTER JOIN "users" AS "batchLoadings->operator" ON "batchLoadings"."operatorId" = "batchLoadings->operator"."id" ORDER BY "Batch"."date_received" DESC;
[2025-11-03T18:21:41.304Z] POST /api/auth/login - ::1
[2025-11-03T18:21:41.304Z] Request body: {
  "email": "Employee@gmail.com"
}
Executing (default): SELECT "id", "email", "password", "role", "firstname", "lastname", "createdAt", "updatedAt" FROM "users" AS "User" WHERE "User"."email" = 'Employee@gmail.com';
[2025-11-03T18:24:48.311Z] GET / - ::1
[2025-11-03T18:24:52.785Z] POST /api/auth/login - ::1
[2025-11-03T18:24:52.785Z] Request body: {
  "email": "admin@gmail.com"
}
Executing (default): SELECT "id", "email", "password", "role", "firstname", "lastname", "createdAt", "updatedAt" FROM "users" AS "User" WHERE "User"."email" = 'admin@gmail.com';
[2025-11-03T18:24:53.339Z] GET /api/clients - ::1
Executing (default): SELECT count("Client"."id") AS "count" FROM "clients" AS "Client" LEFT OUTER JOIN "batches" AS "batches" ON "Client"."id" = "batches"."clientId";
[2025-11-03T18:24:53.344Z] GET /api/prices?latest=true - ::1
Executing (default): SELECT "Client".*, "batches"."id" AS "batches.id", "batches"."date_received" AS "batches.date_received", "batches"."status" AS "batches.status" FROM (SELECT "Client"."id", "Client"."firstname", "Client"."lastname", "Client"."phone", "Client"."address", "Client"."createdAt", "Client"."updatedAt" FROM "clients" AS "Client" ORDER BY "Client"."createdAt" DESC LIMIT 10 OFFSET 0) AS "Client" LEFT OUTER JOIN "batches" AS "batches" ON "Client"."id" = "batches"."clientId" ORDER BY "Client"."createdAt" DESC;
Executing (default): SELECT "id", "date", "milling_price_per_kg", "oil_client_selling_price_per_kg", "oil_export_selling_price_per_kg", "olive_buying_price_per_kg", "empty_bidon_price", "createdAt", "updatedAt" FROM "prices" AS "Price" ORDER BY "Price"."createdAt" DESC LIMIT 1;
[2025-11-03T18:24:53.363Z] GET /api/batches?page=1&limit=5 - ::1
Executing (default): SELECT count(*) AS "count" FROM "batches" AS "Batch";
Executing (default): SELECT "Batch".*, "client"."id" AS "client.id", "client"."firstname" AS "client.firstname", "client"."lastname" AS "client.lastname", "price"."id" AS "price.id", "price"."date" AS "price.date", "price"."milling_price_per_kg" AS "price.milling_price_per_kg", "price"."oil_client_selling_price_per_kg" AS "price.oil_client_selling_price_per_kg", "price"."oil_export_selling_price_per_kg" AS "price.oil_export_selling_price_per_kg", "price"."olive_buying_price_per_kg" AS "price.olive_buying_price_per_kg", "price"."empty_bidon_price" AS "price.empty_bidon_price", "price"."createdAt" AS "price.createdAt", "price"."updatedAt" AS "price.updatedAt", "pressingRoom"."id" AS "pressingRoom.id", "pressingRoom"."name" AS "pressingRoom.name", "oilBatches"."id" AS "oilBatches.id", "oilBatches"."weight" AS "oilBatches.weight", "oilBatches"."residue" AS "oilBatches.residue", "oilBatches"."batchId" AS "oilBatches.batchId", "oilBatches"."pressing_sessionId" AS "oilBatches.pressing_sessionId", "oilBatches"."createdAt" AS "oilBatches.createdAt", "oilBatches"."updatedAt" AS "oilBatches.updatedAt", "batchLoadings"."id" AS "batchLoadings.id", "batchLoadings"."batchId" AS "batchLoadings.batchId", "batchLoadings"."pressingSessionId" AS "batchLoadings.pressingSessionId", "batchLoadings"."pressingRoomId" AS "batchLoadings.pressingRoomId", "batchLoadings"."operatorId" AS "batchLoadings.operatorId", "batchLoadings"."boxesLoaded" AS "batchLoadings.boxesLoaded", "batchLoadings"."loadedAt" AS "batchLoadings.loadedAt", "batchLoadings"."notes" AS "batchLoadings.notes", "batchLoadings"."createdAt" AS "batchLoadings.createdAt", "batchLoadings"."updatedAt" AS "batchLoadings.updatedAt", "batchLoadings->pressingRoom"."id" AS "batchLoadings.pressingRoom.id", "batchLoadings->pressingRoom"."name" AS "batchLoadings.pressingRoom.name", "batchLoadings->operator"."id" AS "batchLoadings.operator.id", "batchLoadings->operator"."firstname" AS "batchLoadings.operator.firstname", "batchLoadings->operator"."lastname" AS "batchLoadings.operator.lastname", "batchLoadings->operator"."email" AS "batchLoadings.operator.email" FROM (SELECT "Batch"."id", "Batch"."clientId", "Batch"."priceId", "Batch"."date_received", "Batch"."weight_in", "Batch"."weight_out", "Batch"."net_weight", "Batch"."number_of_boxes", "Batch"."status", "Batch"."operation_type", "Batch"."pressing_room_id", "Batch"."session_start_time", "Batch"."estimated_time", "Batch"."ticket_number", "Batch"."bidons_brought", "Batch"."number_of_bidons", "Batch"."boxes_loaded_to_pressing", "Batch"."boxes_committed_to_queue", "Batch"."taux", "Batch"."createdAt", "Batch"."updatedAt" FROM "batches" AS "Batch" ORDER BY "Batch"."date_received" DESC LIMIT 5 OFFSET 0) AS "Batch" LEFT OUTER JOIN "clients" AS "client" ON "Batch"."clientId" = "client"."id" LEFT OUTER JOIN "prices" AS "price" ON "Batch"."priceId" = "price"."id" LEFT OUTER JOIN "pressing_rooms" AS "pressingRoom" ON "Batch"."pressing_room_id" = "pressingRoom"."id" LEFT OUTER JOIN "oil_batches" AS "oilBatches" ON "Batch"."id" = "oilBatches"."batchId" LEFT OUTER JOIN "batch_loadings" AS "batchLoadings" ON "Batch"."id" = "batchLoadings"."batchId" LEFT OUTER JOIN "pressing_rooms" AS "batchLoadings->pressingRoom" ON "batchLoadings"."pressingRoomId" = "batchLoadings->pressingRoom"."id" LEFT OUTER JOIN "users" AS "batchLoadings->operator" ON "batchLoadings"."operatorId" = "batchLoadings->operator"."id" ORDER BY "Batch"."date_received" DESC;
[2025-11-03T18:24:53.384Z] GET /api/batches/next-ticket-number?date=2025-11-03 - ::1
Executing (default): SELECT "ticket_number" FROM "batches" AS "Batch" WHERE ("Batch"."date_received" >= '2025-11-02 23:00:00.000 +00:00' AND "Batch"."date_received" <= '2025-11-03 22:59:59.999 +00:00') ORDER BY "Batch"."date_received" DESC;
[2025-11-03T18:25:01.489Z] DELETE /api/batches/15 - ::1
Executing (default): SELECT "id", "clientId", "priceId", "date_received", "weight_in", "weight_out", "net_weight", "number_of_boxes", "status", "operation_type", "pressing_room_id", "session_start_time", "estimated_time", "ticket_number", "bidons_brought", "number_of_bidons", "boxes_loaded_to_pressing", "boxes_committed_to_queue", "taux", "createdAt", "updatedAt" FROM "batches" AS "Batch" WHERE "Batch"."id" = 15;
Executing (default): DELETE FROM "batches" WHERE "id" = 15
[2025-11-03T18:25:01.782Z] GET /api/batches?page=1&limit=5 - ::1
Executing (default): SELECT count(*) AS "count" FROM "batches" AS "Batch";
Executing (default): SELECT "Batch".*, "client"."id" AS "client.id", "client"."firstname" AS "client.firstname", "client"."lastname" AS "client.lastname", "price"."id" AS "price.id", "price"."date" AS "price.date", "price"."milling_price_per_kg" AS "price.milling_price_per_kg", "price"."oil_client_selling_price_per_kg" AS "price.oil_client_selling_price_per_kg", "price"."oil_export_selling_price_per_kg" AS "price.oil_export_selling_price_per_kg", "price"."olive_buying_price_per_kg" AS "price.olive_buying_price_per_kg", "price"."empty_bidon_price" AS "price.empty_bidon_price", "price"."createdAt" AS "price.createdAt", "price"."updatedAt" AS "price.updatedAt", "pressingRoom"."id" AS "pressingRoom.id", "pressingRoom"."name" AS "pressingRoom.name", "oilBatches"."id" AS "oilBatches.id", "oilBatches"."weight" AS "oilBatches.weight", "oilBatches"."residue" AS "oilBatches.residue", "oilBatches"."batchId" AS "oilBatches.batchId", "oilBatches"."pressing_sessionId" AS "oilBatches.pressing_sessionId", "oilBatches"."createdAt" AS "oilBatches.createdAt", "oilBatches"."updatedAt" AS "oilBatches.updatedAt", "batchLoadings"."id" AS "batchLoadings.id", "batchLoadings"."batchId" AS "batchLoadings.batchId", "batchLoadings"."pressingSessionId" AS "batchLoadings.pressingSessionId", "batchLoadings"."pressingRoomId" AS "batchLoadings.pressingRoomId", "batchLoadings"."operatorId" AS "batchLoadings.operatorId", "batchLoadings"."boxesLoaded" AS "batchLoadings.boxesLoaded", "batchLoadings"."loadedAt" AS "batchLoadings.loadedAt", "batchLoadings"."notes" AS "batchLoadings.notes", "batchLoadings"."createdAt" AS "batchLoadings.createdAt", "batchLoadings"."updatedAt" AS "batchLoadings.updatedAt", "batchLoadings->pressingRoom"."id" AS "batchLoadings.pressingRoom.id", "batchLoadings->pressingRoom"."name" AS "batchLoadings.pressingRoom.name", "batchLoadings->operator"."id" AS "batchLoadings.operator.id", "batchLoadings->operator"."firstname" AS "batchLoadings.operator.firstname", "batchLoadings->operator"."lastname" AS "batchLoadings.operator.lastname", "batchLoadings->operator"."email" AS "batchLoadings.operator.email" FROM (SELECT "Batch"."id", "Batch"."clientId", "Batch"."priceId", "Batch"."date_received", "Batch"."weight_in", "Batch"."weight_out", "Batch"."net_weight", "Batch"."number_of_boxes", "Batch"."status", "Batch"."operation_type", "Batch"."pressing_room_id", "Batch"."session_start_time", "Batch"."estimated_time", "Batch"."ticket_number", "Batch"."bidons_brought", "Batch"."number_of_bidons", "Batch"."boxes_loaded_to_pressing", "Batch"."boxes_committed_to_queue", "Batch"."taux", "Batch"."createdAt", "Batch"."updatedAt" FROM "batches" AS "Batch" ORDER BY "Batch"."date_received" DESC LIMIT 5 OFFSET 0) AS "Batch" LEFT OUTER JOIN "clients" AS "client" ON "Batch"."clientId" = "client"."id" LEFT OUTER JOIN "prices" AS "price" ON "Batch"."priceId" = "price"."id" LEFT OUTER JOIN "pressing_rooms" AS "pressingRoom" ON "Batch"."pressing_room_id" = "pressingRoom"."id" LEFT OUTER JOIN "oil_batches" AS "oilBatches" ON "Batch"."id" = "oilBatches"."batchId" LEFT OUTER JOIN "batch_loadings" AS "batchLoadings" ON "Batch"."id" = "batchLoadings"."batchId" LEFT OUTER JOIN "pressing_rooms" AS "batchLoadings->pressingRoom" ON "batchLoadings"."pressingRoomId" = "batchLoadings->pressingRoom"."id" LEFT OUTER JOIN "users" AS "batchLoadings->operator" ON "batchLoadings"."operatorId" = "batchLoadings->operator"."id" ORDER BY "Batch"."date_received" DESC;
[2025-11-03T18:25:04.560Z] GET /api/auth/me - ::1
Executing (default): SELECT "id", "email", "role", "firstname", "lastname", "createdAt", "updatedAt" FROM "users" AS "User" WHERE "User"."id" = 1;
[2025-11-03T18:25:04.721Z] GET /api/batches?page=1&limit=5 - ::1
Executing (default): SELECT count(*) AS "count" FROM "batches" AS "Batch";
Executing (default): SELECT "Batch".*, "client"."id" AS "client.id", "client"."firstname" AS "client.firstname", "client"."lastname" AS "client.lastname", "price"."id" AS "price.id", "price"."date" AS "price.date", "price"."milling_price_per_kg" AS "price.milling_price_per_kg", "price"."oil_client_selling_price_per_kg" AS "price.oil_client_selling_price_per_kg", "price"."oil_export_selling_price_per_kg" AS "price.oil_export_selling_price_per_kg", "price"."olive_buying_price_per_kg" AS "price.olive_buying_price_per_kg", "price"."empty_bidon_price" AS "price.empty_bidon_price", "price"."createdAt" AS "price.createdAt", "price"."updatedAt" AS "price.updatedAt", "pressingRoom"."id" AS "pressingRoom.id", "pressingRoom"."name" AS "pressingRoom.name", "oilBatches"."id" AS "oilBatches.id", "oilBatches"."weight" AS "oilBatches.weight", "oilBatches"."residue" AS "oilBatches.residue", "oilBatches"."batchId" AS "oilBatches.batchId", "oilBatches"."pressing_sessionId" AS "oilBatches.pressing_sessionId", "oilBatches"."createdAt" AS "oilBatches.createdAt", "oilBatches"."updatedAt" AS "oilBatches.updatedAt", "batchLoadings"."id" AS "batchLoadings.id", "batchLoadings"."batchId" AS "batchLoadings.batchId", "batchLoadings"."pressingSessionId" AS "batchLoadings.pressingSessionId", "batchLoadings"."pressingRoomId" AS "batchLoadings.pressingRoomId", "batchLoadings"."operatorId" AS "batchLoadings.operatorId", "batchLoadings"."boxesLoaded" AS "batchLoadings.boxesLoaded", "batchLoadings"."loadedAt" AS "batchLoadings.loadedAt", "batchLoadings"."notes" AS "batchLoadings.notes", "batchLoadings"."createdAt" AS "batchLoadings.createdAt", "batchLoadings"."updatedAt" AS "batchLoadings.updatedAt", "batchLoadings->pressingRoom"."id" AS "batchLoadings.pressingRoom.id", "batchLoadings->pressingRoom"."name" AS "batchLoadings.pressingRoom.name", "batchLoadings->operator"."id" AS "batchLoadings.operator.id", "batchLoadings->operator"."firstname" AS "batchLoadings.operator.firstname", "batchLoadings->operator"."lastname" AS "batchLoadings.operator.lastname", "batchLoadings->operator"."email" AS "batchLoadings.operator.email" FROM (SELECT "Batch"."id", "Batch"."clientId", "Batch"."priceId", "Batch"."date_received", "Batch"."weight_in", "Batch"."weight_out", "Batch"."net_weight", "Batch"."number_of_boxes", "Batch"."status", "Batch"."operation_type", "Batch"."pressing_room_id", "Batch"."session_start_time", "Batch"."estimated_time", "Batch"."ticket_number", "Batch"."bidons_brought", "Batch"."number_of_bidons", "Batch"."boxes_loaded_to_pressing", "Batch"."boxes_committed_to_queue", "Batch"."taux", "Batch"."createdAt", "Batch"."updatedAt" FROM "batches" AS "Batch" ORDER BY "Batch"."date_received" DESC LIMIT 5 OFFSET 0) AS "Batch" LEFT OUTER JOIN "clients" AS "client" ON "Batch"."clientId" = "client"."id" LEFT OUTER JOIN "prices" AS "price" ON "Batch"."priceId" = "price"."id" LEFT OUTER JOIN "pressing_rooms" AS "pressingRoom" ON "Batch"."pressing_room_id" = "pressingRoom"."id" LEFT OUTER JOIN "oil_batches" AS "oilBatches" ON "Batch"."id" = "oilBatches"."batchId" LEFT OUTER JOIN "batch_loadings" AS "batchLoadings" ON "Batch"."id" = "batchLoadings"."batchId" LEFT OUTER JOIN "pressing_rooms" AS "batchLoadings->pressingRoom" ON "batchLoadings"."pressingRoomId" = "batchLoadings->pressingRoom"."id" LEFT OUTER JOIN "users" AS "batchLoadings->operator" ON "batchLoadings"."operatorId" = "batchLoadings->operator"."id" ORDER BY "Batch"."date_received" DESC;
[2025-11-03T18:25:04.868Z] GET /api/batches/next-ticket-number?date=2025-11-03 - ::1
[2025-11-03T18:25:04.870Z] GET /api/prices?latest=true - ::1
Executing (default): SELECT "ticket_number" FROM "batches" AS "Batch" WHERE ("Batch"."date_received" >= '2025-11-02 23:00:00.000 +00:00' AND "Batch"."date_received" <= '2025-11-03 22:59:59.999 +00:00') ORDER BY "Batch"."date_received" DESC;
[2025-11-03T18:25:04.872Z] GET /api/clients - ::1
Executing (default): SELECT count("Client"."id") AS "count" FROM "clients" AS "Client" LEFT OUTER JOIN "batches" AS "batches" ON "Client"."id" = "batches"."clientId";
Executing (default): SELECT "Client".*, "batches"."id" AS "batches.id", "batches"."date_received" AS "batches.date_received", "batches"."status" AS "batches.status" FROM (SELECT "Client"."id", "Client"."firstname", "Client"."lastname", "Client"."phone", "Client"."address", "Client"."createdAt", "Client"."updatedAt" FROM "clients" AS "Client" ORDER BY "Client"."createdAt" DESC LIMIT 10 OFFSET 0) AS "Client" LEFT OUTER JOIN "batches" AS "batches" ON "Client"."id" = "batches"."clientId" ORDER BY "Client"."createdAt" DESC;
Executing (default): SELECT "id", "date", "milling_price_per_kg", "oil_client_selling_price_per_kg", "oil_export_selling_price_per_kg", "olive_buying_price_per_kg", "empty_bidon_price", "createdAt", "updatedAt" FROM "prices" AS "Price" ORDER BY "Price"."createdAt" DESC LIMIT 1;
[2025-11-03T18:27:32.796Z] POST /api/clients - ::1
[2025-11-03T18:27:32.796Z] Request body: {
  "firstname": "أحمد",
  "lastname": "دربالي"
}
Executing (default): INSERT INTO "clients" ("id","firstname","lastname","phone","address","createdAt","updatedAt") VALUES (DEFAULT,$1,$2,$3,$4,$5,$6) RETURNING "id","firstname","lastname","phone","address","createdAt","updatedAt";
[2025-11-03T18:27:33.158Z] GET /api/clients - ::1
Executing (default): SELECT count("Client"."id") AS "count" FROM "clients" AS "Client" LEFT OUTER JOIN "batches" AS "batches" ON "Client"."id" = "batches"."clientId";
Executing (default): SELECT "Client".*, "batches"."id" AS "batches.id", "batches"."date_received" AS "batches.date_received", "batches"."status" AS "batches.status" FROM (SELECT "Client"."id", "Client"."firstname", "Client"."lastname", "Client"."phone", "Client"."address", "Client"."createdAt", "Client"."updatedAt" FROM "clients" AS "Client" ORDER BY "Client"."createdAt" DESC LIMIT 10 OFFSET 0) AS "Client" LEFT OUTER JOIN "batches" AS "batches" ON "Client"."id" = "batches"."clientId" ORDER BY "Client"."createdAt" DESC;
[2025-11-03T18:27:33.419Z] GET /api/batches/next-ticket-number?date=2025-11-03 - ::1
Executing (default): SELECT "ticket_number" FROM "batches" AS "Batch" WHERE ("Batch"."date_received" >= '2025-11-02 23:00:00.000 +00:00' AND "Batch"."date_received" <= '2025-11-03 22:59:59.999 +00:00') ORDER BY "Batch"."date_received" DESC;
[2025-11-03T18:27:33.710Z] POST /api/batches - ::1
[2025-11-03T18:27:33.710Z] Request body: {
  "clientId": 12,
  "ticket_number": "2025/11/03/001",
  "weight_in": 500,
  "net_weight": 500,
  "operation_type": "sale",
  "status": "received"
}
Creating batch with payload: {
  clientId: 12,
  ticket_number: '2025/11/03/001',
  weight_in: 500,
  net_weight: 500,
  operation_type: 'sale',
  status: 'received'
}
Executing (default): SELECT "id", "date", "milling_price_per_kg", "oil_client_selling_price_per_kg", "oil_export_selling_price_per_kg", "olive_buying_price_per_kg", "empty_bidon_price", "createdAt", "updatedAt" FROM "prices" AS "Price" ORDER BY "Price"."createdAt" DESC LIMIT 1;
Executing (default): INSERT INTO "batches" ("id","clientId","priceId","date_received","weight_in","weight_out","net_weight","number_of_boxes","status","operation_type","estimated_time","ticket_number","bidons_brought","number_of_bidons","boxes_loaded_to_pressing","boxes_committed_to_queue","taux","createdAt","updatedAt") VALUES (DEFAULT,$1,$2,$3,$4,$5,$6,$7,$8,$9,$10,$11,$12,$13,$14,$15,$16,$17,$18) RETURNING "id","clientId","priceId","date_received","weight_in","weight_out","net_weight","number_of_boxes","status","operation_type","pressing_room_id","session_start_time","estimated_time","ticket_number","bidons_brought","number_of_bidons","boxes_loaded_to_pressing","boxes_committed_to_queue","taux","createdAt","updatedAt";
Executing (default): SELECT "Batch"."id", "Batch"."clientId", "Batch"."priceId", "Batch"."date_received", "Batch"."weight_in", "Batch"."weight_out", "Batch"."net_weight", "Batch"."number_of_boxes", "Batch"."status", "Batch"."operation_type", "Batch"."pressing_room_id", "Batch"."session_start_time", "Batch"."estimated_time", "Batch"."ticket_number", "Batch"."bidons_brought", "Batch"."number_of_bidons", "Batch"."boxes_loaded_to_pressing", "Batch"."boxes_committed_to_queue", "Batch"."taux", "Batch"."createdAt", "Batch"."updatedAt", "client"."id" AS "client.id", "client"."firstname" AS "client.firstname", "client"."lastname" AS "client.lastname", "client"."phone" AS "client.phone", "client"."address" AS "client.address", "client"."createdAt" AS "client.createdAt", "client"."updatedAt" AS "client.updatedAt", "price"."id" AS "price.id", "price"."date" AS "price.date", "price"."milling_price_per_kg" AS "price.milling_price_per_kg", "price"."oil_client_selling_price_per_kg" AS "price.oil_client_selling_price_per_kg", "price"."oil_export_selling_price_per_kg" AS "price.oil_export_selling_price_per_kg", "price"."olive_buying_price_per_kg" AS "price.olive_buying_price_per_kg", "price"."empty_bidon_price" AS "price.empty_bidon_price", "price"."createdAt" AS "price.createdAt", "price"."updatedAt" AS "price.updatedAt" FROM "batches" AS "Batch" LEFT OUTER JOIN "clients" AS "client" ON "Batch"."clientId" = "client"."id" LEFT OUTER JOIN "prices" AS "price" ON "Batch"."priceId" = "price"."id" WHERE "Batch"."id" = 16;
[2025-11-03T18:27:34.000Z] GET /api/batches?page=1&limit=5 - ::1
Executing (default): SELECT count(*) AS "count" FROM "batches" AS "Batch";
Executing (default): SELECT "Batch".*, "client"."id" AS "client.id", "client"."firstname" AS "client.firstname", "client"."lastname" AS "client.lastname", "price"."id" AS "price.id", "price"."date" AS "price.date", "price"."milling_price_per_kg" AS "price.milling_price_per_kg", "price"."oil_client_selling_price_per_kg" AS "price.oil_client_selling_price_per_kg", "price"."oil_export_selling_price_per_kg" AS "price.oil_export_selling_price_per_kg", "price"."olive_buying_price_per_kg" AS "price.olive_buying_price_per_kg", "price"."empty_bidon_price" AS "price.empty_bidon_price", "price"."createdAt" AS "price.createdAt", "price"."updatedAt" AS "price.updatedAt", "pressingRoom"."id" AS "pressingRoom.id", "pressingRoom"."name" AS "pressingRoom.name", "oilBatches"."id" AS "oilBatches.id", "oilBatches"."weight" AS "oilBatches.weight", "oilBatches"."residue" AS "oilBatches.residue", "oilBatches"."batchId" AS "oilBatches.batchId", "oilBatches"."pressing_sessionId" AS "oilBatches.pressing_sessionId", "oilBatches"."createdAt" AS "oilBatches.createdAt", "oilBatches"."updatedAt" AS "oilBatches.updatedAt", "batchLoadings"."id" AS "batchLoadings.id", "batchLoadings"."batchId" AS "batchLoadings.batchId", "batchLoadings"."pressingSessionId" AS "batchLoadings.pressingSessionId", "batchLoadings"."pressingRoomId" AS "batchLoadings.pressingRoomId", "batchLoadings"."operatorId" AS "batchLoadings.operatorId", "batchLoadings"."boxesLoaded" AS "batchLoadings.boxesLoaded", "batchLoadings"."loadedAt" AS "batchLoadings.loadedAt", "batchLoadings"."notes" AS "batchLoadings.notes", "batchLoadings"."createdAt" AS "batchLoadings.createdAt", "batchLoadings"."updatedAt" AS "batchLoadings.updatedAt", "batchLoadings->pressingRoom"."id" AS "batchLoadings.pressingRoom.id", "batchLoadings->pressingRoom"."name" AS "batchLoadings.pressingRoom.name", "batchLoadings->operator"."id" AS "batchLoadings.operator.id", "batchLoadings->operator"."firstname" AS "batchLoadings.operator.firstname", "batchLoadings->operator"."lastname" AS "batchLoadings.operator.lastname", "batchLoadings->operator"."email" AS "batchLoadings.operator.email" FROM (SELECT "Batch"."id", "Batch"."clientId", "Batch"."priceId", "Batch"."date_received", "Batch"."weight_in", "Batch"."weight_out", "Batch"."net_weight", "Batch"."number_of_boxes", "Batch"."status", "Batch"."operation_type", "Batch"."pressing_room_id", "Batch"."session_start_time", "Batch"."estimated_time", "Batch"."ticket_number", "Batch"."bidons_brought", "Batch"."number_of_bidons", "Batch"."boxes_loaded_to_pressing", "Batch"."boxes_committed_to_queue", "Batch"."taux", "Batch"."createdAt", "Batch"."updatedAt" FROM "batches" AS "Batch" ORDER BY "Batch"."date_received" DESC LIMIT 5 OFFSET 0) AS "Batch" LEFT OUTER JOIN "clients" AS "client" ON "Batch"."clientId" = "client"."id" LEFT OUTER JOIN "prices" AS "price" ON "Batch"."priceId" = "price"."id" LEFT OUTER JOIN "pressing_rooms" AS "pressingRoom" ON "Batch"."pressing_room_id" = "pressingRoom"."id" LEFT OUTER JOIN "oil_batches" AS "oilBatches" ON "Batch"."id" = "oilBatches"."batchId" LEFT OUTER JOIN "batch_loadings" AS "batchLoadings" ON "Batch"."id" = "batchLoadings"."batchId" LEFT OUTER JOIN "pressing_rooms" AS "batchLoadings->pressingRoom" ON "batchLoadings"."pressingRoomId" = "batchLoadings->pressingRoom"."id" LEFT OUTER JOIN "users" AS "batchLoadings->operator" ON "batchLoadings"."operatorId" = "batchLoadings->operator"."id" ORDER BY "Batch"."date_received" DESC;
[2025-11-03T18:28:39.703Z] GET /api/auth/me - ::1
Executing (default): SELECT "id", "email", "role", "firstname", "lastname", "createdAt", "updatedAt" FROM "users" AS "User" WHERE "User"."id" = 1;
[2025-11-03T18:28:40.089Z] GET /api/clients - ::1
Executing (default): SELECT count("Client"."id") AS "count" FROM "clients" AS "Client" LEFT OUTER JOIN "batches" AS "batches" ON "Client"."id" = "batches"."clientId";
Executing (default): SELECT "Client".*, "batches"."id" AS "batches.id", "batches"."date_received" AS "batches.date_received", "batches"."status" AS "batches.status" FROM (SELECT "Client"."id", "Client"."firstname", "Client"."lastname", "Client"."phone", "Client"."address", "Client"."createdAt", "Client"."updatedAt" FROM "clients" AS "Client" ORDER BY "Client"."createdAt" DESC LIMIT 10 OFFSET 0) AS "Client" LEFT OUTER JOIN "batches" AS "batches" ON "Client"."id" = "batches"."clientId" ORDER BY "Client"."createdAt" DESC;
[2025-11-03T18:28:40.118Z] GET /api/batches?page=1&limit=5 - ::1
[2025-11-03T18:28:40.119Z] GET /api/prices?latest=true - ::1
Executing (default): SELECT count(*) AS "count" FROM "batches" AS "Batch";
[2025-11-03T18:28:40.121Z] GET /api/batches/next-ticket-number?date=2025-11-03 - ::1
Executing (default): SELECT "Batch".*, "client"."id" AS "client.id", "client"."firstname" AS "client.firstname", "client"."lastname" AS "client.lastname", "price"."id" AS "price.id", "price"."date" AS "price.date", "price"."milling_price_per_kg" AS "price.milling_price_per_kg", "price"."oil_client_selling_price_per_kg" AS "price.oil_client_selling_price_per_kg", "price"."oil_export_selling_price_per_kg" AS "price.oil_export_selling_price_per_kg", "price"."olive_buying_price_per_kg" AS "price.olive_buying_price_per_kg", "price"."empty_bidon_price" AS "price.empty_bidon_price", "price"."createdAt" AS "price.createdAt", "price"."updatedAt" AS "price.updatedAt", "pressingRoom"."id" AS "pressingRoom.id", "pressingRoom"."name" AS "pressingRoom.name", "oilBatches"."id" AS "oilBatches.id", "oilBatches"."weight" AS "oilBatches.weight", "oilBatches"."residue" AS "oilBatches.residue", "oilBatches"."batchId" AS "oilBatches.batchId", "oilBatches"."pressing_sessionId" AS "oilBatches.pressing_sessionId", "oilBatches"."createdAt" AS "oilBatches.createdAt", "oilBatches"."updatedAt" AS "oilBatches.updatedAt", "batchLoadings"."id" AS "batchLoadings.id", "batchLoadings"."batchId" AS "batchLoadings.batchId", "batchLoadings"."pressingSessionId" AS "batchLoadings.pressingSessionId", "batchLoadings"."pressingRoomId" AS "batchLoadings.pressingRoomId", "batchLoadings"."operatorId" AS "batchLoadings.operatorId", "batchLoadings"."boxesLoaded" AS "batchLoadings.boxesLoaded", "batchLoadings"."loadedAt" AS "batchLoadings.loadedAt", "batchLoadings"."notes" AS "batchLoadings.notes", "batchLoadings"."createdAt" AS "batchLoadings.createdAt", "batchLoadings"."updatedAt" AS "batchLoadings.updatedAt", "batchLoadings->pressingRoom"."id" AS "batchLoadings.pressingRoom.id", "batchLoadings->pressingRoom"."name" AS "batchLoadings.pressingRoom.name", "batchLoadings->operator"."id" AS "batchLoadings.operator.id", "batchLoadings->operator"."firstname" AS "batchLoadings.operator.firstname", "batchLoadings->operator"."lastname" AS "batchLoadings.operator.lastname", "batchLoadings->operator"."email" AS "batchLoadings.operator.email" FROM (SELECT "Batch"."id", "Batch"."clientId", "Batch"."priceId", "Batch"."date_received", "Batch"."weight_in", "Batch"."weight_out", "Batch"."net_weight", "Batch"."number_of_boxes", "Batch"."status", "Batch"."operation_type", "Batch"."pressing_room_id", "Batch"."session_start_time", "Batch"."estimated_time", "Batch"."ticket_number", "Batch"."bidons_brought", "Batch"."number_of_bidons", "Batch"."boxes_loaded_to_pressing", "Batch"."boxes_committed_to_queue", "Batch"."taux", "Batch"."createdAt", "Batch"."updatedAt" FROM "batches" AS "Batch" ORDER BY "Batch"."date_received" DESC LIMIT 5 OFFSET 0) AS "Batch" LEFT OUTER JOIN "clients" AS "client" ON "Batch"."clientId" = "client"."id" LEFT OUTER JOIN "prices" AS "price" ON "Batch"."priceId" = "price"."id" LEFT OUTER JOIN "pressing_rooms" AS "pressingRoom" ON "Batch"."pressing_room_id" = "pressingRoom"."id" LEFT OUTER JOIN "oil_batches" AS "oilBatches" ON "Batch"."id" = "oilBatches"."batchId" LEFT OUTER JOIN "batch_loadings" AS "batchLoadings" ON "Batch"."id" = "batchLoadings"."batchId" LEFT OUTER JOIN "pressing_rooms" AS "batchLoadings->pressingRoom" ON "batchLoadings"."pressingRoomId" = "batchLoadings->pressingRoom"."id" LEFT OUTER JOIN "users" AS "batchLoadings->operator" ON "batchLoadings"."operatorId" = "batchLoadings->operator"."id" ORDER BY "Batch"."date_received" DESC;
Executing (default): SELECT "ticket_number" FROM "batches" AS "Batch" WHERE ("Batch"."date_received" >= '2025-11-02 23:00:00.000 +00:00' AND "Batch"."date_received" <= '2025-11-03 22:59:59.999 +00:00') ORDER BY "Batch"."date_received" DESC;
Executing (default): SELECT "id", "date", "milling_price_per_kg", "oil_client_selling_price_per_kg", "oil_export_selling_price_per_kg", "olive_buying_price_per_kg", "empty_bidon_price", "createdAt", "updatedAt" FROM "prices" AS "Price" ORDER BY "Price"."createdAt" DESC LIMIT 1;
[2025-11-03T18:28:48.346Z] GET /api/auth/me - ::1
Executing (default): SELECT "id", "email", "role", "firstname", "lastname", "createdAt", "updatedAt" FROM "users" AS "User" WHERE "User"."id" = 1;
[2025-11-03T18:28:48.670Z] GET /api/prices?latest=true - ::1
Executing (default): SELECT "id", "date", "milling_price_per_kg", "oil_client_selling_price_per_kg", "oil_export_selling_price_per_kg", "olive_buying_price_per_kg", "empty_bidon_price", "createdAt", "updatedAt" FROM "prices" AS "Price" ORDER BY "Price"."createdAt" DESC LIMIT 1;
[2025-11-03T18:28:48.673Z] GET /api/batches?page=1&limit=5 - ::1
[2025-11-03T18:28:48.674Z] GET /api/clients - ::1
[2025-11-03T18:28:48.674Z] GET /api/batches/next-ticket-number?date=2025-11-03 - ::1
Executing (default): SELECT count(*) AS "count" FROM "batches" AS "Batch";
Executing (default): SELECT count("Client"."id") AS "count" FROM "clients" AS "Client" LEFT OUTER JOIN "batches" AS "batches" ON "Client"."id" = "batches"."clientId";
Executing (default): SELECT "Client".*, "batches"."id" AS "batches.id", "batches"."date_received" AS "batches.date_received", "batches"."status" AS "batches.status" FROM (SELECT "Client"."id", "Client"."firstname", "Client"."lastname", "Client"."phone", "Client"."address", "Client"."createdAt", "Client"."updatedAt" FROM "clients" AS "Client" ORDER BY "Client"."createdAt" DESC LIMIT 10 OFFSET 0) AS "Client" LEFT OUTER JOIN "batches" AS "batches" ON "Client"."id" = "batches"."clientId" ORDER BY "Client"."createdAt" DESC;
Executing (default): SELECT "ticket_number" FROM "batches" AS "Batch" WHERE ("Batch"."date_received" >= '2025-11-02 23:00:00.000 +00:00' AND "Batch"."date_received" <= '2025-11-03 22:59:59.999 +00:00') ORDER BY "Batch"."date_received" DESC;
Executing (default): SELECT "Batch".*, "client"."id" AS "client.id", "client"."firstname" AS "client.firstname", "client"."lastname" AS "client.lastname", "price"."id" AS "price.id", "price"."date" AS "price.date", "price"."milling_price_per_kg" AS "price.milling_price_per_kg", "price"."oil_client_selling_price_per_kg" AS "price.oil_client_selling_price_per_kg", "price"."oil_export_selling_price_per_kg" AS "price.oil_export_selling_price_per_kg", "price"."olive_buying_price_per_kg" AS "price.olive_buying_price_per_kg", "price"."empty_bidon_price" AS "price.empty_bidon_price", "price"."createdAt" AS "price.createdAt", "price"."updatedAt" AS "price.updatedAt", "pressingRoom"."id" AS "pressingRoom.id", "pressingRoom"."name" AS "pressingRoom.name", "oilBatches"."id" AS "oilBatches.id", "oilBatches"."weight" AS "oilBatches.weight", "oilBatches"."residue" AS "oilBatches.residue", "oilBatches"."batchId" AS "oilBatches.batchId", "oilBatches"."pressing_sessionId" AS "oilBatches.pressing_sessionId", "oilBatches"."createdAt" AS "oilBatches.createdAt", "oilBatches"."updatedAt" AS "oilBatches.updatedAt", "batchLoadings"."id" AS "batchLoadings.id", "batchLoadings"."batchId" AS "batchLoadings.batchId", "batchLoadings"."pressingSessionId" AS "batchLoadings.pressingSessionId", "batchLoadings"."pressingRoomId" AS "batchLoadings.pressingRoomId", "batchLoadings"."operatorId" AS "batchLoadings.operatorId", "batchLoadings"."boxesLoaded" AS "batchLoadings.boxesLoaded", "batchLoadings"."loadedAt" AS "batchLoadings.loadedAt", "batchLoadings"."notes" AS "batchLoadings.notes", "batchLoadings"."createdAt" AS "batchLoadings.createdAt", "batchLoadings"."updatedAt" AS "batchLoadings.updatedAt", "batchLoadings->pressingRoom"."id" AS "batchLoadings.pressingRoom.id", "batchLoadings->pressingRoom"."name" AS "batchLoadings.pressingRoom.name", "batchLoadings->operator"."id" AS "batchLoadings.operator.id", "batchLoadings->operator"."firstname" AS "batchLoadings.operator.firstname", "batchLoadings->operator"."lastname" AS "batchLoadings.operator.lastname", "batchLoadings->operator"."email" AS "batchLoadings.operator.email" FROM (SELECT "Batch"."id", "Batch"."clientId", "Batch"."priceId", "Batch"."date_received", "Batch"."weight_in", "Batch"."weight_out", "Batch"."net_weight", "Batch"."number_of_boxes", "Batch"."status", "Batch"."operation_type", "Batch"."pressing_room_id", "Batch"."session_start_time", "Batch"."estimated_time", "Batch"."ticket_number", "Batch"."bidons_brought", "Batch"."number_of_bidons", "Batch"."boxes_loaded_to_pressing", "Batch"."boxes_committed_to_queue", "Batch"."taux", "Batch"."createdAt", "Batch"."updatedAt" FROM "batches" AS "Batch" ORDER BY "Batch"."date_received" DESC LIMIT 5 OFFSET 0) AS "Batch" LEFT OUTER JOIN "clients" AS "client" ON "Batch"."clientId" = "client"."id" LEFT OUTER JOIN "prices" AS "price" ON "Batch"."priceId" = "price"."id" LEFT OUTER JOIN "pressing_rooms" AS "pressingRoom" ON "Batch"."pressing_room_id" = "pressingRoom"."id" LEFT OUTER JOIN "oil_batches" AS "oilBatches" ON "Batch"."id" = "oilBatches"."batchId" LEFT OUTER JOIN "batch_loadings" AS "batchLoadings" ON "Batch"."id" = "batchLoadings"."batchId" LEFT OUTER JOIN "pressing_rooms" AS "batchLoadings->pressingRoom" ON "batchLoadings"."pressingRoomId" = "batchLoadings->pressingRoom"."id" LEFT OUTER JOIN "users" AS "batchLoadings->operator" ON "batchLoadings"."operatorId" = "batchLoadings->operator"."id" ORDER BY "Batch"."date_received" DESC;
[2025-11-03T18:28:53.163Z] GET /api/pressing-rooms/combined-display-data - ::1
Executing (default): SELECT "id", "name", "capacity", "createdAt", "updatedAt" FROM "pressing_rooms" AS "PressingRoom" ORDER BY "PressingRoom"."id" ASC;
Executing (default): SELECT "PressingSession"."id", "PressingSession"."start", "PressingSession"."finish", "PressingSession"."number_of_boxes", "PressingSession"."pressing_roomID", "PressingSession"."batch_id", "PressingSession"."status", "PressingSession"."oil_bidons_produced", "PressingSession"."createdAt", "PressingSession"."updatedAt", "batch"."id" AS "batch.id", "batch"."clientId" AS "batch.clientId", "batch"."priceId" AS "batch.priceId", "batch"."date_received" AS "batch.date_received", "batch"."weight_in" AS "batch.weight_in", "batch"."weight_out" AS "batch.weight_out", "batch"."net_weight" AS "batch.net_weight", "batch"."number_of_boxes" AS "batch.number_of_boxes", "batch"."status" AS "batch.status", "batch"."operation_type" AS "batch.operation_type", "batch"."pressing_room_id" AS "batch.pressing_room_id", "batch"."session_start_time" AS "batch.session_start_time", "batch"."estimated_time" AS "batch.estimated_time", "batch"."ticket_number" AS "batch.ticket_number", "batch"."bidons_brought" AS "batch.bidons_brought", "batch"."number_of_bidons" AS "batch.number_of_bidons", "batch"."boxes_loaded_to_pressing" AS "batch.boxes_loaded_to_pressing", "batch"."boxes_committed_to_queue" AS "batch.boxes_committed_to_queue", "batch"."taux" AS "batch.taux", "batch"."createdAt" AS "batch.createdAt", "batch"."updatedAt" AS "batch.updatedAt", "batch->client"."id" AS "batch.client.id", "batch->client"."firstname" AS "batch.client.firstname", "batch->client"."lastname" AS "batch.client.lastname" FROM "pressing_sessions" AS "PressingSession" LEFT OUTER JOIN "batches" AS "batch" ON "PressingSession"."batch_id" = "batch"."id" LEFT OUTER JOIN "clients" AS "batch->client" ON "batch"."clientId" = "batch->client"."id" WHERE "PressingSession"."finish" IS NULL AND "PressingSession"."status" = 'active';
Executing (default): SELECT "PressingQueue"."id", "PressingQueue"."batch_id", "PressingQueue"."batch_loading_id", "PressingQueue"."number_of_boxes", "PressingQueue"."operator_id", "PressingQueue"."priority", "PressingQueue"."status", "PressingQueue"."notes", "PressingQueue"."created_at", "PressingQueue"."updated_at", "batch"."id" AS "batch.id", "batch"."clientId" AS "batch.clientId", "batch"."priceId" AS "batch.priceId", "batch"."date_received" AS "batch.date_received", "batch"."weight_in" AS "batch.weight_in", "batch"."weight_out" AS "batch.weight_out", "batch"."net_weight" AS "batch.net_weight", "batch"."number_of_boxes" AS "batch.number_of_boxes", "batch"."status" AS "batch.status", "batch"."operation_type" AS "batch.operation_type", "batch"."pressing_room_id" AS "batch.pressing_room_id", "batch"."session_start_time" AS "batch.session_start_time", "batch"."estimated_time" AS "batch.estimated_time", "batch"."ticket_number" AS "batch.ticket_number", "batch"."bidons_brought" AS "batch.bidons_brought", "batch"."number_of_bidons" AS "batch.number_of_bidons", "batch"."boxes_loaded_to_pressing" AS "batch.boxes_loaded_to_pressing", "batch"."boxes_committed_to_queue" AS "batch.boxes_committed_to_queue", "batch"."taux" AS "batch.taux", "batch"."createdAt" AS "batch.createdAt", "batch"."updatedAt" AS "batch.updatedAt", "batch->client"."id" AS "batch.client.id", "batch->client"."firstname" AS "batch.client.firstname", "batch->client"."lastname" AS "batch.client.lastname", "batchLoading"."id" AS "batchLoading.id", "batchLoading"."batchId" AS "batchLoading.batchId", "batchLoading"."pressingSessionId" AS "batchLoading.pressingSessionId", "batchLoading"."pressingRoomId" AS "batchLoading.pressingRoomId", "batchLoading"."operatorId" AS "batchLoading.operatorId", "batchLoading"."boxesLoaded" AS "batchLoading.boxesLoaded", "batchLoading"."loadedAt" AS "batchLoading.loadedAt", "batchLoading"."notes" AS "batchLoading.notes", "batchLoading"."createdAt" AS "batchLoading.createdAt", "batchLoading"."updatedAt" AS "batchLoading.updatedAt", "batchLoading->batch"."id" AS "batchLoading.batch.id", "batchLoading->batch"."clientId" AS "batchLoading.batch.clientId", "batchLoading->batch"."priceId" AS "batchLoading.batch.priceId", "batchLoading->batch"."date_received" AS "batchLoading.batch.date_received", "batchLoading->batch"."weight_in" AS "batchLoading.batch.weight_in", "batchLoading->batch"."weight_out" AS "batchLoading.batch.weight_out", "batchLoading->batch"."net_weight" AS "batchLoading.batch.net_weight", "batchLoading->batch"."number_of_boxes" AS "batchLoading.batch.number_of_boxes", "batchLoading->batch"."status" AS "batchLoading.batch.status", "batchLoading->batch"."operation_type" AS "batchLoading.batch.operation_type", "batchLoading->batch"."pressing_room_id" AS "batchLoading.batch.pressing_room_id", "batchLoading->batch"."session_start_time" AS "batchLoading.batch.session_start_time", "batchLoading->batch"."estimated_time" AS "batchLoading.batch.estimated_time", "batchLoading->batch"."ticket_number" AS "batchLoading.batch.ticket_number", "batchLoading->batch"."bidons_brought" AS "batchLoading.batch.bidons_brought", "batchLoading->batch"."number_of_bidons" AS "batchLoading.batch.number_of_bidons", "batchLoading->batch"."boxes_loaded_to_pressing" AS "batchLoading.batch.boxes_loaded_to_pressing", "batchLoading->batch"."boxes_committed_to_queue" AS "batchLoading.batch.boxes_committed_to_queue", "batchLoading->batch"."taux" AS "batchLoading.batch.taux", "batchLoading->batch"."createdAt" AS "batchLoading.batch.createdAt", "batchLoading->batch"."updatedAt" AS "batchLoading.batch.updatedAt", "batchLoading->batch->client"."id" AS "batchLoading.batch.client.id", "batchLoading->batch->client"."firstname" AS "batchLoading.batch.client.firstname", "batchLoading->batch->client"."lastname" AS "batchLoading.batch.client.lastname", "operator"."id" AS "operator.id", "operator"."firstname" AS "operator.firstname", "operator"."lastname" AS "operator.lastname" FROM "pressing_queue" AS "PressingQueue" LEFT OUTER JOIN "batches" AS "batch" ON "PressingQueue"."batch_id" = "batch"."id" LEFT OUTER JOIN "clients" AS "batch->client" ON "batch"."clientId" = "batch->client"."id" LEFT OUTER JOIN "batch_loadings" AS "batchLoading" ON "PressingQueue"."batch_loading_id" = "batchLoading"."id" LEFT OUTER JOIN "batches" AS "batchLoading->batch" ON "batchLoading"."batchId" = "batchLoading->batch"."id" LEFT OUTER JOIN "clients" AS "batchLoading->batch->client" ON "batchLoading->batch"."clientId" = "batchLoading->batch->client"."id" LEFT OUTER JOIN "users" AS "operator" ON "PressingQueue"."operator_id" = "operator"."id" WHERE "PressingQueue"."status" = 'queued' ORDER BY "PressingQueue"."priority" DESC, "PressingQueue"."created_at" ASC;
[2025-11-03T18:29:03.203Z] GET /api/pressing-rooms/combined-display-data - ::1
Executing (default): SELECT "id", "name", "capacity", "createdAt", "updatedAt" FROM "pressing_rooms" AS "PressingRoom" ORDER BY "PressingRoom"."id" ASC;
Executing (default): SELECT "PressingSession"."id", "PressingSession"."start", "PressingSession"."finish", "PressingSession"."number_of_boxes", "PressingSession"."pressing_roomID", "PressingSession"."batch_id", "PressingSession"."status", "PressingSession"."oil_bidons_produced", "PressingSession"."createdAt", "PressingSession"."updatedAt", "batch"."id" AS "batch.id", "batch"."clientId" AS "batch.clientId", "batch"."priceId" AS "batch.priceId", "batch"."date_received" AS "batch.date_received", "batch"."weight_in" AS "batch.weight_in", "batch"."weight_out" AS "batch.weight_out", "batch"."net_weight" AS "batch.net_weight", "batch"."number_of_boxes" AS "batch.number_of_boxes", "batch"."status" AS "batch.status", "batch"."operation_type" AS "batch.operation_type", "batch"."pressing_room_id" AS "batch.pressing_room_id", "batch"."session_start_time" AS "batch.session_start_time", "batch"."estimated_time" AS "batch.estimated_time", "batch"."ticket_number" AS "batch.ticket_number", "batch"."bidons_brought" AS "batch.bidons_brought", "batch"."number_of_bidons" AS "batch.number_of_bidons", "batch"."boxes_loaded_to_pressing" AS "batch.boxes_loaded_to_pressing", "batch"."boxes_committed_to_queue" AS "batch.boxes_committed_to_queue", "batch"."taux" AS "batch.taux", "batch"."createdAt" AS "batch.createdAt", "batch"."updatedAt" AS "batch.updatedAt", "batch->client"."id" AS "batch.client.id", "batch->client"."firstname" AS "batch.client.firstname", "batch->client"."lastname" AS "batch.client.lastname" FROM "pressing_sessions" AS "PressingSession" LEFT OUTER JOIN "batches" AS "batch" ON "PressingSession"."batch_id" = "batch"."id" LEFT OUTER JOIN "clients" AS "batch->client" ON "batch"."clientId" = "batch->client"."id" WHERE "PressingSession"."finish" IS NULL AND "PressingSession"."status" = 'active';
Executing (default): SELECT "PressingQueue"."id", "PressingQueue"."batch_id", "PressingQueue"."batch_loading_id", "PressingQueue"."number_of_boxes", "PressingQueue"."operator_id", "PressingQueue"."priority", "PressingQueue"."status", "PressingQueue"."notes", "PressingQueue"."created_at", "PressingQueue"."updated_at", "batch"."id" AS "batch.id", "batch"."clientId" AS "batch.clientId", "batch"."priceId" AS "batch.priceId", "batch"."date_received" AS "batch.date_received", "batch"."weight_in" AS "batch.weight_in", "batch"."weight_out" AS "batch.weight_out", "batch"."net_weight" AS "batch.net_weight", "batch"."number_of_boxes" AS "batch.number_of_boxes", "batch"."status" AS "batch.status", "batch"."operation_type" AS "batch.operation_type", "batch"."pressing_room_id" AS "batch.pressing_room_id", "batch"."session_start_time" AS "batch.session_start_time", "batch"."estimated_time" AS "batch.estimated_time", "batch"."ticket_number" AS "batch.ticket_number", "batch"."bidons_brought" AS "batch.bidons_brought", "batch"."number_of_bidons" AS "batch.number_of_bidons", "batch"."boxes_loaded_to_pressing" AS "batch.boxes_loaded_to_pressing", "batch"."boxes_committed_to_queue" AS "batch.boxes_committed_to_queue", "batch"."taux" AS "batch.taux", "batch"."createdAt" AS "batch.createdAt", "batch"."updatedAt" AS "batch.updatedAt", "batch->client"."id" AS "batch.client.id", "batch->client"."firstname" AS "batch.client.firstname", "batch->client"."lastname" AS "batch.client.lastname", "batchLoading"."id" AS "batchLoading.id", "batchLoading"."batchId" AS "batchLoading.batchId", "batchLoading"."pressingSessionId" AS "batchLoading.pressingSessionId", "batchLoading"."pressingRoomId" AS "batchLoading.pressingRoomId", "batchLoading"."operatorId" AS "batchLoading.operatorId", "batchLoading"."boxesLoaded" AS "batchLoading.boxesLoaded", "batchLoading"."loadedAt" AS "batchLoading.loadedAt", "batchLoading"."notes" AS "batchLoading.notes", "batchLoading"."createdAt" AS "batchLoading.createdAt", "batchLoading"."updatedAt" AS "batchLoading.updatedAt", "batchLoading->batch"."id" AS "batchLoading.batch.id", "batchLoading->batch"."clientId" AS "batchLoading.batch.clientId", "batchLoading->batch"."priceId" AS "batchLoading.batch.priceId", "batchLoading->batch"."date_received" AS "batchLoading.batch.date_received", "batchLoading->batch"."weight_in" AS "batchLoading.batch.weight_in", "batchLoading->batch"."weight_out" AS "batchLoading.batch.weight_out", "batchLoading->batch"."net_weight" AS "batchLoading.batch.net_weight", "batchLoading->batch"."number_of_boxes" AS "batchLoading.batch.number_of_boxes", "batchLoading->batch"."status" AS "batchLoading.batch.status", "batchLoading->batch"."operation_type" AS "batchLoading.batch.operation_type", "batchLoading->batch"."pressing_room_id" AS "batchLoading.batch.pressing_room_id", "batchLoading->batch"."session_start_time" AS "batchLoading.batch.session_start_time", "batchLoading->batch"."estimated_time" AS "batchLoading.batch.estimated_time", "batchLoading->batch"."ticket_number" AS "batchLoading.batch.ticket_number", "batchLoading->batch"."bidons_brought" AS "batchLoading.batch.bidons_brought", "batchLoading->batch"."number_of_bidons" AS "batchLoading.batch.number_of_bidons", "batchLoading->batch"."boxes_loaded_to_pressing" AS "batchLoading.batch.boxes_loaded_to_pressing", "batchLoading->batch"."boxes_committed_to_queue" AS "batchLoading.batch.boxes_committed_to_queue", "batchLoading->batch"."taux" AS "batchLoading.batch.taux", "batchLoading->batch"."createdAt" AS "batchLoading.batch.createdAt", "batchLoading->batch"."updatedAt" AS "batchLoading.batch.updatedAt", "batchLoading->batch->client"."id" AS "batchLoading.batch.client.id", "batchLoading->batch->client"."firstname" AS "batchLoading.batch.client.firstname", "batchLoading->batch->client"."lastname" AS "batchLoading.batch.client.lastname", "operator"."id" AS "operator.id", "operator"."firstname" AS "operator.firstname", "operator"."lastname" AS "operator.lastname" FROM "pressing_queue" AS "PressingQueue" LEFT OUTER JOIN "batches" AS "batch" ON "PressingQueue"."batch_id" = "batch"."id" LEFT OUTER JOIN "clients" AS "batch->client" ON "batch"."clientId" = "batch->client"."id" LEFT OUTER JOIN "batch_loadings" AS "batchLoading" ON "PressingQueue"."batch_loading_id" = "batchLoading"."id" LEFT OUTER JOIN "batches" AS "batchLoading->batch" ON "batchLoading"."batchId" = "batchLoading->batch"."id" LEFT OUTER JOIN "clients" AS "batchLoading->batch->client" ON "batchLoading->batch"."clientId" = "batchLoading->batch->client"."id" LEFT OUTER JOIN "users" AS "operator" ON "PressingQueue"."operator_id" = "operator"."id" WHERE "PressingQueue"."status" = 'queued' ORDER BY "PressingQueue"."priority" DESC, "PressingQueue"."created_at" ASC;
[2025-11-03T18:29:03.823Z] GET /api/batches/next-ticket-number?date=2025-11-03 - ::1
Executing (default): SELECT "ticket_number" FROM "batches" AS "Batch" WHERE ("Batch"."date_received" >= '2025-11-02 23:00:00.000 +00:00' AND "Batch"."date_received" <= '2025-11-03 22:59:59.999 +00:00') ORDER BY "Batch"."date_received" DESC;
[2025-11-03T18:29:03.891Z] GET /api/clients - ::1
Executing (default): SELECT count("Client"."id") AS "count" FROM "clients" AS "Client" LEFT OUTER JOIN "batches" AS "batches" ON "Client"."id" = "batches"."clientId";
[2025-11-03T18:29:03.895Z] GET /api/prices?latest=true - ::1
[2025-11-03T18:29:03.895Z] GET /api/batches?page=1&limit=5 - ::1
Executing (default): SELECT "Client".*, "batches"."id" AS "batches.id", "batches"."date_received" AS "batches.date_received", "batches"."status" AS "batches.status" FROM (SELECT "Client"."id", "Client"."firstname", "Client"."lastname", "Client"."phone", "Client"."address", "Client"."createdAt", "Client"."updatedAt" FROM "clients" AS "Client" ORDER BY "Client"."createdAt" DESC LIMIT 10 OFFSET 0) AS "Client" LEFT OUTER JOIN "batches" AS "batches" ON "Client"."id" = "batches"."clientId" ORDER BY "Client"."createdAt" DESC;
Executing (default): SELECT count(*) AS "count" FROM "batches" AS "Batch";
Executing (default): SELECT "Batch".*, "client"."id" AS "client.id", "client"."firstname" AS "client.firstname", "client"."lastname" AS "client.lastname", "price"."id" AS "price.id", "price"."date" AS "price.date", "price"."milling_price_per_kg" AS "price.milling_price_per_kg", "price"."oil_client_selling_price_per_kg" AS "price.oil_client_selling_price_per_kg", "price"."oil_export_selling_price_per_kg" AS "price.oil_export_selling_price_per_kg", "price"."olive_buying_price_per_kg" AS "price.olive_buying_price_per_kg", "price"."empty_bidon_price" AS "price.empty_bidon_price", "price"."createdAt" AS "price.createdAt", "price"."updatedAt" AS "price.updatedAt", "pressingRoom"."id" AS "pressingRoom.id", "pressingRoom"."name" AS "pressingRoom.name", "oilBatches"."id" AS "oilBatches.id", "oilBatches"."weight" AS "oilBatches.weight", "oilBatches"."residue" AS "oilBatches.residue", "oilBatches"."batchId" AS "oilBatches.batchId", "oilBatches"."pressing_sessionId" AS "oilBatches.pressing_sessionId", "oilBatches"."createdAt" AS "oilBatches.createdAt", "oilBatches"."updatedAt" AS "oilBatches.updatedAt", "batchLoadings"."id" AS "batchLoadings.id", "batchLoadings"."batchId" AS "batchLoadings.batchId", "batchLoadings"."pressingSessionId" AS "batchLoadings.pressingSessionId", "batchLoadings"."pressingRoomId" AS "batchLoadings.pressingRoomId", "batchLoadings"."operatorId" AS "batchLoadings.operatorId", "batchLoadings"."boxesLoaded" AS "batchLoadings.boxesLoaded", "batchLoadings"."loadedAt" AS "batchLoadings.loadedAt", "batchLoadings"."notes" AS "batchLoadings.notes", "batchLoadings"."createdAt" AS "batchLoadings.createdAt", "batchLoadings"."updatedAt" AS "batchLoadings.updatedAt", "batchLoadings->pressingRoom"."id" AS "batchLoadings.pressingRoom.id", "batchLoadings->pressingRoom"."name" AS "batchLoadings.pressingRoom.name", "batchLoadings->operator"."id" AS "batchLoadings.operator.id", "batchLoadings->operator"."firstname" AS "batchLoadings.operator.firstname", "batchLoadings->operator"."lastname" AS "batchLoadings.operator.lastname", "batchLoadings->operator"."email" AS "batchLoadings.operator.email" FROM (SELECT "Batch"."id", "Batch"."clientId", "Batch"."priceId", "Batch"."date_received", "Batch"."weight_in", "Batch"."weight_out", "Batch"."net_weight", "Batch"."number_of_boxes", "Batch"."status", "Batch"."operation_type", "Batch"."pressing_room_id", "Batch"."session_start_time", "Batch"."estimated_time", "Batch"."ticket_number", "Batch"."bidons_brought", "Batch"."number_of_bidons", "Batch"."boxes_loaded_to_pressing", "Batch"."boxes_committed_to_queue", "Batch"."taux", "Batch"."createdAt", "Batch"."updatedAt" FROM "batches" AS "Batch" ORDER BY "Batch"."date_received" DESC LIMIT 5 OFFSET 0) AS "Batch" LEFT OUTER JOIN "clients" AS "client" ON "Batch"."clientId" = "client"."id" LEFT OUTER JOIN "prices" AS "price" ON "Batch"."priceId" = "price"."id" LEFT OUTER JOIN "pressing_rooms" AS "pressingRoom" ON "Batch"."pressing_room_id" = "pressingRoom"."id" LEFT OUTER JOIN "oil_batches" AS "oilBatches" ON "Batch"."id" = "oilBatches"."batchId" LEFT OUTER JOIN "batch_loadings" AS "batchLoadings" ON "Batch"."id" = "batchLoadings"."batchId" LEFT OUTER JOIN "pressing_rooms" AS "batchLoadings->pressingRoom" ON "batchLoadings"."pressingRoomId" = "batchLoadings->pressingRoom"."id" LEFT OUTER JOIN "users" AS "batchLoadings->operator" ON "batchLoadings"."operatorId" = "batchLoadings->operator"."id" ORDER BY "Batch"."date_received" DESC;
Executing (default): SELECT "id", "date", "milling_price_per_kg", "oil_client_selling_price_per_kg", "oil_export_selling_price_per_kg", "olive_buying_price_per_kg", "empty_bidon_price", "createdAt", "updatedAt" FROM "prices" AS "Price" ORDER BY "Price"."createdAt" DESC LIMIT 1;
[2025-11-03T18:29:18.981Z] GET /api/auth/me - ::1
Executing (default): SELECT "id", "email", "role", "firstname", "lastname", "createdAt", "updatedAt" FROM "users" AS "User" WHERE "User"."id" = 1;
[2025-11-03T18:29:19.620Z] GET /api/batches/next-ticket-number?date=2025-11-03 - ::1
Executing (default): SELECT "ticket_number" FROM "batches" AS "Batch" WHERE ("Batch"."date_received" >= '2025-11-02 23:00:00.000 +00:00' AND "Batch"."date_received" <= '2025-11-03 22:59:59.999 +00:00') ORDER BY "Batch"."date_received" DESC;
[2025-11-03T18:29:19.625Z] GET /api/clients - ::1
Executing (default): SELECT count("Client"."id") AS "count" FROM "clients" AS "Client" LEFT OUTER JOIN "batches" AS "batches" ON "Client"."id" = "batches"."clientId";
Executing (default): SELECT "Client".*, "batches"."id" AS "batches.id", "batches"."date_received" AS "batches.date_received", "batches"."status" AS "batches.status" FROM (SELECT "Client"."id", "Client"."firstname", "Client"."lastname", "Client"."phone", "Client"."address", "Client"."createdAt", "Client"."updatedAt" FROM "clients" AS "Client" ORDER BY "Client"."createdAt" DESC LIMIT 10 OFFSET 0) AS "Client" LEFT OUTER JOIN "batches" AS "batches" ON "Client"."id" = "batches"."clientId" ORDER BY "Client"."createdAt" DESC;
[2025-11-03T18:29:19.640Z] GET /api/prices?latest=true - ::1
[2025-11-03T18:29:19.641Z] GET /api/batches?page=1&limit=5 - ::1
Executing (default): SELECT count(*) AS "count" FROM "batches" AS "Batch";
Executing (default): SELECT "id", "date", "milling_price_per_kg", "oil_client_selling_price_per_kg", "oil_export_selling_price_per_kg", "olive_buying_price_per_kg", "empty_bidon_price", "createdAt", "updatedAt" FROM "prices" AS "Price" ORDER BY "Price"."createdAt" DESC LIMIT 1;
Executing (default): SELECT "Batch".*, "client"."id" AS "client.id", "client"."firstname" AS "client.firstname", "client"."lastname" AS "client.lastname", "price"."id" AS "price.id", "price"."date" AS "price.date", "price"."milling_price_per_kg" AS "price.milling_price_per_kg", "price"."oil_client_selling_price_per_kg" AS "price.oil_client_selling_price_per_kg", "price"."oil_export_selling_price_per_kg" AS "price.oil_export_selling_price_per_kg", "price"."olive_buying_price_per_kg" AS "price.olive_buying_price_per_kg", "price"."empty_bidon_price" AS "price.empty_bidon_price", "price"."createdAt" AS "price.createdAt", "price"."updatedAt" AS "price.updatedAt", "pressingRoom"."id" AS "pressingRoom.id", "pressingRoom"."name" AS "pressingRoom.name", "oilBatches"."id" AS "oilBatches.id", "oilBatches"."weight" AS "oilBatches.weight", "oilBatches"."residue" AS "oilBatches.residue", "oilBatches"."batchId" AS "oilBatches.batchId", "oilBatches"."pressing_sessionId" AS "oilBatches.pressing_sessionId", "oilBatches"."createdAt" AS "oilBatches.createdAt", "oilBatches"."updatedAt" AS "oilBatches.updatedAt", "batchLoadings"."id" AS "batchLoadings.id", "batchLoadings"."batchId" AS "batchLoadings.batchId", "batchLoadings"."pressingSessionId" AS "batchLoadings.pressingSessionId", "batchLoadings"."pressingRoomId" AS "batchLoadings.pressingRoomId", "batchLoadings"."operatorId" AS "batchLoadings.operatorId", "batchLoadings"."boxesLoaded" AS "batchLoadings.boxesLoaded", "batchLoadings"."loadedAt" AS "batchLoadings.loadedAt", "batchLoadings"."notes" AS "batchLoadings.notes", "batchLoadings"."createdAt" AS "batchLoadings.createdAt", "batchLoadings"."updatedAt" AS "batchLoadings.updatedAt", "batchLoadings->pressingRoom"."id" AS "batchLoadings.pressingRoom.id", "batchLoadings->pressingRoom"."name" AS "batchLoadings.pressingRoom.name", "batchLoadings->operator"."id" AS "batchLoadings.operator.id", "batchLoadings->operator"."firstname" AS "batchLoadings.operator.firstname", "batchLoadings->operator"."lastname" AS "batchLoadings.operator.lastname", "batchLoadings->operator"."email" AS "batchLoadings.operator.email" FROM (SELECT "Batch"."id", "Batch"."clientId", "Batch"."priceId", "Batch"."date_received", "Batch"."weight_in", "Batch"."weight_out", "Batch"."net_weight", "Batch"."number_of_boxes", "Batch"."status", "Batch"."operation_type", "Batch"."pressing_room_id", "Batch"."session_start_time", "Batch"."estimated_time", "Batch"."ticket_number", "Batch"."bidons_brought", "Batch"."number_of_bidons", "Batch"."boxes_loaded_to_pressing", "Batch"."boxes_committed_to_queue", "Batch"."taux", "Batch"."createdAt", "Batch"."updatedAt" FROM "batches" AS "Batch" ORDER BY "Batch"."date_received" DESC LIMIT 5 OFFSET 0) AS "Batch" LEFT OUTER JOIN "clients" AS "client" ON "Batch"."clientId" = "client"."id" LEFT OUTER JOIN "prices" AS "price" ON "Batch"."priceId" = "price"."id" LEFT OUTER JOIN "pressing_rooms" AS "pressingRoom" ON "Batch"."pressing_room_id" = "pressingRoom"."id" LEFT OUTER JOIN "oil_batches" AS "oilBatches" ON "Batch"."id" = "oilBatches"."batchId" LEFT OUTER JOIN "batch_loadings" AS "batchLoadings" ON "Batch"."id" = "batchLoadings"."batchId" LEFT OUTER JOIN "pressing_rooms" AS "batchLoadings->pressingRoom" ON "batchLoadings"."pressingRoomId" = "batchLoadings->pressingRoom"."id" LEFT OUTER JOIN "users" AS "batchLoadings->operator" ON "batchLoadings"."operatorId" = "batchLoadings->operator"."id" ORDER BY "Batch"."date_received" DESC;
[2025-11-03T18:29:57.023Z] GET /api/auth/me - ::1
Executing (default): SELECT "id", "email", "role", "firstname", "lastname", "createdAt", "updatedAt" FROM "users" AS "User" WHERE "User"."id" = 1;
[2025-11-03T18:29:57.371Z] GET /api/clients - ::1
[2025-11-03T18:29:57.372Z] GET /api/prices?latest=true - ::1
Executing (default): SELECT count("Client"."id") AS "count" FROM "clients" AS "Client" LEFT OUTER JOIN "batches" AS "batches" ON "Client"."id" = "batches"."clientId";
[2025-11-03T18:29:57.377Z] GET /api/batches?page=1&limit=5 - ::1
Executing (default): SELECT "Client".*, "batches"."id" AS "batches.id", "batches"."date_received" AS "batches.date_received", "batches"."status" AS "batches.status" FROM (SELECT "Client"."id", "Client"."firstname", "Client"."lastname", "Client"."phone", "Client"."address", "Client"."createdAt", "Client"."updatedAt" FROM "clients" AS "Client" ORDER BY "Client"."createdAt" DESC LIMIT 10 OFFSET 0) AS "Client" LEFT OUTER JOIN "batches" AS "batches" ON "Client"."id" = "batches"."clientId" ORDER BY "Client"."createdAt" DESC;
Executing (default): SELECT "id", "date", "milling_price_per_kg", "oil_client_selling_price_per_kg", "oil_export_selling_price_per_kg", "olive_buying_price_per_kg", "empty_bidon_price", "createdAt", "updatedAt" FROM "prices" AS "Price" ORDER BY "Price"."createdAt" DESC LIMIT 1;
Executing (default): SELECT count(*) AS "count" FROM "batches" AS "Batch";
[2025-11-03T18:29:57.387Z] GET /api/batches/next-ticket-number?date=2025-11-03 - ::1
Executing (default): SELECT "Batch".*, "client"."id" AS "client.id", "client"."firstname" AS "client.firstname", "client"."lastname" AS "client.lastname", "price"."id" AS "price.id", "price"."date" AS "price.date", "price"."milling_price_per_kg" AS "price.milling_price_per_kg", "price"."oil_client_selling_price_per_kg" AS "price.oil_client_selling_price_per_kg", "price"."oil_export_selling_price_per_kg" AS "price.oil_export_selling_price_per_kg", "price"."olive_buying_price_per_kg" AS "price.olive_buying_price_per_kg", "price"."empty_bidon_price" AS "price.empty_bidon_price", "price"."createdAt" AS "price.createdAt", "price"."updatedAt" AS "price.updatedAt", "pressingRoom"."id" AS "pressingRoom.id", "pressingRoom"."name" AS "pressingRoom.name", "oilBatches"."id" AS "oilBatches.id", "oilBatches"."weight" AS "oilBatches.weight", "oilBatches"."residue" AS "oilBatches.residue", "oilBatches"."batchId" AS "oilBatches.batchId", "oilBatches"."pressing_sessionId" AS "oilBatches.pressing_sessionId", "oilBatches"."createdAt" AS "oilBatches.createdAt", "oilBatches"."updatedAt" AS "oilBatches.updatedAt", "batchLoadings"."id" AS "batchLoadings.id", "batchLoadings"."batchId" AS "batchLoadings.batchId", "batchLoadings"."pressingSessionId" AS "batchLoadings.pressingSessionId", "batchLoadings"."pressingRoomId" AS "batchLoadings.pressingRoomId", "batchLoadings"."operatorId" AS "batchLoadings.operatorId", "batchLoadings"."boxesLoaded" AS "batchLoadings.boxesLoaded", "batchLoadings"."loadedAt" AS "batchLoadings.loadedAt", "batchLoadings"."notes" AS "batchLoadings.notes", "batchLoadings"."createdAt" AS "batchLoadings.createdAt", "batchLoadings"."updatedAt" AS "batchLoadings.updatedAt", "batchLoadings->pressingRoom"."id" AS "batchLoadings.pressingRoom.id", "batchLoadings->pressingRoom"."name" AS "batchLoadings.pressingRoom.name", "batchLoadings->operator"."id" AS "batchLoadings.operator.id", "batchLoadings->operator"."firstname" AS "batchLoadings.operator.firstname", "batchLoadings->operator"."lastname" AS "batchLoadings.operator.lastname", "batchLoadings->operator"."email" AS "batchLoadings.operator.email" FROM (SELECT "Batch"."id", "Batch"."clientId", "Batch"."priceId", "Batch"."date_received", "Batch"."weight_in", "Batch"."weight_out", "Batch"."net_weight", "Batch"."number_of_boxes", "Batch"."status", "Batch"."operation_type", "Batch"."pressing_room_id", "Batch"."session_start_time", "Batch"."estimated_time", "Batch"."ticket_number", "Batch"."bidons_brought", "Batch"."number_of_bidons", "Batch"."boxes_loaded_to_pressing", "Batch"."boxes_committed_to_queue", "Batch"."taux", "Batch"."createdAt", "Batch"."updatedAt" FROM "batches" AS "Batch" ORDER BY "Batch"."date_received" DESC LIMIT 5 OFFSET 0) AS "Batch" LEFT OUTER JOIN "clients" AS "client" ON "Batch"."clientId" = "client"."id" LEFT OUTER JOIN "prices" AS "price" ON "Batch"."priceId" = "price"."id" LEFT OUTER JOIN "pressing_rooms" AS "pressingRoom" ON "Batch"."pressing_room_id" = "pressingRoom"."id" LEFT OUTER JOIN "oil_batches" AS "oilBatches" ON "Batch"."id" = "oilBatches"."batchId" LEFT OUTER JOIN "batch_loadings" AS "batchLoadings" ON "Batch"."id" = "batchLoadings"."batchId" LEFT OUTER JOIN "pressing_rooms" AS "batchLoadings->pressingRoom" ON "batchLoadings"."pressingRoomId" = "batchLoadings->pressingRoom"."id" LEFT OUTER JOIN "users" AS "batchLoadings->operator" ON "batchLoadings"."operatorId" = "batchLoadings->operator"."id" ORDER BY "Batch"."date_received" DESC;
Executing (default): SELECT "ticket_number" FROM "batches" AS "Batch" WHERE ("Batch"."date_received" >= '2025-11-02 23:00:00.000 +00:00' AND "Batch"."date_received" <= '2025-11-03 22:59:59.999 +00:00') ORDER BY "Batch"."date_received" DESC;
[2025-11-03T18:30:09.042Z] GET /api/auth/me - ::1
Executing (default): SELECT "id", "email", "role", "firstname", "lastname", "createdAt", "updatedAt" FROM "users" AS "User" WHERE "User"."id" = 1;
[2025-11-03T18:30:09.410Z] GET /api/clients - ::1
Executing (default): SELECT count("Client"."id") AS "count" FROM "clients" AS "Client" LEFT OUTER JOIN "batches" AS "batches" ON "Client"."id" = "batches"."clientId";
[2025-11-03T18:30:09.414Z] GET /api/prices?latest=true - ::1
Executing (default): SELECT "Client".*, "batches"."id" AS "batches.id", "batches"."date_received" AS "batches.date_received", "batches"."status" AS "batches.status" FROM (SELECT "Client"."id", "Client"."firstname", "Client"."lastname", "Client"."phone", "Client"."address", "Client"."createdAt", "Client"."updatedAt" FROM "clients" AS "Client" ORDER BY "Client"."createdAt" DESC LIMIT 10 OFFSET 0) AS "Client" LEFT OUTER JOIN "batches" AS "batches" ON "Client"."id" = "batches"."clientId" ORDER BY "Client"."createdAt" DESC;
Executing (default): SELECT "id", "date", "milling_price_per_kg", "oil_client_selling_price_per_kg", "oil_export_selling_price_per_kg", "olive_buying_price_per_kg", "empty_bidon_price", "createdAt", "updatedAt" FROM "prices" AS "Price" ORDER BY "Price"."createdAt" DESC LIMIT 1;
[2025-11-03T18:30:09.422Z] GET /api/batches?page=1&limit=5 - ::1
Executing (default): SELECT count(*) AS "count" FROM "batches" AS "Batch";
Executing (default): SELECT "Batch".*, "client"."id" AS "client.id", "client"."firstname" AS "client.firstname", "client"."lastname" AS "client.lastname", "price"."id" AS "price.id", "price"."date" AS "price.date", "price"."milling_price_per_kg" AS "price.milling_price_per_kg", "price"."oil_client_selling_price_per_kg" AS "price.oil_client_selling_price_per_kg", "price"."oil_export_selling_price_per_kg" AS "price.oil_export_selling_price_per_kg", "price"."olive_buying_price_per_kg" AS "price.olive_buying_price_per_kg", "price"."empty_bidon_price" AS "price.empty_bidon_price", "price"."createdAt" AS "price.createdAt", "price"."updatedAt" AS "price.updatedAt", "pressingRoom"."id" AS "pressingRoom.id", "pressingRoom"."name" AS "pressingRoom.name", "oilBatches"."id" AS "oilBatches.id", "oilBatches"."weight" AS "oilBatches.weight", "oilBatches"."residue" AS "oilBatches.residue", "oilBatches"."batchId" AS "oilBatches.batchId", "oilBatches"."pressing_sessionId" AS "oilBatches.pressing_sessionId", "oilBatches"."createdAt" AS "oilBatches.createdAt", "oilBatches"."updatedAt" AS "oilBatches.updatedAt", "batchLoadings"."id" AS "batchLoadings.id", "batchLoadings"."batchId" AS "batchLoadings.batchId", "batchLoadings"."pressingSessionId" AS "batchLoadings.pressingSessionId", "batchLoadings"."pressingRoomId" AS "batchLoadings.pressingRoomId", "batchLoadings"."operatorId" AS "batchLoadings.operatorId", "batchLoadings"."boxesLoaded" AS "batchLoadings.boxesLoaded", "batchLoadings"."loadedAt" AS "batchLoadings.loadedAt", "batchLoadings"."notes" AS "batchLoadings.notes", "batchLoadings"."createdAt" AS "batchLoadings.createdAt", "batchLoadings"."updatedAt" AS "batchLoadings.updatedAt", "batchLoadings->pressingRoom"."id" AS "batchLoadings.pressingRoom.id", "batchLoadings->pressingRoom"."name" AS "batchLoadings.pressingRoom.name", "batchLoadings->operator"."id" AS "batchLoadings.operator.id", "batchLoadings->operator"."firstname" AS "batchLoadings.operator.firstname", "batchLoadings->operator"."lastname" AS "batchLoadings.operator.lastname", "batchLoadings->operator"."email" AS "batchLoadings.operator.email" FROM (SELECT "Batch"."id", "Batch"."clientId", "Batch"."priceId", "Batch"."date_received", "Batch"."weight_in", "Batch"."weight_out", "Batch"."net_weight", "Batch"."number_of_boxes", "Batch"."status", "Batch"."operation_type", "Batch"."pressing_room_id", "Batch"."session_start_time", "Batch"."estimated_time", "Batch"."ticket_number", "Batch"."bidons_brought", "Batch"."number_of_bidons", "Batch"."boxes_loaded_to_pressing", "Batch"."boxes_committed_to_queue", "Batch"."taux", "Batch"."createdAt", "Batch"."updatedAt" FROM "batches" AS "Batch" ORDER BY "Batch"."date_received" DESC LIMIT 5 OFFSET 0) AS "Batch" LEFT OUTER JOIN "clients" AS "client" ON "Batch"."clientId" = "client"."id" LEFT OUTER JOIN "prices" AS "price" ON "Batch"."priceId" = "price"."id" LEFT OUTER JOIN "pressing_rooms" AS "pressingRoom" ON "Batch"."pressing_room_id" = "pressingRoom"."id" LEFT OUTER JOIN "oil_batches" AS "oilBatches" ON "Batch"."id" = "oilBatches"."batchId" LEFT OUTER JOIN "batch_loadings" AS "batchLoadings" ON "Batch"."id" = "batchLoadings"."batchId" LEFT OUTER JOIN "pressing_rooms" AS "batchLoadings->pressingRoom" ON "batchLoadings"."pressingRoomId" = "batchLoadings->pressingRoom"."id" LEFT OUTER JOIN "users" AS "batchLoadings->operator" ON "batchLoadings"."operatorId" = "batchLoadings->operator"."id" ORDER BY "Batch"."date_received" DESC;
[2025-11-03T18:30:09.465Z] GET /api/batches/next-ticket-number?date=2025-11-03 - ::1
Executing (default): SELECT "ticket_number" FROM "batches" AS "Batch" WHERE ("Batch"."date_received" >= '2025-11-02 23:00:00.000 +00:00' AND "Batch"."date_received" <= '2025-11-03 22:59:59.999 +00:00') ORDER BY "Batch"."date_received" DESC;
[2025-11-03T18:30:14.631Z] GET /api/clients - ::1
[2025-11-03T18:30:14.631Z] GET /api/batches?page=1&limit=5 - ::1
Executing (default): SELECT count(*) AS "count" FROM "batches" AS "Batch";
Executing (default): SELECT count("Client"."id") AS "count" FROM "clients" AS "Client" LEFT OUTER JOIN "batches" AS "batches" ON "Client"."id" = "batches"."clientId";
Executing (default): SELECT "Client".*, "batches"."id" AS "batches.id", "batches"."date_received" AS "batches.date_received", "batches"."status" AS "batches.status" FROM (SELECT "Client"."id", "Client"."firstname", "Client"."lastname", "Client"."phone", "Client"."address", "Client"."createdAt", "Client"."updatedAt" FROM "clients" AS "Client" ORDER BY "Client"."createdAt" DESC LIMIT 10 OFFSET 0) AS "Client" LEFT OUTER JOIN "batches" AS "batches" ON "Client"."id" = "batches"."clientId" ORDER BY "Client"."createdAt" DESC;
Executing (default): SELECT "Batch".*, "client"."id" AS "client.id", "client"."firstname" AS "client.firstname", "client"."lastname" AS "client.lastname", "price"."id" AS "price.id", "price"."date" AS "price.date", "price"."milling_price_per_kg" AS "price.milling_price_per_kg", "price"."oil_client_selling_price_per_kg" AS "price.oil_client_selling_price_per_kg", "price"."oil_export_selling_price_per_kg" AS "price.oil_export_selling_price_per_kg", "price"."olive_buying_price_per_kg" AS "price.olive_buying_price_per_kg", "price"."empty_bidon_price" AS "price.empty_bidon_price", "price"."createdAt" AS "price.createdAt", "price"."updatedAt" AS "price.updatedAt", "pressingRoom"."id" AS "pressingRoom.id", "pressingRoom"."name" AS "pressingRoom.name", "oilBatches"."id" AS "oilBatches.id", "oilBatches"."weight" AS "oilBatches.weight", "oilBatches"."residue" AS "oilBatches.residue", "oilBatches"."batchId" AS "oilBatches.batchId", "oilBatches"."pressing_sessionId" AS "oilBatches.pressing_sessionId", "oilBatches"."createdAt" AS "oilBatches.createdAt", "oilBatches"."updatedAt" AS "oilBatches.updatedAt", "batchLoadings"."id" AS "batchLoadings.id", "batchLoadings"."batchId" AS "batchLoadings.batchId", "batchLoadings"."pressingSessionId" AS "batchLoadings.pressingSessionId", "batchLoadings"."pressingRoomId" AS "batchLoadings.pressingRoomId", "batchLoadings"."operatorId" AS "batchLoadings.operatorId", "batchLoadings"."boxesLoaded" AS "batchLoadings.boxesLoaded", "batchLoadings"."loadedAt" AS "batchLoadings.loadedAt", "batchLoadings"."notes" AS "batchLoadings.notes", "batchLoadings"."createdAt" AS "batchLoadings.createdAt", "batchLoadings"."updatedAt" AS "batchLoadings.updatedAt", "batchLoadings->pressingRoom"."id" AS "batchLoadings.pressingRoom.id", "batchLoadings->pressingRoom"."name" AS "batchLoadings.pressingRoom.name", "batchLoadings->operator"."id" AS "batchLoadings.operator.id", "batchLoadings->operator"."firstname" AS "batchLoadings.operator.firstname", "batchLoadings->operator"."lastname" AS "batchLoadings.operator.lastname", "batchLoadings->operator"."email" AS "batchLoadings.operator.email" FROM (SELECT "Batch"."id", "Batch"."clientId", "Batch"."priceId", "Batch"."date_received", "Batch"."weight_in", "Batch"."weight_out", "Batch"."net_weight", "Batch"."number_of_boxes", "Batch"."status", "Batch"."operation_type", "Batch"."pressing_room_id", "Batch"."session_start_time", "Batch"."estimated_time", "Batch"."ticket_number", "Batch"."bidons_brought", "Batch"."number_of_bidons", "Batch"."boxes_loaded_to_pressing", "Batch"."boxes_committed_to_queue", "Batch"."taux", "Batch"."createdAt", "Batch"."updatedAt" FROM "batches" AS "Batch" ORDER BY "Batch"."date_received" DESC LIMIT 5 OFFSET 0) AS "Batch" LEFT OUTER JOIN "clients" AS "client" ON "Batch"."clientId" = "client"."id" LEFT OUTER JOIN "prices" AS "price" ON "Batch"."priceId" = "price"."id" LEFT OUTER JOIN "pressing_rooms" AS "pressingRoom" ON "Batch"."pressing_room_id" = "pressingRoom"."id" LEFT OUTER JOIN "oil_batches" AS "oilBatches" ON "Batch"."id" = "oilBatches"."batchId" LEFT OUTER JOIN "batch_loadings" AS "batchLoadings" ON "Batch"."id" = "batchLoadings"."batchId" LEFT OUTER JOIN "pressing_rooms" AS "batchLoadings->pressingRoom" ON "batchLoadings"."pressingRoomId" = "batchLoadings->pressingRoom"."id" LEFT OUTER JOIN "users" AS "batchLoadings->operator" ON "batchLoadings"."operatorId" = "batchLoadings->operator"."id" ORDER BY "Batch"."date_received" DESC;
[2025-11-03T18:30:14.682Z] GET /api/batches/next-ticket-number?date=2025-11-03 - ::1
Executing (default): SELECT "ticket_number" FROM "batches" AS "Batch" WHERE ("Batch"."date_received" >= '2025-11-02 23:00:00.000 +00:00' AND "Batch"."date_received" <= '2025-11-03 22:59:59.999 +00:00') ORDER BY "Batch"."date_received" DESC;
[2025-11-03T18:30:14.703Z] GET /api/prices?latest=true - ::1
Executing (default): SELECT "id", "date", "milling_price_per_kg", "oil_client_selling_price_per_kg", "oil_export_selling_price_per_kg", "olive_buying_price_per_kg", "empty_bidon_price", "createdAt", "updatedAt" FROM "prices" AS "Price" ORDER BY "Price"."createdAt" DESC LIMIT 1;
[2025-11-03T18:30:15.964Z] GET /api/dashboard/activity?limit=20 - ::1
[2025-11-03T18:30:15.965Z] GET /api/dashboard/overview - ::1
Executing (default): SELECT "id", "clientId", "priceId", "date_received", "weight_in", "weight_out", "net_weight", "number_of_boxes", "status", "operation_type", "pressing_room_id", "session_start_time", "estimated_time", "ticket_number", "bidons_brought", "number_of_bidons", "boxes_loaded_to_pressing", "boxes_committed_to_queue", "taux", "createdAt", "updatedAt" FROM "batches" AS "Batch" ORDER BY "Batch"."createdAt" DESC LIMIT 20;
Executing (default): SELECT "id", "start", "finish", "number_of_boxes", "pressing_roomID", "batch_id", "status", "oil_bidons_produced", "createdAt", "updatedAt" FROM "pressing_sessions" AS "PressingSession" ORDER BY "PressingSession"."createdAt" DESC LIMIT 20;
Executing (default): SELECT "id", "firstname", "lastname", "phone", "address", "createdAt", "updatedAt" FROM "clients" AS "Client" ORDER BY "Client"."createdAt" DESC LIMIT 20;
Executing (default): SELECT sum("weight") AS "sum" FROM "oil_batches" AS "OilBatch";
Executing (default): SELECT sum("number_of_boxes") AS "sum" FROM "pressing_sessions" AS "PressingSession" WHERE "PressingSession"."finish" IS NULL;
Executing (default): SELECT count(*) AS "count" FROM "clients" AS "Client";
Executing (default): SELECT count(*) AS "count" FROM "batches" AS "Batch" WHERE "Batch"."status" IN ('received', 'in_process');
Executing (default): SELECT count(*) AS "count" FROM "invoices" AS "Invoice" WHERE "Invoice"."status" IN ('draft', 'sent', 'overdue');
Executing (default): SELECT count(*) AS "count" FROM "quality_tests" AS "QualityTest";
Executing (default): SELECT count(*) AS "count" FROM "batches" AS "Batch" WHERE "Batch"."createdAt" >= '2025-11-02 23:00:00.000 +00:00';
Executing (default): SELECT count(*) AS "count" FROM "pressing_sessions" AS "PressingSession" WHERE "PressingSession"."finish" IS NULL;
Executing (default): SELECT "id", "clientId", "batchId", "amount", "status", "issue_date", "due_date", "notes", "createdAt", "updatedAt" FROM "invoices" AS "Invoice" WHERE "Invoice"."status" = 'paid';
[2025-11-03T18:30:15.985Z] GET /api/pressing-rooms - ::1
Executing (default): SELECT "id", "name", "capacity", "createdAt", "updatedAt" FROM "pressing_rooms" AS "PressingRoom" ORDER BY "PressingRoom"."createdAt" ASC;
Executing (default): SELECT "PressingSession"."id", "PressingSession"."start", "PressingSession"."finish", "PressingSession"."number_of_boxes", "PressingSession"."pressing_roomID", "PressingSession"."batch_id", "PressingSession"."status", "PressingSession"."oil_bidons_produced", "PressingSession"."createdAt", "PressingSession"."updatedAt", "batch"."id" AS "batch.id", "batch"."clientId" AS "batch.clientId", "batch"."priceId" AS "batch.priceId", "batch"."date_received" AS "batch.date_received", "batch"."weight_in" AS "batch.weight_in", "batch"."weight_out" AS "batch.weight_out", "batch"."net_weight" AS "batch.net_weight", "batch"."number_of_boxes" AS "batch.number_of_boxes", "batch"."status" AS "batch.status", "batch"."operation_type" AS "batch.operation_type", "batch"."pressing_room_id" AS "batch.pressing_room_id", "batch"."session_start_time" AS "batch.session_start_time", "batch"."estimated_time" AS "batch.estimated_time", "batch"."ticket_number" AS "batch.ticket_number", "batch"."bidons_brought" AS "batch.bidons_brought", "batch"."number_of_bidons" AS "batch.number_of_bidons", "batch"."boxes_loaded_to_pressing" AS "batch.boxes_loaded_to_pressing", "batch"."boxes_committed_to_queue" AS "batch.boxes_committed_to_queue", "batch"."taux" AS "batch.taux", "batch"."createdAt" AS "batch.createdAt", "batch"."updatedAt" AS "batch.updatedAt", "batch->client"."id" AS "batch.client.id", "batch->client"."firstname" AS "batch.client.firstname", "batch->client"."lastname" AS "batch.client.lastname" FROM "pressing_sessions" AS "PressingSession" LEFT OUTER JOIN "batches" AS "batch" ON "PressingSession"."batch_id" = "batch"."id" LEFT OUTER JOIN "clients" AS "batch->client" ON "batch"."clientId" = "batch->client"."id" WHERE "PressingSession"."finish" IS NULL;
[2025-11-03T18:30:18.592Z] GET /api/clients?page=1&limit=10 - ::1
Executing (default): SELECT count("Client"."id") AS "count" FROM "clients" AS "Client" LEFT OUTER JOIN "batches" AS "batches" ON "Client"."id" = "batches"."clientId";
Executing (default): SELECT "Client".*, "batches"."id" AS "batches.id", "batches"."date_received" AS "batches.date_received", "batches"."status" AS "batches.status" FROM (SELECT "Client"."id", "Client"."firstname", "Client"."lastname", "Client"."phone", "Client"."address", "Client"."createdAt", "Client"."updatedAt" FROM "clients" AS "Client" ORDER BY "Client"."createdAt" DESC LIMIT 10 OFFSET 0) AS "Client" LEFT OUTER JOIN "batches" AS "batches" ON "Client"."id" = "batches"."clientId" ORDER BY "Client"."createdAt" DESC;
[2025-11-03T18:30:18.751Z] GET /api/clients?page=1&limit=10 - ::1
Executing (default): SELECT count("Client"."id") AS "count" FROM "clients" AS "Client" LEFT OUTER JOIN "batches" AS "batches" ON "Client"."id" = "batches"."clientId";
Executing (default): SELECT "Client".*, "batches"."id" AS "batches.id", "batches"."date_received" AS "batches.date_received", "batches"."status" AS "batches.status" FROM (SELECT "Client"."id", "Client"."firstname", "Client"."lastname", "Client"."phone", "Client"."address", "Client"."createdAt", "Client"."updatedAt" FROM "clients" AS "Client" ORDER BY "Client"."createdAt" DESC LIMIT 10 OFFSET 0) AS "Client" LEFT OUTER JOIN "batches" AS "batches" ON "Client"."id" = "batches"."clientId" ORDER BY "Client"."createdAt" DESC;
[2025-11-03T18:30:22.381Z] GET /api/prices?latest=true - ::1
Executing (default): SELECT "id", "date", "milling_price_per_kg", "oil_client_selling_price_per_kg", "oil_export_selling_price_per_kg", "olive_buying_price_per_kg", "empty_bidon_price", "createdAt", "updatedAt" FROM "prices" AS "Price" ORDER BY "Price"."createdAt" DESC LIMIT 1;
[2025-11-03T18:37:28.409Z] GET / - ::1
[2025-11-03T18:37:29.815Z] GET /api/auth/me - ::1
Executing (default): SELECT "id", "email", "role", "firstname", "lastname", "createdAt", "updatedAt" FROM "users" AS "User" WHERE "User"."id" = 1;
[2025-11-03T18:37:30.206Z] GET /api/batches/next-ticket-number?date=2025-11-03 - ::1
Executing (default): SELECT "ticket_number" FROM "batches" AS "Batch" WHERE ("Batch"."date_received" >= '2025-11-02 23:00:00.000 +00:00' AND "Batch"."date_received" <= '2025-11-03 22:59:59.999 +00:00') ORDER BY "Batch"."date_received" DESC;
[2025-11-03T18:37:30.210Z] GET /api/prices?latest=true - ::1
[2025-11-03T18:37:30.210Z] GET /api/batches?page=1&limit=5 - ::1
[2025-11-03T18:37:30.211Z] GET /api/clients - ::1
Executing (default): SELECT count(*) AS "count" FROM "batches" AS "Batch";
Executing (default): SELECT "Batch".*, "client"."id" AS "client.id", "client"."firstname" AS "client.firstname", "client"."lastname" AS "client.lastname", "price"."id" AS "price.id", "price"."date" AS "price.date", "price"."milling_price_per_kg" AS "price.milling_price_per_kg", "price"."oil_client_selling_price_per_kg" AS "price.oil_client_selling_price_per_kg", "price"."oil_export_selling_price_per_kg" AS "price.oil_export_selling_price_per_kg", "price"."olive_buying_price_per_kg" AS "price.olive_buying_price_per_kg", "price"."empty_bidon_price" AS "price.empty_bidon_price", "price"."createdAt" AS "price.createdAt", "price"."updatedAt" AS "price.updatedAt", "pressingRoom"."id" AS "pressingRoom.id", "pressingRoom"."name" AS "pressingRoom.name", "oilBatches"."id" AS "oilBatches.id", "oilBatches"."weight" AS "oilBatches.weight", "oilBatches"."residue" AS "oilBatches.residue", "oilBatches"."batchId" AS "oilBatches.batchId", "oilBatches"."pressing_sessionId" AS "oilBatches.pressing_sessionId", "oilBatches"."createdAt" AS "oilBatches.createdAt", "oilBatches"."updatedAt" AS "oilBatches.updatedAt", "batchLoadings"."id" AS "batchLoadings.id", "batchLoadings"."batchId" AS "batchLoadings.batchId", "batchLoadings"."pressingSessionId" AS "batchLoadings.pressingSessionId", "batchLoadings"."pressingRoomId" AS "batchLoadings.pressingRoomId", "batchLoadings"."operatorId" AS "batchLoadings.operatorId", "batchLoadings"."boxesLoaded" AS "batchLoadings.boxesLoaded", "batchLoadings"."loadedAt" AS "batchLoadings.loadedAt", "batchLoadings"."notes" AS "batchLoadings.notes", "batchLoadings"."createdAt" AS "batchLoadings.createdAt", "batchLoadings"."updatedAt" AS "batchLoadings.updatedAt", "batchLoadings->pressingRoom"."id" AS "batchLoadings.pressingRoom.id", "batchLoadings->pressingRoom"."name" AS "batchLoadings.pressingRoom.name", "batchLoadings->operator"."id" AS "batchLoadings.operator.id", "batchLoadings->operator"."firstname" AS "batchLoadings.operator.firstname", "batchLoadings->operator"."lastname" AS "batchLoadings.operator.lastname", "batchLoadings->operator"."email" AS "batchLoadings.operator.email" FROM (SELECT "Batch"."id", "Batch"."clientId", "Batch"."priceId", "Batch"."date_received", "Batch"."weight_in", "Batch"."weight_out", "Batch"."net_weight", "Batch"."number_of_boxes", "Batch"."status", "Batch"."operation_type", "Batch"."pressing_room_id", "Batch"."session_start_time", "Batch"."estimated_time", "Batch"."ticket_number", "Batch"."bidons_brought", "Batch"."number_of_bidons", "Batch"."boxes_loaded_to_pressing", "Batch"."boxes_committed_to_queue", "Batch"."taux", "Batch"."createdAt", "Batch"."updatedAt" FROM "batches" AS "Batch" ORDER BY "Batch"."date_received" DESC LIMIT 5 OFFSET 0) AS "Batch" LEFT OUTER JOIN "clients" AS "client" ON "Batch"."clientId" = "client"."id" LEFT OUTER JOIN "prices" AS "price" ON "Batch"."priceId" = "price"."id" LEFT OUTER JOIN "pressing_rooms" AS "pressingRoom" ON "Batch"."pressing_room_id" = "pressingRoom"."id" LEFT OUTER JOIN "oil_batches" AS "oilBatches" ON "Batch"."id" = "oilBatches"."batchId" LEFT OUTER JOIN "batch_loadings" AS "batchLoadings" ON "Batch"."id" = "batchLoadings"."batchId" LEFT OUTER JOIN "pressing_rooms" AS "batchLoadings->pressingRoom" ON "batchLoadings"."pressingRoomId" = "batchLoadings->pressingRoom"."id" LEFT OUTER JOIN "users" AS "batchLoadings->operator" ON "batchLoadings"."operatorId" = "batchLoadings->operator"."id" ORDER BY "Batch"."date_received" DESC;
Executing (default): SELECT count("Client"."id") AS "count" FROM "clients" AS "Client" LEFT OUTER JOIN "batches" AS "batches" ON "Client"."id" = "batches"."clientId";
Executing (default): SELECT "Client".*, "batches"."id" AS "batches.id", "batches"."date_received" AS "batches.date_received", "batches"."status" AS "batches.status" FROM (SELECT "Client"."id", "Client"."firstname", "Client"."lastname", "Client"."phone", "Client"."address", "Client"."createdAt", "Client"."updatedAt" FROM "clients" AS "Client" ORDER BY "Client"."createdAt" DESC LIMIT 10 OFFSET 0) AS "Client" LEFT OUTER JOIN "batches" AS "batches" ON "Client"."id" = "batches"."clientId" ORDER BY "Client"."createdAt" DESC;
Executing (default): SELECT "id", "date", "milling_price_per_kg", "oil_client_selling_price_per_kg", "oil_export_selling_price_per_kg", "olive_buying_price_per_kg", "empty_bidon_price", "createdAt", "updatedAt" FROM "prices" AS "Price" ORDER BY "Price"."createdAt" DESC LIMIT 1;
[2025-11-03T18:37:46.583Z] GET /api/auth/me - ::1
Executing (default): SELECT "id", "email", "role", "firstname", "lastname", "createdAt", "updatedAt" FROM "users" AS "User" WHERE "User"."id" = 1;
[2025-11-03T18:37:47.043Z] GET /api/clients - ::1
Executing (default): SELECT count("Client"."id") AS "count" FROM "clients" AS "Client" LEFT OUTER JOIN "batches" AS "batches" ON "Client"."id" = "batches"."clientId";
[2025-11-03T18:37:47.046Z] GET /api/prices?latest=true - ::1
Executing (default): SELECT "Client".*, "batches"."id" AS "batches.id", "batches"."date_received" AS "batches.date_received", "batches"."status" AS "batches.status" FROM (SELECT "Client"."id", "Client"."firstname", "Client"."lastname", "Client"."phone", "Client"."address", "Client"."createdAt", "Client"."updatedAt" FROM "clients" AS "Client" ORDER BY "Client"."createdAt" DESC LIMIT 10 OFFSET 0) AS "Client" LEFT OUTER JOIN "batches" AS "batches" ON "Client"."id" = "batches"."clientId" ORDER BY "Client"."createdAt" DESC;
Executing (default): SELECT "id", "date", "milling_price_per_kg", "oil_client_selling_price_per_kg", "oil_export_selling_price_per_kg", "olive_buying_price_per_kg", "empty_bidon_price", "createdAt", "updatedAt" FROM "prices" AS "Price" ORDER BY "Price"."createdAt" DESC LIMIT 1;
[2025-11-03T18:37:47.053Z] GET /api/batches?page=1&limit=5 - ::1
Executing (default): SELECT count(*) AS "count" FROM "batches" AS "Batch";
Executing (default): SELECT "Batch".*, "client"."id" AS "client.id", "client"."firstname" AS "client.firstname", "client"."lastname" AS "client.lastname", "price"."id" AS "price.id", "price"."date" AS "price.date", "price"."milling_price_per_kg" AS "price.milling_price_per_kg", "price"."oil_client_selling_price_per_kg" AS "price.oil_client_selling_price_per_kg", "price"."oil_export_selling_price_per_kg" AS "price.oil_export_selling_price_per_kg", "price"."olive_buying_price_per_kg" AS "price.olive_buying_price_per_kg", "price"."empty_bidon_price" AS "price.empty_bidon_price", "price"."createdAt" AS "price.createdAt", "price"."updatedAt" AS "price.updatedAt", "pressingRoom"."id" AS "pressingRoom.id", "pressingRoom"."name" AS "pressingRoom.name", "oilBatches"."id" AS "oilBatches.id", "oilBatches"."weight" AS "oilBatches.weight", "oilBatches"."residue" AS "oilBatches.residue", "oilBatches"."batchId" AS "oilBatches.batchId", "oilBatches"."pressing_sessionId" AS "oilBatches.pressing_sessionId", "oilBatches"."createdAt" AS "oilBatches.createdAt", "oilBatches"."updatedAt" AS "oilBatches.updatedAt", "batchLoadings"."id" AS "batchLoadings.id", "batchLoadings"."batchId" AS "batchLoadings.batchId", "batchLoadings"."pressingSessionId" AS "batchLoadings.pressingSessionId", "batchLoadings"."pressingRoomId" AS "batchLoadings.pressingRoomId", "batchLoadings"."operatorId" AS "batchLoadings.operatorId", "batchLoadings"."boxesLoaded" AS "batchLoadings.boxesLoaded", "batchLoadings"."loadedAt" AS "batchLoadings.loadedAt", "batchLoadings"."notes" AS "batchLoadings.notes", "batchLoadings"."createdAt" AS "batchLoadings.createdAt", "batchLoadings"."updatedAt" AS "batchLoadings.updatedAt", "batchLoadings->pressingRoom"."id" AS "batchLoadings.pressingRoom.id", "batchLoadings->pressingRoom"."name" AS "batchLoadings.pressingRoom.name", "batchLoadings->operator"."id" AS "batchLoadings.operator.id", "batchLoadings->operator"."firstname" AS "batchLoadings.operator.firstname", "batchLoadings->operator"."lastname" AS "batchLoadings.operator.lastname", "batchLoadings->operator"."email" AS "batchLoadings.operator.email" FROM (SELECT "Batch"."id", "Batch"."clientId", "Batch"."priceId", "Batch"."date_received", "Batch"."weight_in", "Batch"."weight_out", "Batch"."net_weight", "Batch"."number_of_boxes", "Batch"."status", "Batch"."operation_type", "Batch"."pressing_room_id", "Batch"."session_start_time", "Batch"."estimated_time", "Batch"."ticket_number", "Batch"."bidons_brought", "Batch"."number_of_bidons", "Batch"."boxes_loaded_to_pressing", "Batch"."boxes_committed_to_queue", "Batch"."taux", "Batch"."createdAt", "Batch"."updatedAt" FROM "batches" AS "Batch" ORDER BY "Batch"."date_received" DESC LIMIT 5 OFFSET 0) AS "Batch" LEFT OUTER JOIN "clients" AS "client" ON "Batch"."clientId" = "client"."id" LEFT OUTER JOIN "prices" AS "price" ON "Batch"."priceId" = "price"."id" LEFT OUTER JOIN "pressing_rooms" AS "pressingRoom" ON "Batch"."pressing_room_id" = "pressingRoom"."id" LEFT OUTER JOIN "oil_batches" AS "oilBatches" ON "Batch"."id" = "oilBatches"."batchId" LEFT OUTER JOIN "batch_loadings" AS "batchLoadings" ON "Batch"."id" = "batchLoadings"."batchId" LEFT OUTER JOIN "pressing_rooms" AS "batchLoadings->pressingRoom" ON "batchLoadings"."pressingRoomId" = "batchLoadings->pressingRoom"."id" LEFT OUTER JOIN "users" AS "batchLoadings->operator" ON "batchLoadings"."operatorId" = "batchLoadings->operator"."id" ORDER BY "Batch"."date_received" DESC;
[2025-11-03T18:37:47.104Z] GET /api/batches/next-ticket-number?date=2025-11-03 - ::1
Executing (default): SELECT "ticket_number" FROM "batches" AS "Batch" WHERE ("Batch"."date_received" >= '2025-11-02 23:00:00.000 +00:00' AND "Batch"."date_received" <= '2025-11-03 22:59:59.999 +00:00') ORDER BY "Batch"."date_received" DESC;
[2025-11-03T18:39:20.363Z] GET /api/auth/me - ::1
Executing (default): SELECT "id", "email", "role", "firstname", "lastname", "createdAt", "updatedAt" FROM "users" AS "User" WHERE "User"."id" = 1;
[2025-11-03T18:39:20.863Z] GET /api/clients - ::1
Executing (default): SELECT count("Client"."id") AS "count" FROM "clients" AS "Client" LEFT OUTER JOIN "batches" AS "batches" ON "Client"."id" = "batches"."clientId";
Executing (default): SELECT "Client".*, "batches"."id" AS "batches.id", "batches"."date_received" AS "batches.date_received", "batches"."status" AS "batches.status" FROM (SELECT "Client"."id", "Client"."firstname", "Client"."lastname", "Client"."phone", "Client"."address", "Client"."createdAt", "Client"."updatedAt" FROM "clients" AS "Client" ORDER BY "Client"."createdAt" DESC LIMIT 10 OFFSET 0) AS "Client" LEFT OUTER JOIN "batches" AS "batches" ON "Client"."id" = "batches"."clientId" ORDER BY "Client"."createdAt" DESC;
[2025-11-03T18:39:20.910Z] GET /api/batches/next-ticket-number?date=2025-11-03 - ::1
Executing (default): SELECT "ticket_number" FROM "batches" AS "Batch" WHERE ("Batch"."date_received" >= '2025-11-02 23:00:00.000 +00:00' AND "Batch"."date_received" <= '2025-11-03 22:59:59.999 +00:00') ORDER BY "Batch"."date_received" DESC;
[2025-11-03T18:39:20.913Z] GET /api/prices?latest=true - ::1
[2025-11-03T18:39:20.915Z] GET /api/batches?page=1&limit=5 - ::1
Executing (default): SELECT "id", "date", "milling_price_per_kg", "oil_client_selling_price_per_kg", "oil_export_selling_price_per_kg", "olive_buying_price_per_kg", "empty_bidon_price", "createdAt", "updatedAt" FROM "prices" AS "Price" ORDER BY "Price"."createdAt" DESC LIMIT 1;
Executing (default): SELECT count(*) AS "count" FROM "batches" AS "Batch";
Executing (default): SELECT "Batch".*, "client"."id" AS "client.id", "client"."firstname" AS "client.firstname", "client"."lastname" AS "client.lastname", "price"."id" AS "price.id", "price"."date" AS "price.date", "price"."milling_price_per_kg" AS "price.milling_price_per_kg", "price"."oil_client_selling_price_per_kg" AS "price.oil_client_selling_price_per_kg", "price"."oil_export_selling_price_per_kg" AS "price.oil_export_selling_price_per_kg", "price"."olive_buying_price_per_kg" AS "price.olive_buying_price_per_kg", "price"."empty_bidon_price" AS "price.empty_bidon_price", "price"."createdAt" AS "price.createdAt", "price"."updatedAt" AS "price.updatedAt", "pressingRoom"."id" AS "pressingRoom.id", "pressingRoom"."name" AS "pressingRoom.name", "oilBatches"."id" AS "oilBatches.id", "oilBatches"."weight" AS "oilBatches.weight", "oilBatches"."residue" AS "oilBatches.residue", "oilBatches"."batchId" AS "oilBatches.batchId", "oilBatches"."pressing_sessionId" AS "oilBatches.pressing_sessionId", "oilBatches"."createdAt" AS "oilBatches.createdAt", "oilBatches"."updatedAt" AS "oilBatches.updatedAt", "batchLoadings"."id" AS "batchLoadings.id", "batchLoadings"."batchId" AS "batchLoadings.batchId", "batchLoadings"."pressingSessionId" AS "batchLoadings.pressingSessionId", "batchLoadings"."pressingRoomId" AS "batchLoadings.pressingRoomId", "batchLoadings"."operatorId" AS "batchLoadings.operatorId", "batchLoadings"."boxesLoaded" AS "batchLoadings.boxesLoaded", "batchLoadings"."loadedAt" AS "batchLoadings.loadedAt", "batchLoadings"."notes" AS "batchLoadings.notes", "batchLoadings"."createdAt" AS "batchLoadings.createdAt", "batchLoadings"."updatedAt" AS "batchLoadings.updatedAt", "batchLoadings->pressingRoom"."id" AS "batchLoadings.pressingRoom.id", "batchLoadings->pressingRoom"."name" AS "batchLoadings.pressingRoom.name", "batchLoadings->operator"."id" AS "batchLoadings.operator.id", "batchLoadings->operator"."firstname" AS "batchLoadings.operator.firstname", "batchLoadings->operator"."lastname" AS "batchLoadings.operator.lastname", "batchLoadings->operator"."email" AS "batchLoadings.operator.email" FROM (SELECT "Batch"."id", "Batch"."clientId", "Batch"."priceId", "Batch"."date_received", "Batch"."weight_in", "Batch"."weight_out", "Batch"."net_weight", "Batch"."number_of_boxes", "Batch"."status", "Batch"."operation_type", "Batch"."pressing_room_id", "Batch"."session_start_time", "Batch"."estimated_time", "Batch"."ticket_number", "Batch"."bidons_brought", "Batch"."number_of_bidons", "Batch"."boxes_loaded_to_pressing", "Batch"."boxes_committed_to_queue", "Batch"."taux", "Batch"."createdAt", "Batch"."updatedAt" FROM "batches" AS "Batch" ORDER BY "Batch"."date_received" DESC LIMIT 5 OFFSET 0) AS "Batch" LEFT OUTER JOIN "clients" AS "client" ON "Batch"."clientId" = "client"."id" LEFT OUTER JOIN "prices" AS "price" ON "Batch"."priceId" = "price"."id" LEFT OUTER JOIN "pressing_rooms" AS "pressingRoom" ON "Batch"."pressing_room_id" = "pressingRoom"."id" LEFT OUTER JOIN "oil_batches" AS "oilBatches" ON "Batch"."id" = "oilBatches"."batchId" LEFT OUTER JOIN "batch_loadings" AS "batchLoadings" ON "Batch"."id" = "batchLoadings"."batchId" LEFT OUTER JOIN "pressing_rooms" AS "batchLoadings->pressingRoom" ON "batchLoadings"."pressingRoomId" = "batchLoadings->pressingRoom"."id" LEFT OUTER JOIN "users" AS "batchLoadings->operator" ON "batchLoadings"."operatorId" = "batchLoadings->operator"."id" ORDER BY "Batch"."date_received" DESC;
[2025-11-03T18:41:29.151Z] GET /api/auth/me - ::1
Executing (default): SELECT "id", "email", "role", "firstname", "lastname", "createdAt", "updatedAt" FROM "users" AS "User" WHERE "User"."id" = 1;
[2025-11-03T18:41:29.581Z] GET /api/batches/next-ticket-number?date=2025-11-03 - ::1
Executing (default): SELECT "ticket_number" FROM "batches" AS "Batch" WHERE ("Batch"."date_received" >= '2025-11-02 23:00:00.000 +00:00' AND "Batch"."date_received" <= '2025-11-03 22:59:59.999 +00:00') ORDER BY "Batch"."date_received" DESC;
[2025-11-03T18:41:29.583Z] GET /api/batches?page=1&limit=5 - ::1
[2025-11-03T18:41:29.583Z] GET /api/clients - ::1
Executing (default): SELECT count(*) AS "count" FROM "batches" AS "Batch";
Executing (default): SELECT "Batch".*, "client"."id" AS "client.id", "client"."firstname" AS "client.firstname", "client"."lastname" AS "client.lastname", "price"."id" AS "price.id", "price"."date" AS "price.date", "price"."milling_price_per_kg" AS "price.milling_price_per_kg", "price"."oil_client_selling_price_per_kg" AS "price.oil_client_selling_price_per_kg", "price"."oil_export_selling_price_per_kg" AS "price.oil_export_selling_price_per_kg", "price"."olive_buying_price_per_kg" AS "price.olive_buying_price_per_kg", "price"."empty_bidon_price" AS "price.empty_bidon_price", "price"."createdAt" AS "price.createdAt", "price"."updatedAt" AS "price.updatedAt", "pressingRoom"."id" AS "pressingRoom.id", "pressingRoom"."name" AS "pressingRoom.name", "oilBatches"."id" AS "oilBatches.id", "oilBatches"."weight" AS "oilBatches.weight", "oilBatches"."residue" AS "oilBatches.residue", "oilBatches"."batchId" AS "oilBatches.batchId", "oilBatches"."pressing_sessionId" AS "oilBatches.pressing_sessionId", "oilBatches"."createdAt" AS "oilBatches.createdAt", "oilBatches"."updatedAt" AS "oilBatches.updatedAt", "batchLoadings"."id" AS "batchLoadings.id", "batchLoadings"."batchId" AS "batchLoadings.batchId", "batchLoadings"."pressingSessionId" AS "batchLoadings.pressingSessionId", "batchLoadings"."pressingRoomId" AS "batchLoadings.pressingRoomId", "batchLoadings"."operatorId" AS "batchLoadings.operatorId", "batchLoadings"."boxesLoaded" AS "batchLoadings.boxesLoaded", "batchLoadings"."loadedAt" AS "batchLoadings.loadedAt", "batchLoadings"."notes" AS "batchLoadings.notes", "batchLoadings"."createdAt" AS "batchLoadings.createdAt", "batchLoadings"."updatedAt" AS "batchLoadings.updatedAt", "batchLoadings->pressingRoom"."id" AS "batchLoadings.pressingRoom.id", "batchLoadings->pressingRoom"."name" AS "batchLoadings.pressingRoom.name", "batchLoadings->operator"."id" AS "batchLoadings.operator.id", "batchLoadings->operator"."firstname" AS "batchLoadings.operator.firstname", "batchLoadings->operator"."lastname" AS "batchLoadings.operator.lastname", "batchLoadings->operator"."email" AS "batchLoadings.operator.email" FROM (SELECT "Batch"."id", "Batch"."clientId", "Batch"."priceId", "Batch"."date_received", "Batch"."weight_in", "Batch"."weight_out", "Batch"."net_weight", "Batch"."number_of_boxes", "Batch"."status", "Batch"."operation_type", "Batch"."pressing_room_id", "Batch"."session_start_time", "Batch"."estimated_time", "Batch"."ticket_number", "Batch"."bidons_brought", "Batch"."number_of_bidons", "Batch"."boxes_loaded_to_pressing", "Batch"."boxes_committed_to_queue", "Batch"."taux", "Batch"."createdAt", "Batch"."updatedAt" FROM "batches" AS "Batch" ORDER BY "Batch"."date_received" DESC LIMIT 5 OFFSET 0) AS "Batch" LEFT OUTER JOIN "clients" AS "client" ON "Batch"."clientId" = "client"."id" LEFT OUTER JOIN "prices" AS "price" ON "Batch"."priceId" = "price"."id" LEFT OUTER JOIN "pressing_rooms" AS "pressingRoom" ON "Batch"."pressing_room_id" = "pressingRoom"."id" LEFT OUTER JOIN "oil_batches" AS "oilBatches" ON "Batch"."id" = "oilBatches"."batchId" LEFT OUTER JOIN "batch_loadings" AS "batchLoadings" ON "Batch"."id" = "batchLoadings"."batchId" LEFT OUTER JOIN "pressing_rooms" AS "batchLoadings->pressingRoom" ON "batchLoadings"."pressingRoomId" = "batchLoadings->pressingRoom"."id" LEFT OUTER JOIN "users" AS "batchLoadings->operator" ON "batchLoadings"."operatorId" = "batchLoadings->operator"."id" ORDER BY "Batch"."date_received" DESC;
[2025-11-03T18:41:29.588Z] GET /api/prices?latest=true - ::1
Executing (default): SELECT count("Client"."id") AS "count" FROM "clients" AS "Client" LEFT OUTER JOIN "batches" AS "batches" ON "Client"."id" = "batches"."clientId";
Executing (default): SELECT "Client".*, "batches"."id" AS "batches.id", "batches"."date_received" AS "batches.date_received", "batches"."status" AS "batches.status" FROM (SELECT "Client"."id", "Client"."firstname", "Client"."lastname", "Client"."phone", "Client"."address", "Client"."createdAt", "Client"."updatedAt" FROM "clients" AS "Client" ORDER BY "Client"."createdAt" DESC LIMIT 10 OFFSET 0) AS "Client" LEFT OUTER JOIN "batches" AS "batches" ON "Client"."id" = "batches"."clientId" ORDER BY "Client"."createdAt" DESC;
Executing (default): SELECT "id", "date", "milling_price_per_kg", "oil_client_selling_price_per_kg", "oil_export_selling_price_per_kg", "olive_buying_price_per_kg", "empty_bidon_price", "createdAt", "updatedAt" FROM "prices" AS "Price" ORDER BY "Price"."createdAt" DESC LIMIT 1;
[2025-11-03T18:42:50.891Z] GET /api/auth/me - ::1
Executing (default): SELECT "id", "email", "role", "firstname", "lastname", "createdAt", "updatedAt" FROM "users" AS "User" WHERE "User"."id" = 1;
[2025-11-03T18:42:51.260Z] GET /api/clients - ::1
Executing (default): SELECT count("Client"."id") AS "count" FROM "clients" AS "Client" LEFT OUTER JOIN "batches" AS "batches" ON "Client"."id" = "batches"."clientId";
[2025-11-03T18:42:51.264Z] GET /api/batches?page=1&limit=5 - ::1
[2025-11-03T18:42:51.264Z] GET /api/batches/next-ticket-number?date=2025-11-03 - ::1
Executing (default): SELECT "Client".*, "batches"."id" AS "batches.id", "batches"."date_received" AS "batches.date_received", "batches"."status" AS "batches.status" FROM (SELECT "Client"."id", "Client"."firstname", "Client"."lastname", "Client"."phone", "Client"."address", "Client"."createdAt", "Client"."updatedAt" FROM "clients" AS "Client" ORDER BY "Client"."createdAt" DESC LIMIT 10 OFFSET 0) AS "Client" LEFT OUTER JOIN "batches" AS "batches" ON "Client"."id" = "batches"."clientId" ORDER BY "Client"."createdAt" DESC;
Executing (default): SELECT count(*) AS "count" FROM "batches" AS "Batch";
Executing (default): SELECT "ticket_number" FROM "batches" AS "Batch" WHERE ("Batch"."date_received" >= '2025-11-02 23:00:00.000 +00:00' AND "Batch"."date_received" <= '2025-11-03 22:59:59.999 +00:00') ORDER BY "Batch"."date_received" DESC;
Executing (default): SELECT "Batch".*, "client"."id" AS "client.id", "client"."firstname" AS "client.firstname", "client"."lastname" AS "client.lastname", "price"."id" AS "price.id", "price"."date" AS "price.date", "price"."milling_price_per_kg" AS "price.milling_price_per_kg", "price"."oil_client_selling_price_per_kg" AS "price.oil_client_selling_price_per_kg", "price"."oil_export_selling_price_per_kg" AS "price.oil_export_selling_price_per_kg", "price"."olive_buying_price_per_kg" AS "price.olive_buying_price_per_kg", "price"."empty_bidon_price" AS "price.empty_bidon_price", "price"."createdAt" AS "price.createdAt", "price"."updatedAt" AS "price.updatedAt", "pressingRoom"."id" AS "pressingRoom.id", "pressingRoom"."name" AS "pressingRoom.name", "oilBatches"."id" AS "oilBatches.id", "oilBatches"."weight" AS "oilBatches.weight", "oilBatches"."residue" AS "oilBatches.residue", "oilBatches"."batchId" AS "oilBatches.batchId", "oilBatches"."pressing_sessionId" AS "oilBatches.pressing_sessionId", "oilBatches"."createdAt" AS "oilBatches.createdAt", "oilBatches"."updatedAt" AS "oilBatches.updatedAt", "batchLoadings"."id" AS "batchLoadings.id", "batchLoadings"."batchId" AS "batchLoadings.batchId", "batchLoadings"."pressingSessionId" AS "batchLoadings.pressingSessionId", "batchLoadings"."pressingRoomId" AS "batchLoadings.pressingRoomId", "batchLoadings"."operatorId" AS "batchLoadings.operatorId", "batchLoadings"."boxesLoaded" AS "batchLoadings.boxesLoaded", "batchLoadings"."loadedAt" AS "batchLoadings.loadedAt", "batchLoadings"."notes" AS "batchLoadings.notes", "batchLoadings"."createdAt" AS "batchLoadings.createdAt", "batchLoadings"."updatedAt" AS "batchLoadings.updatedAt", "batchLoadings->pressingRoom"."id" AS "batchLoadings.pressingRoom.id", "batchLoadings->pressingRoom"."name" AS "batchLoadings.pressingRoom.name", "batchLoadings->operator"."id" AS "batchLoadings.operator.id", "batchLoadings->operator"."firstname" AS "batchLoadings.operator.firstname", "batchLoadings->operator"."lastname" AS "batchLoadings.operator.lastname", "batchLoadings->operator"."email" AS "batchLoadings.operator.email" FROM (SELECT "Batch"."id", "Batch"."clientId", "Batch"."priceId", "Batch"."date_received", "Batch"."weight_in", "Batch"."weight_out", "Batch"."net_weight", "Batch"."number_of_boxes", "Batch"."status", "Batch"."operation_type", "Batch"."pressing_room_id", "Batch"."session_start_time", "Batch"."estimated_time", "Batch"."ticket_number", "Batch"."bidons_brought", "Batch"."number_of_bidons", "Batch"."boxes_loaded_to_pressing", "Batch"."boxes_committed_to_queue", "Batch"."taux", "Batch"."createdAt", "Batch"."updatedAt" FROM "batches" AS "Batch" ORDER BY "Batch"."date_received" DESC LIMIT 5 OFFSET 0) AS "Batch" LEFT OUTER JOIN "clients" AS "client" ON "Batch"."clientId" = "client"."id" LEFT OUTER JOIN "prices" AS "price" ON "Batch"."priceId" = "price"."id" LEFT OUTER JOIN "pressing_rooms" AS "pressingRoom" ON "Batch"."pressing_room_id" = "pressingRoom"."id" LEFT OUTER JOIN "oil_batches" AS "oilBatches" ON "Batch"."id" = "oilBatches"."batchId" LEFT OUTER JOIN "batch_loadings" AS "batchLoadings" ON "Batch"."id" = "batchLoadings"."batchId" LEFT OUTER JOIN "pressing_rooms" AS "batchLoadings->pressingRoom" ON "batchLoadings"."pressingRoomId" = "batchLoadings->pressingRoom"."id" LEFT OUTER JOIN "users" AS "batchLoadings->operator" ON "batchLoadings"."operatorId" = "batchLoadings->operator"."id" ORDER BY "Batch"."date_received" DESC;
[2025-11-03T18:42:51.279Z] GET /api/prices?latest=true - ::1
Executing (default): SELECT "id", "date", "milling_price_per_kg", "oil_client_selling_price_per_kg", "oil_export_selling_price_per_kg", "olive_buying_price_per_kg", "empty_bidon_price", "createdAt", "updatedAt" FROM "prices" AS "Price" ORDER BY "Price"."createdAt" DESC LIMIT 1;
[2025-11-03T18:44:29.922Z] GET /api/auth/me - ::1
Executing (default): SELECT "id", "email", "role", "firstname", "lastname", "createdAt", "updatedAt" FROM "users" AS "User" WHERE "User"."id" = 1;
[2025-11-03T18:44:30.272Z] GET /api/batches/next-ticket-number?date=2025-11-03 - ::1
[2025-11-03T18:44:30.272Z] GET /api/clients - ::1
Executing (default): SELECT "ticket_number" FROM "batches" AS "Batch" WHERE ("Batch"."date_received" >= '2025-11-02 23:00:00.000 +00:00' AND "Batch"."date_received" <= '2025-11-03 22:59:59.999 +00:00') ORDER BY "Batch"."date_received" DESC;
Executing (default): SELECT count("Client"."id") AS "count" FROM "clients" AS "Client" LEFT OUTER JOIN "batches" AS "batches" ON "Client"."id" = "batches"."clientId";
Executing (default): SELECT "Client".*, "batches"."id" AS "batches.id", "batches"."date_received" AS "batches.date_received", "batches"."status" AS "batches.status" FROM (SELECT "Client"."id", "Client"."firstname", "Client"."lastname", "Client"."phone", "Client"."address", "Client"."createdAt", "Client"."updatedAt" FROM "clients" AS "Client" ORDER BY "Client"."createdAt" DESC LIMIT 10 OFFSET 0) AS "Client" LEFT OUTER JOIN "batches" AS "batches" ON "Client"."id" = "batches"."clientId" ORDER BY "Client"."createdAt" DESC;
[2025-11-03T18:44:30.282Z] GET /api/batches?page=1&limit=5 - ::1
[2025-11-03T18:44:30.282Z] GET /api/prices?latest=true - ::1
Executing (default): SELECT count(*) AS "count" FROM "batches" AS "Batch";
Executing (default): SELECT "Batch".*, "client"."id" AS "client.id", "client"."firstname" AS "client.firstname", "client"."lastname" AS "client.lastname", "price"."id" AS "price.id", "price"."date" AS "price.date", "price"."milling_price_per_kg" AS "price.milling_price_per_kg", "price"."oil_client_selling_price_per_kg" AS "price.oil_client_selling_price_per_kg", "price"."oil_export_selling_price_per_kg" AS "price.oil_export_selling_price_per_kg", "price"."olive_buying_price_per_kg" AS "price.olive_buying_price_per_kg", "price"."empty_bidon_price" AS "price.empty_bidon_price", "price"."createdAt" AS "price.createdAt", "price"."updatedAt" AS "price.updatedAt", "pressingRoom"."id" AS "pressingRoom.id", "pressingRoom"."name" AS "pressingRoom.name", "oilBatches"."id" AS "oilBatches.id", "oilBatches"."weight" AS "oilBatches.weight", "oilBatches"."residue" AS "oilBatches.residue", "oilBatches"."batchId" AS "oilBatches.batchId", "oilBatches"."pressing_sessionId" AS "oilBatches.pressing_sessionId", "oilBatches"."createdAt" AS "oilBatches.createdAt", "oilBatches"."updatedAt" AS "oilBatches.updatedAt", "batchLoadings"."id" AS "batchLoadings.id", "batchLoadings"."batchId" AS "batchLoadings.batchId", "batchLoadings"."pressingSessionId" AS "batchLoadings.pressingSessionId", "batchLoadings"."pressingRoomId" AS "batchLoadings.pressingRoomId", "batchLoadings"."operatorId" AS "batchLoadings.operatorId", "batchLoadings"."boxesLoaded" AS "batchLoadings.boxesLoaded", "batchLoadings"."loadedAt" AS "batchLoadings.loadedAt", "batchLoadings"."notes" AS "batchLoadings.notes", "batchLoadings"."createdAt" AS "batchLoadings.createdAt", "batchLoadings"."updatedAt" AS "batchLoadings.updatedAt", "batchLoadings->pressingRoom"."id" AS "batchLoadings.pressingRoom.id", "batchLoadings->pressingRoom"."name" AS "batchLoadings.pressingRoom.name", "batchLoadings->operator"."id" AS "batchLoadings.operator.id", "batchLoadings->operator"."firstname" AS "batchLoadings.operator.firstname", "batchLoadings->operator"."lastname" AS "batchLoadings.operator.lastname", "batchLoadings->operator"."email" AS "batchLoadings.operator.email" FROM (SELECT "Batch"."id", "Batch"."clientId", "Batch"."priceId", "Batch"."date_received", "Batch"."weight_in", "Batch"."weight_out", "Batch"."net_weight", "Batch"."number_of_boxes", "Batch"."status", "Batch"."operation_type", "Batch"."pressing_room_id", "Batch"."session_start_time", "Batch"."estimated_time", "Batch"."ticket_number", "Batch"."bidons_brought", "Batch"."number_of_bidons", "Batch"."boxes_loaded_to_pressing", "Batch"."boxes_committed_to_queue", "Batch"."taux", "Batch"."createdAt", "Batch"."updatedAt" FROM "batches" AS "Batch" ORDER BY "Batch"."date_received" DESC LIMIT 5 OFFSET 0) AS "Batch" LEFT OUTER JOIN "clients" AS "client" ON "Batch"."clientId" = "client"."id" LEFT OUTER JOIN "prices" AS "price" ON "Batch"."priceId" = "price"."id" LEFT OUTER JOIN "pressing_rooms" AS "pressingRoom" ON "Batch"."pressing_room_id" = "pressingRoom"."id" LEFT OUTER JOIN "oil_batches" AS "oilBatches" ON "Batch"."id" = "oilBatches"."batchId" LEFT OUTER JOIN "batch_loadings" AS "batchLoadings" ON "Batch"."id" = "batchLoadings"."batchId" LEFT OUTER JOIN "pressing_rooms" AS "batchLoadings->pressingRoom" ON "batchLoadings"."pressingRoomId" = "batchLoadings->pressingRoom"."id" LEFT OUTER JOIN "users" AS "batchLoadings->operator" ON "batchLoadings"."operatorId" = "batchLoadings->operator"."id" ORDER BY "Batch"."date_received" DESC;
Executing (default): SELECT "id", "date", "milling_price_per_kg", "oil_client_selling_price_per_kg", "oil_export_selling_price_per_kg", "olive_buying_price_per_kg", "empty_bidon_price", "createdAt", "updatedAt" FROM "prices" AS "Price" ORDER BY "Price"."createdAt" DESC LIMIT 1;
[2025-11-03T18:45:04.120Z] GET /api/auth/me - ::1
[2025-11-03T18:45:04.120Z] GET /api/auth/me - ::1
Executing (default): SELECT "id", "email", "role", "firstname", "lastname", "createdAt", "updatedAt" FROM "users" AS "User" WHERE "User"."id" = 1;
Executing (default): SELECT "id", "email", "role", "firstname", "lastname", "createdAt", "updatedAt" FROM "users" AS "User" WHERE "User"."id" = 1;
[2025-11-03T18:45:04.487Z] GET /api/clients - ::1
Executing (default): SELECT count("Client"."id") AS "count" FROM "clients" AS "Client" LEFT OUTER JOIN "batches" AS "batches" ON "Client"."id" = "batches"."clientId";
Executing (default): SELECT "Client".*, "batches"."id" AS "batches.id", "batches"."date_received" AS "batches.date_received", "batches"."status" AS "batches.status" FROM (SELECT "Client"."id", "Client"."firstname", "Client"."lastname", "Client"."phone", "Client"."address", "Client"."createdAt", "Client"."updatedAt" FROM "clients" AS "Client" ORDER BY "Client"."createdAt" DESC LIMIT 10 OFFSET 0) AS "Client" LEFT OUTER JOIN "batches" AS "batches" ON "Client"."id" = "batches"."clientId" ORDER BY "Client"."createdAt" DESC;
[2025-11-03T18:45:04.510Z] GET /api/clients - ::1
Executing (default): SELECT count("Client"."id") AS "count" FROM "clients" AS "Client" LEFT OUTER JOIN "batches" AS "batches" ON "Client"."id" = "batches"."clientId";
Executing (default): SELECT "Client".*, "batches"."id" AS "batches.id", "batches"."date_received" AS "batches.date_received", "batches"."status" AS "batches.status" FROM (SELECT "Client"."id", "Client"."firstname", "Client"."lastname", "Client"."phone", "Client"."address", "Client"."createdAt", "Client"."updatedAt" FROM "clients" AS "Client" ORDER BY "Client"."createdAt" DESC LIMIT 10 OFFSET 0) AS "Client" LEFT OUTER JOIN "batches" AS "batches" ON "Client"."id" = "batches"."clientId" ORDER BY "Client"."createdAt" DESC;
[2025-11-03T18:45:04.515Z] GET /api/prices?latest=true - ::1
[2025-11-03T18:45:04.515Z] GET /api/prices?latest=true - ::1
[2025-11-03T18:45:04.518Z] GET /api/batches/next-ticket-number?date=2025-11-03 - ::1
[2025-11-03T18:45:04.519Z] GET /api/batches?page=1&limit=5 - ::1
[2025-11-03T18:45:04.519Z] GET /api/batches/next-ticket-number?date=2025-11-03 - ::1
[2025-11-03T18:45:04.519Z] GET /api/batches?page=1&limit=5 - ::1
Executing (default): SELECT "id", "date", "milling_price_per_kg", "oil_client_selling_price_per_kg", "oil_export_selling_price_per_kg", "olive_buying_price_per_kg", "empty_bidon_price", "createdAt", "updatedAt" FROM "prices" AS "Price" ORDER BY "Price"."createdAt" DESC LIMIT 1;
Executing (default): SELECT "id", "date", "milling_price_per_kg", "oil_client_selling_price_per_kg", "oil_export_selling_price_per_kg", "olive_buying_price_per_kg", "empty_bidon_price", "createdAt", "updatedAt" FROM "prices" AS "Price" ORDER BY "Price"."createdAt" DESC LIMIT 1;
Executing (default): SELECT "ticket_number" FROM "batches" AS "Batch" WHERE ("Batch"."date_received" >= '2025-11-02 23:00:00.000 +00:00' AND "Batch"."date_received" <= '2025-11-03 22:59:59.999 +00:00') ORDER BY "Batch"."date_received" DESC;
Executing (default): SELECT count(*) AS "count" FROM "batches" AS "Batch";
Executing (default): SELECT "ticket_number" FROM "batches" AS "Batch" WHERE ("Batch"."date_received" >= '2025-11-02 23:00:00.000 +00:00' AND "Batch"."date_received" <= '2025-11-03 22:59:59.999 +00:00') ORDER BY "Batch"."date_received" DESC;
Executing (default): SELECT count(*) AS "count" FROM "batches" AS "Batch";
Executing (default): SELECT "Batch".*, "client"."id" AS "client.id", "client"."firstname" AS "client.firstname", "client"."lastname" AS "client.lastname", "price"."id" AS "price.id", "price"."date" AS "price.date", "price"."milling_price_per_kg" AS "price.milling_price_per_kg", "price"."oil_client_selling_price_per_kg" AS "price.oil_client_selling_price_per_kg", "price"."oil_export_selling_price_per_kg" AS "price.oil_export_selling_price_per_kg", "price"."olive_buying_price_per_kg" AS "price.olive_buying_price_per_kg", "price"."empty_bidon_price" AS "price.empty_bidon_price", "price"."createdAt" AS "price.createdAt", "price"."updatedAt" AS "price.updatedAt", "pressingRoom"."id" AS "pressingRoom.id", "pressingRoom"."name" AS "pressingRoom.name", "oilBatches"."id" AS "oilBatches.id", "oilBatches"."weight" AS "oilBatches.weight", "oilBatches"."residue" AS "oilBatches.residue", "oilBatches"."batchId" AS "oilBatches.batchId", "oilBatches"."pressing_sessionId" AS "oilBatches.pressing_sessionId", "oilBatches"."createdAt" AS "oilBatches.createdAt", "oilBatches"."updatedAt" AS "oilBatches.updatedAt", "batchLoadings"."id" AS "batchLoadings.id", "batchLoadings"."batchId" AS "batchLoadings.batchId", "batchLoadings"."pressingSessionId" AS "batchLoadings.pressingSessionId", "batchLoadings"."pressingRoomId" AS "batchLoadings.pressingRoomId", "batchLoadings"."operatorId" AS "batchLoadings.operatorId", "batchLoadings"."boxesLoaded" AS "batchLoadings.boxesLoaded", "batchLoadings"."loadedAt" AS "batchLoadings.loadedAt", "batchLoadings"."notes" AS "batchLoadings.notes", "batchLoadings"."createdAt" AS "batchLoadings.createdAt", "batchLoadings"."updatedAt" AS "batchLoadings.updatedAt", "batchLoadings->pressingRoom"."id" AS "batchLoadings.pressingRoom.id", "batchLoadings->pressingRoom"."name" AS "batchLoadings.pressingRoom.name", "batchLoadings->operator"."id" AS "batchLoadings.operator.id", "batchLoadings->operator"."firstname" AS "batchLoadings.operator.firstname", "batchLoadings->operator"."lastname" AS "batchLoadings.operator.lastname", "batchLoadings->operator"."email" AS "batchLoadings.operator.email" FROM (SELECT "Batch"."id", "Batch"."clientId", "Batch"."priceId", "Batch"."date_received", "Batch"."weight_in", "Batch"."weight_out", "Batch"."net_weight", "Batch"."number_of_boxes", "Batch"."status", "Batch"."operation_type", "Batch"."pressing_room_id", "Batch"."session_start_time", "Batch"."estimated_time", "Batch"."ticket_number", "Batch"."bidons_brought", "Batch"."number_of_bidons", "Batch"."boxes_loaded_to_pressing", "Batch"."boxes_committed_to_queue", "Batch"."taux", "Batch"."createdAt", "Batch"."updatedAt" FROM "batches" AS "Batch" ORDER BY "Batch"."date_received" DESC LIMIT 5 OFFSET 0) AS "Batch" LEFT OUTER JOIN "clients" AS "client" ON "Batch"."clientId" = "client"."id" LEFT OUTER JOIN "prices" AS "price" ON "Batch"."priceId" = "price"."id" LEFT OUTER JOIN "pressing_rooms" AS "pressingRoom" ON "Batch"."pressing_room_id" = "pressingRoom"."id" LEFT OUTER JOIN "oil_batches" AS "oilBatches" ON "Batch"."id" = "oilBatches"."batchId" LEFT OUTER JOIN "batch_loadings" AS "batchLoadings" ON "Batch"."id" = "batchLoadings"."batchId" LEFT OUTER JOIN "pressing_rooms" AS "batchLoadings->pressingRoom" ON "batchLoadings"."pressingRoomId" = "batchLoadings->pressingRoom"."id" LEFT OUTER JOIN "users" AS "batchLoadings->operator" ON "batchLoadings"."operatorId" = "batchLoadings->operator"."id" ORDER BY "Batch"."date_received" DESC;
Executing (default): SELECT "Batch".*, "client"."id" AS "client.id", "client"."firstname" AS "client.firstname", "client"."lastname" AS "client.lastname", "price"."id" AS "price.id", "price"."date" AS "price.date", "price"."milling_price_per_kg" AS "price.milling_price_per_kg", "price"."oil_client_selling_price_per_kg" AS "price.oil_client_selling_price_per_kg", "price"."oil_export_selling_price_per_kg" AS "price.oil_export_selling_price_per_kg", "price"."olive_buying_price_per_kg" AS "price.olive_buying_price_per_kg", "price"."empty_bidon_price" AS "price.empty_bidon_price", "price"."createdAt" AS "price.createdAt", "price"."updatedAt" AS "price.updatedAt", "pressingRoom"."id" AS "pressingRoom.id", "pressingRoom"."name" AS "pressingRoom.name", "oilBatches"."id" AS "oilBatches.id", "oilBatches"."weight" AS "oilBatches.weight", "oilBatches"."residue" AS "oilBatches.residue", "oilBatches"."batchId" AS "oilBatches.batchId", "oilBatches"."pressing_sessionId" AS "oilBatches.pressing_sessionId", "oilBatches"."createdAt" AS "oilBatches.createdAt", "oilBatches"."updatedAt" AS "oilBatches.updatedAt", "batchLoadings"."id" AS "batchLoadings.id", "batchLoadings"."batchId" AS "batchLoadings.batchId", "batchLoadings"."pressingSessionId" AS "batchLoadings.pressingSessionId", "batchLoadings"."pressingRoomId" AS "batchLoadings.pressingRoomId", "batchLoadings"."operatorId" AS "batchLoadings.operatorId", "batchLoadings"."boxesLoaded" AS "batchLoadings.boxesLoaded", "batchLoadings"."loadedAt" AS "batchLoadings.loadedAt", "batchLoadings"."notes" AS "batchLoadings.notes", "batchLoadings"."createdAt" AS "batchLoadings.createdAt", "batchLoadings"."updatedAt" AS "batchLoadings.updatedAt", "batchLoadings->pressingRoom"."id" AS "batchLoadings.pressingRoom.id", "batchLoadings->pressingRoom"."name" AS "batchLoadings.pressingRoom.name", "batchLoadings->operator"."id" AS "batchLoadings.operator.id", "batchLoadings->operator"."firstname" AS "batchLoadings.operator.firstname", "batchLoadings->operator"."lastname" AS "batchLoadings.operator.lastname", "batchLoadings->operator"."email" AS "batchLoadings.operator.email" FROM (SELECT "Batch"."id", "Batch"."clientId", "Batch"."priceId", "Batch"."date_received", "Batch"."weight_in", "Batch"."weight_out", "Batch"."net_weight", "Batch"."number_of_boxes", "Batch"."status", "Batch"."operation_type", "Batch"."pressing_room_id", "Batch"."session_start_time", "Batch"."estimated_time", "Batch"."ticket_number", "Batch"."bidons_brought", "Batch"."number_of_bidons", "Batch"."boxes_loaded_to_pressing", "Batch"."boxes_committed_to_queue", "Batch"."taux", "Batch"."createdAt", "Batch"."updatedAt" FROM "batches" AS "Batch" ORDER BY "Batch"."date_received" DESC LIMIT 5 OFFSET 0) AS "Batch" LEFT OUTER JOIN "clients" AS "client" ON "Batch"."clientId" = "client"."id" LEFT OUTER JOIN "prices" AS "price" ON "Batch"."priceId" = "price"."id" LEFT OUTER JOIN "pressing_rooms" AS "pressingRoom" ON "Batch"."pressing_room_id" = "pressingRoom"."id" LEFT OUTER JOIN "oil_batches" AS "oilBatches" ON "Batch"."id" = "oilBatches"."batchId" LEFT OUTER JOIN "batch_loadings" AS "batchLoadings" ON "Batch"."id" = "batchLoadings"."batchId" LEFT OUTER JOIN "pressing_rooms" AS "batchLoadings->pressingRoom" ON "batchLoadings"."pressingRoomId" = "batchLoadings->pressingRoom"."id" LEFT OUTER JOIN "users" AS "batchLoadings->operator" ON "batchLoadings"."operatorId" = "batchLoadings->operator"."id" ORDER BY "Batch"."date_received" DESC;
[2025-11-03T18:45:15.684Z] GET /api/clients - ::1
[2025-11-03T18:45:15.725Z] GET /api/batches/next-ticket-number?date=2025-11-03 - ::1
[2025-11-03T18:45:15.727Z] GET /api/prices?latest=true - ::1
[2025-11-03T18:45:15.729Z] GET /api/batches?page=1&limit=5 - ::1
Executing (default): SELECT count("Client"."id") AS "count" FROM "clients" AS "Client" LEFT OUTER JOIN "batches" AS "batches" ON "Client"."id" = "batches"."clientId";
Executing (default): SELECT "Client".*, "batches"."id" AS "batches.id", "batches"."date_received" AS "batches.date_received", "batches"."status" AS "batches.status" FROM (SELECT "Client"."id", "Client"."firstname", "Client"."lastname", "Client"."phone", "Client"."address", "Client"."createdAt", "Client"."updatedAt" FROM "clients" AS "Client" ORDER BY "Client"."createdAt" DESC LIMIT 10 OFFSET 0) AS "Client" LEFT OUTER JOIN "batches" AS "batches" ON "Client"."id" = "batches"."clientId" ORDER BY "Client"."createdAt" DESC;
Executing (default): SELECT "ticket_number" FROM "batches" AS "Batch" WHERE ("Batch"."date_received" >= '2025-11-02 23:00:00.000 +00:00' AND "Batch"."date_received" <= '2025-11-03 22:59:59.999 +00:00') ORDER BY "Batch"."date_received" DESC;
Executing (default): SELECT count(*) AS "count" FROM "batches" AS "Batch";
Executing (default): SELECT "id", "date", "milling_price_per_kg", "oil_client_selling_price_per_kg", "oil_export_selling_price_per_kg", "olive_buying_price_per_kg", "empty_bidon_price", "createdAt", "updatedAt" FROM "prices" AS "Price" ORDER BY "Price"."createdAt" DESC LIMIT 1;
Executing (default): SELECT "Batch".*, "client"."id" AS "client.id", "client"."firstname" AS "client.firstname", "client"."lastname" AS "client.lastname", "price"."id" AS "price.id", "price"."date" AS "price.date", "price"."milling_price_per_kg" AS "price.milling_price_per_kg", "price"."oil_client_selling_price_per_kg" AS "price.oil_client_selling_price_per_kg", "price"."oil_export_selling_price_per_kg" AS "price.oil_export_selling_price_per_kg", "price"."olive_buying_price_per_kg" AS "price.olive_buying_price_per_kg", "price"."empty_bidon_price" AS "price.empty_bidon_price", "price"."createdAt" AS "price.createdAt", "price"."updatedAt" AS "price.updatedAt", "pressingRoom"."id" AS "pressingRoom.id", "pressingRoom"."name" AS "pressingRoom.name", "oilBatches"."id" AS "oilBatches.id", "oilBatches"."weight" AS "oilBatches.weight", "oilBatches"."residue" AS "oilBatches.residue", "oilBatches"."batchId" AS "oilBatches.batchId", "oilBatches"."pressing_sessionId" AS "oilBatches.pressing_sessionId", "oilBatches"."createdAt" AS "oilBatches.createdAt", "oilBatches"."updatedAt" AS "oilBatches.updatedAt", "batchLoadings"."id" AS "batchLoadings.id", "batchLoadings"."batchId" AS "batchLoadings.batchId", "batchLoadings"."pressingSessionId" AS "batchLoadings.pressingSessionId", "batchLoadings"."pressingRoomId" AS "batchLoadings.pressingRoomId", "batchLoadings"."operatorId" AS "batchLoadings.operatorId", "batchLoadings"."boxesLoaded" AS "batchLoadings.boxesLoaded", "batchLoadings"."loadedAt" AS "batchLoadings.loadedAt", "batchLoadings"."notes" AS "batchLoadings.notes", "batchLoadings"."createdAt" AS "batchLoadings.createdAt", "batchLoadings"."updatedAt" AS "batchLoadings.updatedAt", "batchLoadings->pressingRoom"."id" AS "batchLoadings.pressingRoom.id", "batchLoadings->pressingRoom"."name" AS "batchLoadings.pressingRoom.name", "batchLoadings->operator"."id" AS "batchLoadings.operator.id", "batchLoadings->operator"."firstname" AS "batchLoadings.operator.firstname", "batchLoadings->operator"."lastname" AS "batchLoadings.operator.lastname", "batchLoadings->operator"."email" AS "batchLoadings.operator.email" FROM (SELECT "Batch"."id", "Batch"."clientId", "Batch"."priceId", "Batch"."date_received", "Batch"."weight_in", "Batch"."weight_out", "Batch"."net_weight", "Batch"."number_of_boxes", "Batch"."status", "Batch"."operation_type", "Batch"."pressing_room_id", "Batch"."session_start_time", "Batch"."estimated_time", "Batch"."ticket_number", "Batch"."bidons_brought", "Batch"."number_of_bidons", "Batch"."boxes_loaded_to_pressing", "Batch"."boxes_committed_to_queue", "Batch"."taux", "Batch"."createdAt", "Batch"."updatedAt" FROM "batches" AS "Batch" ORDER BY "Batch"."date_received" DESC LIMIT 5 OFFSET 0) AS "Batch" LEFT OUTER JOIN "clients" AS "client" ON "Batch"."clientId" = "client"."id" LEFT OUTER JOIN "prices" AS "price" ON "Batch"."priceId" = "price"."id" LEFT OUTER JOIN "pressing_rooms" AS "pressingRoom" ON "Batch"."pressing_room_id" = "pressingRoom"."id" LEFT OUTER JOIN "oil_batches" AS "oilBatches" ON "Batch"."id" = "oilBatches"."batchId" LEFT OUTER JOIN "batch_loadings" AS "batchLoadings" ON "Batch"."id" = "batchLoadings"."batchId" LEFT OUTER JOIN "pressing_rooms" AS "batchLoadings->pressingRoom" ON "batchLoadings"."pressingRoomId" = "batchLoadings->pressingRoom"."id" LEFT OUTER JOIN "users" AS "batchLoadings->operator" ON "batchLoadings"."operatorId" = "batchLoadings->operator"."id" ORDER BY "Batch"."date_received" DESC;
[2025-11-03T18:45:18.591Z] GET /api/dashboard/overview - ::1
[2025-11-03T18:45:18.592Z] GET /api/dashboard/activity?limit=20 - ::1
Executing (default): SELECT sum("weight") AS "sum" FROM "oil_batches" AS "OilBatch";
Executing (default): SELECT sum("number_of_boxes") AS "sum" FROM "pressing_sessions" AS "PressingSession" WHERE "PressingSession"."finish" IS NULL;
Executing (default): SELECT count(*) AS "count" FROM "clients" AS "Client";
Executing (default): SELECT count(*) AS "count" FROM "batches" AS "Batch" WHERE "Batch"."status" IN ('received', 'in_process');
Executing (default): SELECT count(*) AS "count" FROM "invoices" AS "Invoice" WHERE "Invoice"."status" IN ('draft', 'sent', 'overdue');
Executing (default): SELECT count(*) AS "count" FROM "quality_tests" AS "QualityTest";
Executing (default): SELECT count(*) AS "count" FROM "batches" AS "Batch" WHERE "Batch"."createdAt" >= '2025-11-02 23:00:00.000 +00:00';
Executing (default): SELECT count(*) AS "count" FROM "pressing_sessions" AS "PressingSession" WHERE "PressingSession"."finish" IS NULL;
Executing (default): SELECT "id", "clientId", "priceId", "date_received", "weight_in", "weight_out", "net_weight", "number_of_boxes", "status", "operation_type", "pressing_room_id", "session_start_time", "estimated_time", "ticket_number", "bidons_brought", "number_of_bidons", "boxes_loaded_to_pressing", "boxes_committed_to_queue", "taux", "createdAt", "updatedAt" FROM "batches" AS "Batch" ORDER BY "Batch"."createdAt" DESC LIMIT 20;
Executing (default): SELECT "id", "start", "finish", "number_of_boxes", "pressing_roomID", "batch_id", "status", "oil_bidons_produced", "createdAt", "updatedAt" FROM "pressing_sessions" AS "PressingSession" ORDER BY "PressingSession"."createdAt" DESC LIMIT 20;
Executing (default): SELECT "id", "firstname", "lastname", "phone", "address", "createdAt", "updatedAt" FROM "clients" AS "Client" ORDER BY "Client"."createdAt" DESC LIMIT 20;
[2025-11-03T18:45:18.600Z] GET /api/pressing-rooms - ::1
Executing (default): SELECT "id", "clientId", "batchId", "amount", "status", "issue_date", "due_date", "notes", "createdAt", "updatedAt" FROM "invoices" AS "Invoice" WHERE "Invoice"."status" = 'paid';
Executing (default): SELECT "id", "name", "capacity", "createdAt", "updatedAt" FROM "pressing_rooms" AS "PressingRoom" ORDER BY "PressingRoom"."createdAt" ASC;
Executing (default): SELECT "PressingSession"."id", "PressingSession"."start", "PressingSession"."finish", "PressingSession"."number_of_boxes", "PressingSession"."pressing_roomID", "PressingSession"."batch_id", "PressingSession"."status", "PressingSession"."oil_bidons_produced", "PressingSession"."createdAt", "PressingSession"."updatedAt", "batch"."id" AS "batch.id", "batch"."clientId" AS "batch.clientId", "batch"."priceId" AS "batch.priceId", "batch"."date_received" AS "batch.date_received", "batch"."weight_in" AS "batch.weight_in", "batch"."weight_out" AS "batch.weight_out", "batch"."net_weight" AS "batch.net_weight", "batch"."number_of_boxes" AS "batch.number_of_boxes", "batch"."status" AS "batch.status", "batch"."operation_type" AS "batch.operation_type", "batch"."pressing_room_id" AS "batch.pressing_room_id", "batch"."session_start_time" AS "batch.session_start_time", "batch"."estimated_time" AS "batch.estimated_time", "batch"."ticket_number" AS "batch.ticket_number", "batch"."bidons_brought" AS "batch.bidons_brought", "batch"."number_of_bidons" AS "batch.number_of_bidons", "batch"."boxes_loaded_to_pressing" AS "batch.boxes_loaded_to_pressing", "batch"."boxes_committed_to_queue" AS "batch.boxes_committed_to_queue", "batch"."taux" AS "batch.taux", "batch"."createdAt" AS "batch.createdAt", "batch"."updatedAt" AS "batch.updatedAt", "batch->client"."id" AS "batch.client.id", "batch->client"."firstname" AS "batch.client.firstname", "batch->client"."lastname" AS "batch.client.lastname" FROM "pressing_sessions" AS "PressingSession" LEFT OUTER JOIN "batches" AS "batch" ON "PressingSession"."batch_id" = "batch"."id" LEFT OUTER JOIN "clients" AS "batch->client" ON "batch"."clientId" = "batch->client"."id" WHERE "PressingSession"."finish" IS NULL;
❌ CORS blocked origin: https://yassine-app-olive-mill.vercel.app
Error: Not allowed by CORS
    at origin (file:///D:/Yassine%20App/yassine_olive_mill_backend-fedi/yassine_olive_mill_backend-fedi/app.js:46:16)
    at D:\Yassine App\yassine_olive_mill_backend-fedi\yassine_olive_mill_backend-fedi\node_modules\cors\lib\index.js:219:13
    at optionsCallback (D:\Yassine App\yassine_olive_mill_backend-fedi\yassine_olive_mill_backend-fedi\node_modules\cors\lib\index.js:199:9)
    at corsMiddleware (D:\Yassine App\yassine_olive_mill_backend-fedi\yassine_olive_mill_backend-fedi\node_modules\cors\lib\index.js:204:7)
    at Layer.handle [as handle_request] (D:\Yassine App\yassine_olive_mill_backend-fedi\yassine_olive_mill_backend-fedi\node_modules\express\lib\router\layer.js:95:5)
    at trim_prefix (D:\Yassine App\yassine_olive_mill_backend-fedi\yassine_olive_mill_backend-fedi\node_modules\express\lib\router\index.js:328:13)
    at D:\Yassine App\yassine_olive_mill_backend-fedi\yassine_olive_mill_backend-fedi\node_modules\express\lib\router\index.js:286:9
    at Function.process_params (D:\Yassine App\yassine_olive_mill_backend-fedi\yassine_olive_mill_backend-fedi\node_modules\express\lib\router\index.js:346:12)
    at next (D:\Yassine App\yassine_olive_mill_backend-fedi\yassine_olive_mill_backend-fedi\node_modules\express\lib\router\index.js:280:10)
    at expressInit (D:\Yassine App\yassine_olive_mill_backend-fedi\yassine_olive_mill_backend-fedi\node_modules\express\lib\middleware\init.js:40:5)
[2025-11-03T18:45:53.585Z] POST /api/auth/login - ::1
[2025-11-03T18:45:53.585Z] Request body: {
  "email": "scanner@gmail.com"
}
Executing (default): SELECT "id", "email", "password", "role", "firstname", "lastname", "createdAt", "updatedAt" FROM "users" AS "User" WHERE "User"."email" = 'scanner@gmail.com';
[2025-11-03T18:46:08.471Z] POST /api/auth/login - ::1
[2025-11-03T18:46:08.471Z] Request body: {
  "email": "admin@gmail.com"
}
Executing (default): SELECT "id", "email", "password", "role", "firstname", "lastname", "createdAt", "updatedAt" FROM "users" AS "User" WHERE "User"."email" = 'admin@gmail.com';
[2025-11-03T18:46:09.017Z] GET /api/batches/next-ticket-number?date=2025-11-03 - ::1
Executing (default): SELECT "ticket_number" FROM "batches" AS "Batch" WHERE ("Batch"."date_received" >= '2025-11-02 23:00:00.000 +00:00' AND "Batch"."date_received" <= '2025-11-03 22:59:59.999 +00:00') ORDER BY "Batch"."date_received" DESC;
[2025-11-03T18:46:09.081Z] GET /api/clients - ::1
[2025-11-03T18:46:09.082Z] GET /api/prices?latest=true - ::1
[2025-11-03T18:46:09.082Z] GET /api/batches?page=1&limit=5 - ::1
Executing (default): SELECT count("Client"."id") AS "count" FROM "clients" AS "Client" LEFT OUTER JOIN "batches" AS "batches" ON "Client"."id" = "batches"."clientId";
Executing (default): SELECT "Client".*, "batches"."id" AS "batches.id", "batches"."date_received" AS "batches.date_received", "batches"."status" AS "batches.status" FROM (SELECT "Client"."id", "Client"."firstname", "Client"."lastname", "Client"."phone", "Client"."address", "Client"."createdAt", "Client"."updatedAt" FROM "clients" AS "Client" ORDER BY "Client"."createdAt" DESC LIMIT 10 OFFSET 0) AS "Client" LEFT OUTER JOIN "batches" AS "batches" ON "Client"."id" = "batches"."clientId" ORDER BY "Client"."createdAt" DESC;
Executing (default): SELECT count(*) AS "count" FROM "batches" AS "Batch";
Executing (default): SELECT "id", "date", "milling_price_per_kg", "oil_client_selling_price_per_kg", "oil_export_selling_price_per_kg", "olive_buying_price_per_kg", "empty_bidon_price", "createdAt", "updatedAt" FROM "prices" AS "Price" ORDER BY "Price"."createdAt" DESC LIMIT 1;
Executing (default): SELECT "Batch".*, "client"."id" AS "client.id", "client"."firstname" AS "client.firstname", "client"."lastname" AS "client.lastname", "price"."id" AS "price.id", "price"."date" AS "price.date", "price"."milling_price_per_kg" AS "price.milling_price_per_kg", "price"."oil_client_selling_price_per_kg" AS "price.oil_client_selling_price_per_kg", "price"."oil_export_selling_price_per_kg" AS "price.oil_export_selling_price_per_kg", "price"."olive_buying_price_per_kg" AS "price.olive_buying_price_per_kg", "price"."empty_bidon_price" AS "price.empty_bidon_price", "price"."createdAt" AS "price.createdAt", "price"."updatedAt" AS "price.updatedAt", "pressingRoom"."id" AS "pressingRoom.id", "pressingRoom"."name" AS "pressingRoom.name", "oilBatches"."id" AS "oilBatches.id", "oilBatches"."weight" AS "oilBatches.weight", "oilBatches"."residue" AS "oilBatches.residue", "oilBatches"."batchId" AS "oilBatches.batchId", "oilBatches"."pressing_sessionId" AS "oilBatches.pressing_sessionId", "oilBatches"."createdAt" AS "oilBatches.createdAt", "oilBatches"."updatedAt" AS "oilBatches.updatedAt", "batchLoadings"."id" AS "batchLoadings.id", "batchLoadings"."batchId" AS "batchLoadings.batchId", "batchLoadings"."pressingSessionId" AS "batchLoadings.pressingSessionId", "batchLoadings"."pressingRoomId" AS "batchLoadings.pressingRoomId", "batchLoadings"."operatorId" AS "batchLoadings.operatorId", "batchLoadings"."boxesLoaded" AS "batchLoadings.boxesLoaded", "batchLoadings"."loadedAt" AS "batchLoadings.loadedAt", "batchLoadings"."notes" AS "batchLoadings.notes", "batchLoadings"."createdAt" AS "batchLoadings.createdAt", "batchLoadings"."updatedAt" AS "batchLoadings.updatedAt", "batchLoadings->pressingRoom"."id" AS "batchLoadings.pressingRoom.id", "batchLoadings->pressingRoom"."name" AS "batchLoadings.pressingRoom.name", "batchLoadings->operator"."id" AS "batchLoadings.operator.id", "batchLoadings->operator"."firstname" AS "batchLoadings.operator.firstname", "batchLoadings->operator"."lastname" AS "batchLoadings.operator.lastname", "batchLoadings->operator"."email" AS "batchLoadings.operator.email" FROM (SELECT "Batch"."id", "Batch"."clientId", "Batch"."priceId", "Batch"."date_received", "Batch"."weight_in", "Batch"."weight_out", "Batch"."net_weight", "Batch"."number_of_boxes", "Batch"."status", "Batch"."operation_type", "Batch"."pressing_room_id", "Batch"."session_start_time", "Batch"."estimated_time", "Batch"."ticket_number", "Batch"."bidons_brought", "Batch"."number_of_bidons", "Batch"."boxes_loaded_to_pressing", "Batch"."boxes_committed_to_queue", "Batch"."taux", "Batch"."createdAt", "Batch"."updatedAt" FROM "batches" AS "Batch" ORDER BY "Batch"."date_received" DESC LIMIT 5 OFFSET 0) AS "Batch" LEFT OUTER JOIN "clients" AS "client" ON "Batch"."clientId" = "client"."id" LEFT OUTER JOIN "prices" AS "price" ON "Batch"."priceId" = "price"."id" LEFT OUTER JOIN "pressing_rooms" AS "pressingRoom" ON "Batch"."pressing_room_id" = "pressingRoom"."id" LEFT OUTER JOIN "oil_batches" AS "oilBatches" ON "Batch"."id" = "oilBatches"."batchId" LEFT OUTER JOIN "batch_loadings" AS "batchLoadings" ON "Batch"."id" = "batchLoadings"."batchId" LEFT OUTER JOIN "pressing_rooms" AS "batchLoadings->pressingRoom" ON "batchLoadings"."pressingRoomId" = "batchLoadings->pressingRoom"."id" LEFT OUTER JOIN "users" AS "batchLoadings->operator" ON "batchLoadings"."operatorId" = "batchLoadings->operator"."id" ORDER BY "Batch"."date_received" DESC;
[2025-11-03T18:46:13.009Z] GET /api/batches/16 - ::1
Executing (default): SELECT "Batch"."id", "Batch"."clientId", "Batch"."priceId", "Batch"."date_received", "Batch"."weight_in", "Batch"."weight_out", "Batch"."net_weight", "Batch"."number_of_boxes", "Batch"."status", "Batch"."operation_type", "Batch"."pressing_room_id", "Batch"."session_start_time", "Batch"."estimated_time", "Batch"."ticket_number", "Batch"."bidons_brought", "Batch"."number_of_bidons", "Batch"."boxes_loaded_to_pressing", "Batch"."boxes_committed_to_queue", "Batch"."taux", "Batch"."createdAt", "Batch"."updatedAt", "client"."id" AS "client.id", "client"."firstname" AS "client.firstname", "client"."lastname" AS "client.lastname", "client"."phone" AS "client.phone", "client"."address" AS "client.address", "client"."createdAt" AS "client.createdAt", "client"."updatedAt" AS "client.updatedAt", "oilBatches"."id" AS "oilBatches.id", "oilBatches"."weight" AS "oilBatches.weight", "oilBatches"."residue" AS "oilBatches.residue", "oilBatches"."batchId" AS "oilBatches.batchId", "oilBatches"."pressing_sessionId" AS "oilBatches.pressing_sessionId", "oilBatches"."createdAt" AS "oilBatches.createdAt", "oilBatches"."updatedAt" AS "oilBatches.updatedAt", "oilBatches->qualityTests"."id" AS "oilBatches.qualityTests.id", "oilBatches->qualityTests"."oil_batchId" AS "oilBatches.qualityTests.oil_batchId", "oilBatches->qualityTests"."acidity_level" AS "oilBatches.qualityTests.acidity_level", "oilBatches->qualityTests"."grade" AS "oilBatches.qualityTests.grade", "oilBatches->qualityTests"."test_date" AS "oilBatches.qualityTests.test_date", "oilBatches->qualityTests"."tested_by_employeeId" AS "oilBatches.qualityTests.tested_by_employeeId", "oilBatches->qualityTests"."createdAt" AS "oilBatches.qualityTests.createdAt", "oilBatches->qualityTests"."updatedAt" AS "oilBatches.qualityTests.updatedAt", "batchLoadings"."id" AS "batchLoadings.id", "batchLoadings"."batchId" AS "batchLoadings.batchId", "batchLoadings"."pressingSessionId" AS "batchLoadings.pressingSessionId", "batchLoadings"."pressingRoomId" AS "batchLoadings.pressingRoomId", "batchLoadings"."operatorId" AS "batchLoadings.operatorId", "batchLoadings"."boxesLoaded" AS "batchLoadings.boxesLoaded", "batchLoadings"."loadedAt" AS "batchLoadings.loadedAt", "batchLoadings"."notes" AS "batchLoadings.notes", "batchLoadings"."createdAt" AS "batchLoadings.createdAt", "batchLoadings"."updatedAt" AS "batchLoadings.updatedAt", "batchLoadings->pressingRoom"."id" AS "batchLoadings.pressingRoom.id", "batchLoadings->pressingRoom"."name" AS "batchLoadings.pressingRoom.name", "batchLoadings->operator"."id" AS "batchLoadings.operator.id", "batchLoadings->operator"."firstname" AS "batchLoadings.operator.firstname", "batchLoadings->operator"."lastname" AS "batchLoadings.operator.lastname", "batchLoadings->operator"."email" AS "batchLoadings.operator.email", "batchLoadings->pressingSession"."id" AS "batchLoadings.pressingSession.id", "batchLoadings->pressingSession"."start" AS "batchLoadings.pressingSession.start", "batchLoadings->pressingSession"."finish" AS "batchLoadings.pressingSession.finish" FROM "batches" AS "Batch" LEFT OUTER JOIN "clients" AS "client" ON "Batch"."clientId" = "client"."id" LEFT OUTER JOIN "oil_batches" AS "oilBatches" ON "Batch"."id" = "oilBatches"."batchId" LEFT OUTER JOIN "quality_tests" AS "oilBatches->qualityTests" ON "oilBatches"."id" = "oilBatches->qualityTests"."oil_batchId" LEFT OUTER JOIN "batch_loadings" AS "batchLoadings" ON "Batch"."id" = "batchLoadings"."batchId" LEFT OUTER JOIN "pressing_rooms" AS "batchLoadings->pressingRoom" ON "batchLoadings"."pressingRoomId" = "batchLoadings->pressingRoom"."id" LEFT OUTER JOIN "users" AS "batchLoadings->operator" ON "batchLoadings"."operatorId" = "batchLoadings->operator"."id" LEFT OUTER JOIN "pressing_sessions" AS "batchLoadings->pressingSession" ON "batchLoadings"."pressingSessionId" = "batchLoadings->pressingSession"."id" WHERE "Batch"."id" = '16';
[2025-11-03T18:46:13.164Z] GET /api/batches/16 - ::1
Executing (default): SELECT "Batch"."id", "Batch"."clientId", "Batch"."priceId", "Batch"."date_received", "Batch"."weight_in", "Batch"."weight_out", "Batch"."net_weight", "Batch"."number_of_boxes", "Batch"."status", "Batch"."operation_type", "Batch"."pressing_room_id", "Batch"."session_start_time", "Batch"."estimated_time", "Batch"."ticket_number", "Batch"."bidons_brought", "Batch"."number_of_bidons", "Batch"."boxes_loaded_to_pressing", "Batch"."boxes_committed_to_queue", "Batch"."taux", "Batch"."createdAt", "Batch"."updatedAt", "client"."id" AS "client.id", "client"."firstname" AS "client.firstname", "client"."lastname" AS "client.lastname", "client"."phone" AS "client.phone", "client"."address" AS "client.address", "client"."createdAt" AS "client.createdAt", "client"."updatedAt" AS "client.updatedAt", "oilBatches"."id" AS "oilBatches.id", "oilBatches"."weight" AS "oilBatches.weight", "oilBatches"."residue" AS "oilBatches.residue", "oilBatches"."batchId" AS "oilBatches.batchId", "oilBatches"."pressing_sessionId" AS "oilBatches.pressing_sessionId", "oilBatches"."createdAt" AS "oilBatches.createdAt", "oilBatches"."updatedAt" AS "oilBatches.updatedAt", "oilBatches->qualityTests"."id" AS "oilBatches.qualityTests.id", "oilBatches->qualityTests"."oil_batchId" AS "oilBatches.qualityTests.oil_batchId", "oilBatches->qualityTests"."acidity_level" AS "oilBatches.qualityTests.acidity_level", "oilBatches->qualityTests"."grade" AS "oilBatches.qualityTests.grade", "oilBatches->qualityTests"."test_date" AS "oilBatches.qualityTests.test_date", "oilBatches->qualityTests"."tested_by_employeeId" AS "oilBatches.qualityTests.tested_by_employeeId", "oilBatches->qualityTests"."createdAt" AS "oilBatches.qualityTests.createdAt", "oilBatches->qualityTests"."updatedAt" AS "oilBatches.qualityTests.updatedAt", "batchLoadings"."id" AS "batchLoadings.id", "batchLoadings"."batchId" AS "batchLoadings.batchId", "batchLoadings"."pressingSessionId" AS "batchLoadings.pressingSessionId", "batchLoadings"."pressingRoomId" AS "batchLoadings.pressingRoomId", "batchLoadings"."operatorId" AS "batchLoadings.operatorId", "batchLoadings"."boxesLoaded" AS "batchLoadings.boxesLoaded", "batchLoadings"."loadedAt" AS "batchLoadings.loadedAt", "batchLoadings"."notes" AS "batchLoadings.notes", "batchLoadings"."createdAt" AS "batchLoadings.createdAt", "batchLoadings"."updatedAt" AS "batchLoadings.updatedAt", "batchLoadings->pressingRoom"."id" AS "batchLoadings.pressingRoom.id", "batchLoadings->pressingRoom"."name" AS "batchLoadings.pressingRoom.name", "batchLoadings->operator"."id" AS "batchLoadings.operator.id", "batchLoadings->operator"."firstname" AS "batchLoadings.operator.firstname", "batchLoadings->operator"."lastname" AS "batchLoadings.operator.lastname", "batchLoadings->operator"."email" AS "batchLoadings.operator.email", "batchLoadings->pressingSession"."id" AS "batchLoadings.pressingSession.id", "batchLoadings->pressingSession"."start" AS "batchLoadings.pressingSession.start", "batchLoadings->pressingSession"."finish" AS "batchLoadings.pressingSession.finish" FROM "batches" AS "Batch" LEFT OUTER JOIN "clients" AS "client" ON "Batch"."clientId" = "client"."id" LEFT OUTER JOIN "oil_batches" AS "oilBatches" ON "Batch"."id" = "oilBatches"."batchId" LEFT OUTER JOIN "quality_tests" AS "oilBatches->qualityTests" ON "oilBatches"."id" = "oilBatches->qualityTests"."oil_batchId" LEFT OUTER JOIN "batch_loadings" AS "batchLoadings" ON "Batch"."id" = "batchLoadings"."batchId" LEFT OUTER JOIN "pressing_rooms" AS "batchLoadings->pressingRoom" ON "batchLoadings"."pressingRoomId" = "batchLoadings->pressingRoom"."id" LEFT OUTER JOIN "users" AS "batchLoadings->operator" ON "batchLoadings"."operatorId" = "batchLoadings->operator"."id" LEFT OUTER JOIN "pressing_sessions" AS "batchLoadings->pressingSession" ON "batchLoadings"."pressingSessionId" = "batchLoadings->pressingSession"."id" WHERE "Batch"."id" = '16';
[2025-11-03T18:46:13.412Z] GET /api/batches/16 - ::1
Executing (default): SELECT "Batch"."id", "Batch"."clientId", "Batch"."priceId", "Batch"."date_received", "Batch"."weight_in", "Batch"."weight_out", "Batch"."net_weight", "Batch"."number_of_boxes", "Batch"."status", "Batch"."operation_type", "Batch"."pressing_room_id", "Batch"."session_start_time", "Batch"."estimated_time", "Batch"."ticket_number", "Batch"."bidons_brought", "Batch"."number_of_bidons", "Batch"."boxes_loaded_to_pressing", "Batch"."boxes_committed_to_queue", "Batch"."taux", "Batch"."createdAt", "Batch"."updatedAt", "client"."id" AS "client.id", "client"."firstname" AS "client.firstname", "client"."lastname" AS "client.lastname", "client"."phone" AS "client.phone", "client"."address" AS "client.address", "client"."createdAt" AS "client.createdAt", "client"."updatedAt" AS "client.updatedAt", "oilBatches"."id" AS "oilBatches.id", "oilBatches"."weight" AS "oilBatches.weight", "oilBatches"."residue" AS "oilBatches.residue", "oilBatches"."batchId" AS "oilBatches.batchId", "oilBatches"."pressing_sessionId" AS "oilBatches.pressing_sessionId", "oilBatches"."createdAt" AS "oilBatches.createdAt", "oilBatches"."updatedAt" AS "oilBatches.updatedAt", "oilBatches->qualityTests"."id" AS "oilBatches.qualityTests.id", "oilBatches->qualityTests"."oil_batchId" AS "oilBatches.qualityTests.oil_batchId", "oilBatches->qualityTests"."acidity_level" AS "oilBatches.qualityTests.acidity_level", "oilBatches->qualityTests"."grade" AS "oilBatches.qualityTests.grade", "oilBatches->qualityTests"."test_date" AS "oilBatches.qualityTests.test_date", "oilBatches->qualityTests"."tested_by_employeeId" AS "oilBatches.qualityTests.tested_by_employeeId", "oilBatches->qualityTests"."createdAt" AS "oilBatches.qualityTests.createdAt", "oilBatches->qualityTests"."updatedAt" AS "oilBatches.qualityTests.updatedAt", "batchLoadings"."id" AS "batchLoadings.id", "batchLoadings"."batchId" AS "batchLoadings.batchId", "batchLoadings"."pressingSessionId" AS "batchLoadings.pressingSessionId", "batchLoadings"."pressingRoomId" AS "batchLoadings.pressingRoomId", "batchLoadings"."operatorId" AS "batchLoadings.operatorId", "batchLoadings"."boxesLoaded" AS "batchLoadings.boxesLoaded", "batchLoadings"."loadedAt" AS "batchLoadings.loadedAt", "batchLoadings"."notes" AS "batchLoadings.notes", "batchLoadings"."createdAt" AS "batchLoadings.createdAt", "batchLoadings"."updatedAt" AS "batchLoadings.updatedAt", "batchLoadings->pressingRoom"."id" AS "batchLoadings.pressingRoom.id", "batchLoadings->pressingRoom"."name" AS "batchLoadings.pressingRoom.name", "batchLoadings->operator"."id" AS "batchLoadings.operator.id", "batchLoadings->operator"."firstname" AS "batchLoadings.operator.firstname", "batchLoadings->operator"."lastname" AS "batchLoadings.operator.lastname", "batchLoadings->operator"."email" AS "batchLoadings.operator.email", "batchLoadings->pressingSession"."id" AS "batchLoadings.pressingSession.id", "batchLoadings->pressingSession"."start" AS "batchLoadings.pressingSession.start", "batchLoadings->pressingSession"."finish" AS "batchLoadings.pressingSession.finish" FROM "batches" AS "Batch" LEFT OUTER JOIN "clients" AS "client" ON "Batch"."clientId" = "client"."id" LEFT OUTER JOIN "oil_batches" AS "oilBatches" ON "Batch"."id" = "oilBatches"."batchId" LEFT OUTER JOIN "quality_tests" AS "oilBatches->qualityTests" ON "oilBatches"."id" = "oilBatches->qualityTests"."oil_batchId" LEFT OUTER JOIN "batch_loadings" AS "batchLoadings" ON "Batch"."id" = "batchLoadings"."batchId" LEFT OUTER JOIN "pressing_rooms" AS "batchLoadings->pressingRoom" ON "batchLoadings"."pressingRoomId" = "batchLoadings->pressingRoom"."id" LEFT OUTER JOIN "users" AS "batchLoadings->operator" ON "batchLoadings"."operatorId" = "batchLoadings->operator"."id" LEFT OUTER JOIN "pressing_sessions" AS "batchLoadings->pressingSession" ON "batchLoadings"."pressingSessionId" = "batchLoadings->pressingSession"."id" WHERE "Batch"."id" = '16';
[2025-11-03T18:46:52.903Z] POST /api/auth/login - ::1
[2025-11-03T18:46:52.903Z] Request body: {
  "email": "scanner@gmail.com"
}
Executing (default): SELECT "id", "email", "password", "role", "firstname", "lastname", "createdAt", "updatedAt" FROM "users" AS "User" WHERE "User"."email" = 'scanner@gmail.com';
[2025-11-03T18:46:57.542Z] GET /api/batches/16 - ::1
Executing (default): SELECT "Batch"."id", "Batch"."clientId", "Batch"."priceId", "Batch"."date_received", "Batch"."weight_in", "Batch"."weight_out", "Batch"."net_weight", "Batch"."number_of_boxes", "Batch"."status", "Batch"."operation_type", "Batch"."pressing_room_id", "Batch"."session_start_time", "Batch"."estimated_time", "Batch"."ticket_number", "Batch"."bidons_brought", "Batch"."number_of_bidons", "Batch"."boxes_loaded_to_pressing", "Batch"."boxes_committed_to_queue", "Batch"."taux", "Batch"."createdAt", "Batch"."updatedAt", "client"."id" AS "client.id", "client"."firstname" AS "client.firstname", "client"."lastname" AS "client.lastname", "client"."phone" AS "client.phone", "client"."address" AS "client.address", "client"."createdAt" AS "client.createdAt", "client"."updatedAt" AS "client.updatedAt", "oilBatches"."id" AS "oilBatches.id", "oilBatches"."weight" AS "oilBatches.weight", "oilBatches"."residue" AS "oilBatches.residue", "oilBatches"."batchId" AS "oilBatches.batchId", "oilBatches"."pressing_sessionId" AS "oilBatches.pressing_sessionId", "oilBatches"."createdAt" AS "oilBatches.createdAt", "oilBatches"."updatedAt" AS "oilBatches.updatedAt", "oilBatches->qualityTests"."id" AS "oilBatches.qualityTests.id", "oilBatches->qualityTests"."oil_batchId" AS "oilBatches.qualityTests.oil_batchId", "oilBatches->qualityTests"."acidity_level" AS "oilBatches.qualityTests.acidity_level", "oilBatches->qualityTests"."grade" AS "oilBatches.qualityTests.grade", "oilBatches->qualityTests"."test_date" AS "oilBatches.qualityTests.test_date", "oilBatches->qualityTests"."tested_by_employeeId" AS "oilBatches.qualityTests.tested_by_employeeId", "oilBatches->qualityTests"."createdAt" AS "oilBatches.qualityTests.createdAt", "oilBatches->qualityTests"."updatedAt" AS "oilBatches.qualityTests.updatedAt", "batchLoadings"."id" AS "batchLoadings.id", "batchLoadings"."batchId" AS "batchLoadings.batchId", "batchLoadings"."pressingSessionId" AS "batchLoadings.pressingSessionId", "batchLoadings"."pressingRoomId" AS "batchLoadings.pressingRoomId", "batchLoadings"."operatorId" AS "batchLoadings.operatorId", "batchLoadings"."boxesLoaded" AS "batchLoadings.boxesLoaded", "batchLoadings"."loadedAt" AS "batchLoadings.loadedAt", "batchLoadings"."notes" AS "batchLoadings.notes", "batchLoadings"."createdAt" AS "batchLoadings.createdAt", "batchLoadings"."updatedAt" AS "batchLoadings.updatedAt", "batchLoadings->pressingRoom"."id" AS "batchLoadings.pressingRoom.id", "batchLoadings->pressingRoom"."name" AS "batchLoadings.pressingRoom.name", "batchLoadings->operator"."id" AS "batchLoadings.operator.id", "batchLoadings->operator"."firstname" AS "batchLoadings.operator.firstname", "batchLoadings->operator"."lastname" AS "batchLoadings.operator.lastname", "batchLoadings->operator"."email" AS "batchLoadings.operator.email", "batchLoadings->pressingSession"."id" AS "batchLoadings.pressingSession.id", "batchLoadings->pressingSession"."start" AS "batchLoadings.pressingSession.start", "batchLoadings->pressingSession"."finish" AS "batchLoadings.pressingSession.finish" FROM "batches" AS "Batch" LEFT OUTER JOIN "clients" AS "client" ON "Batch"."clientId" = "client"."id" LEFT OUTER JOIN "oil_batches" AS "oilBatches" ON "Batch"."id" = "oilBatches"."batchId" LEFT OUTER JOIN "quality_tests" AS "oilBatches->qualityTests" ON "oilBatches"."id" = "oilBatches->qualityTests"."oil_batchId" LEFT OUTER JOIN "batch_loadings" AS "batchLoadings" ON "Batch"."id" = "batchLoadings"."batchId" LEFT OUTER JOIN "pressing_rooms" AS "batchLoadings->pressingRoom" ON "batchLoadings"."pressingRoomId" = "batchLoadings->pressingRoom"."id" LEFT OUTER JOIN "users" AS "batchLoadings->operator" ON "batchLoadings"."operatorId" = "batchLoadings->operator"."id" LEFT OUTER JOIN "pressing_sessions" AS "batchLoadings->pressingSession" ON "batchLoadings"."pressingSessionId" = "batchLoadings->pressingSession"."id" WHERE "Batch"."id" = '16';
[2025-11-03T18:46:57.552Z] GET /api/batches/16 - ::1
Executing (default): SELECT "Batch"."id", "Batch"."clientId", "Batch"."priceId", "Batch"."date_received", "Batch"."weight_in", "Batch"."weight_out", "Batch"."net_weight", "Batch"."number_of_boxes", "Batch"."status", "Batch"."operation_type", "Batch"."pressing_room_id", "Batch"."session_start_time", "Batch"."estimated_time", "Batch"."ticket_number", "Batch"."bidons_brought", "Batch"."number_of_bidons", "Batch"."boxes_loaded_to_pressing", "Batch"."boxes_committed_to_queue", "Batch"."taux", "Batch"."createdAt", "Batch"."updatedAt", "client"."id" AS "client.id", "client"."firstname" AS "client.firstname", "client"."lastname" AS "client.lastname", "client"."phone" AS "client.phone", "client"."address" AS "client.address", "client"."createdAt" AS "client.createdAt", "client"."updatedAt" AS "client.updatedAt", "oilBatches"."id" AS "oilBatches.id", "oilBatches"."weight" AS "oilBatches.weight", "oilBatches"."residue" AS "oilBatches.residue", "oilBatches"."batchId" AS "oilBatches.batchId", "oilBatches"."pressing_sessionId" AS "oilBatches.pressing_sessionId", "oilBatches"."createdAt" AS "oilBatches.createdAt", "oilBatches"."updatedAt" AS "oilBatches.updatedAt", "oilBatches->qualityTests"."id" AS "oilBatches.qualityTests.id", "oilBatches->qualityTests"."oil_batchId" AS "oilBatches.qualityTests.oil_batchId", "oilBatches->qualityTests"."acidity_level" AS "oilBatches.qualityTests.acidity_level", "oilBatches->qualityTests"."grade" AS "oilBatches.qualityTests.grade", "oilBatches->qualityTests"."test_date" AS "oilBatches.qualityTests.test_date", "oilBatches->qualityTests"."tested_by_employeeId" AS "oilBatches.qualityTests.tested_by_employeeId", "oilBatches->qualityTests"."createdAt" AS "oilBatches.qualityTests.createdAt", "oilBatches->qualityTests"."updatedAt" AS "oilBatches.qualityTests.updatedAt", "batchLoadings"."id" AS "batchLoadings.id", "batchLoadings"."batchId" AS "batchLoadings.batchId", "batchLoadings"."pressingSessionId" AS "batchLoadings.pressingSessionId", "batchLoadings"."pressingRoomId" AS "batchLoadings.pressingRoomId", "batchLoadings"."operatorId" AS "batchLoadings.operatorId", "batchLoadings"."boxesLoaded" AS "batchLoadings.boxesLoaded", "batchLoadings"."loadedAt" AS "batchLoadings.loadedAt", "batchLoadings"."notes" AS "batchLoadings.notes", "batchLoadings"."createdAt" AS "batchLoadings.createdAt", "batchLoadings"."updatedAt" AS "batchLoadings.updatedAt", "batchLoadings->pressingRoom"."id" AS "batchLoadings.pressingRoom.id", "batchLoadings->pressingRoom"."name" AS "batchLoadings.pressingRoom.name", "batchLoadings->operator"."id" AS "batchLoadings.operator.id", "batchLoadings->operator"."firstname" AS "batchLoadings.operator.firstname", "batchLoadings->operator"."lastname" AS "batchLoadings.operator.lastname", "batchLoadings->operator"."email" AS "batchLoadings.operator.email", "batchLoadings->pressingSession"."id" AS "batchLoadings.pressingSession.id", "batchLoadings->pressingSession"."start" AS "batchLoadings.pressingSession.start", "batchLoadings->pressingSession"."finish" AS "batchLoadings.pressingSession.finish" FROM "batches" AS "Batch" LEFT OUTER JOIN "clients" AS "client" ON "Batch"."clientId" = "client"."id" LEFT OUTER JOIN "oil_batches" AS "oilBatches" ON "Batch"."id" = "oilBatches"."batchId" LEFT OUTER JOIN "quality_tests" AS "oilBatches->qualityTests" ON "oilBatches"."id" = "oilBatches->qualityTests"."oil_batchId" LEFT OUTER JOIN "batch_loadings" AS "batchLoadings" ON "Batch"."id" = "batchLoadings"."batchId" LEFT OUTER JOIN "pressing_rooms" AS "batchLoadings->pressingRoom" ON "batchLoadings"."pressingRoomId" = "batchLoadings->pressingRoom"."id" LEFT OUTER JOIN "users" AS "batchLoadings->operator" ON "batchLoadings"."operatorId" = "batchLoadings->operator"."id" LEFT OUTER JOIN "pressing_sessions" AS "batchLoadings->pressingSession" ON "batchLoadings"."pressingSessionId" = "batchLoadings->pressingSession"."id" WHERE "Batch"."id" = '16';
[2025-11-03T18:46:57.840Z] GET /api/batches/16 - ::1
Executing (default): SELECT "Batch"."id", "Batch"."clientId", "Batch"."priceId", "Batch"."date_received", "Batch"."weight_in", "Batch"."weight_out", "Batch"."net_weight", "Batch"."number_of_boxes", "Batch"."status", "Batch"."operation_type", "Batch"."pressing_room_id", "Batch"."session_start_time", "Batch"."estimated_time", "Batch"."ticket_number", "Batch"."bidons_brought", "Batch"."number_of_bidons", "Batch"."boxes_loaded_to_pressing", "Batch"."boxes_committed_to_queue", "Batch"."taux", "Batch"."createdAt", "Batch"."updatedAt", "client"."id" AS "client.id", "client"."firstname" AS "client.firstname", "client"."lastname" AS "client.lastname", "client"."phone" AS "client.phone", "client"."address" AS "client.address", "client"."createdAt" AS "client.createdAt", "client"."updatedAt" AS "client.updatedAt", "oilBatches"."id" AS "oilBatches.id", "oilBatches"."weight" AS "oilBatches.weight", "oilBatches"."residue" AS "oilBatches.residue", "oilBatches"."batchId" AS "oilBatches.batchId", "oilBatches"."pressing_sessionId" AS "oilBatches.pressing_sessionId", "oilBatches"."createdAt" AS "oilBatches.createdAt", "oilBatches"."updatedAt" AS "oilBatches.updatedAt", "oilBatches->qualityTests"."id" AS "oilBatches.qualityTests.id", "oilBatches->qualityTests"."oil_batchId" AS "oilBatches.qualityTests.oil_batchId", "oilBatches->qualityTests"."acidity_level" AS "oilBatches.qualityTests.acidity_level", "oilBatches->qualityTests"."grade" AS "oilBatches.qualityTests.grade", "oilBatches->qualityTests"."test_date" AS "oilBatches.qualityTests.test_date", "oilBatches->qualityTests"."tested_by_employeeId" AS "oilBatches.qualityTests.tested_by_employeeId", "oilBatches->qualityTests"."createdAt" AS "oilBatches.qualityTests.createdAt", "oilBatches->qualityTests"."updatedAt" AS "oilBatches.qualityTests.updatedAt", "batchLoadings"."id" AS "batchLoadings.id", "batchLoadings"."batchId" AS "batchLoadings.batchId", "batchLoadings"."pressingSessionId" AS "batchLoadings.pressingSessionId", "batchLoadings"."pressingRoomId" AS "batchLoadings.pressingRoomId", "batchLoadings"."operatorId" AS "batchLoadings.operatorId", "batchLoadings"."boxesLoaded" AS "batchLoadings.boxesLoaded", "batchLoadings"."loadedAt" AS "batchLoadings.loadedAt", "batchLoadings"."notes" AS "batchLoadings.notes", "batchLoadings"."createdAt" AS "batchLoadings.createdAt", "batchLoadings"."updatedAt" AS "batchLoadings.updatedAt", "batchLoadings->pressingRoom"."id" AS "batchLoadings.pressingRoom.id", "batchLoadings->pressingRoom"."name" AS "batchLoadings.pressingRoom.name", "batchLoadings->operator"."id" AS "batchLoadings.operator.id", "batchLoadings->operator"."firstname" AS "batchLoadings.operator.firstname", "batchLoadings->operator"."lastname" AS "batchLoadings.operator.lastname", "batchLoadings->operator"."email" AS "batchLoadings.operator.email", "batchLoadings->pressingSession"."id" AS "batchLoadings.pressingSession.id", "batchLoadings->pressingSession"."start" AS "batchLoadings.pressingSession.start", "batchLoadings->pressingSession"."finish" AS "batchLoadings.pressingSession.finish" FROM "batches" AS "Batch" LEFT OUTER JOIN "clients" AS "client" ON "Batch"."clientId" = "client"."id" LEFT OUTER JOIN "oil_batches" AS "oilBatches" ON "Batch"."id" = "oilBatches"."batchId" LEFT OUTER JOIN "quality_tests" AS "oilBatches->qualityTests" ON "oilBatches"."id" = "oilBatches->qualityTests"."oil_batchId" LEFT OUTER JOIN "batch_loadings" AS "batchLoadings" ON "Batch"."id" = "batchLoadings"."batchId" LEFT OUTER JOIN "pressing_rooms" AS "batchLoadings->pressingRoom" ON "batchLoadings"."pressingRoomId" = "batchLoadings->pressingRoom"."id" LEFT OUTER JOIN "users" AS "batchLoadings->operator" ON "batchLoadings"."operatorId" = "batchLoadings->operator"."id" LEFT OUTER JOIN "pressing_sessions" AS "batchLoadings->pressingSession" ON "batchLoadings"."pressingSessionId" = "batchLoadings->pressingSession"."id" WHERE "Batch"."id" = '16';
[2025-11-03T18:47:05.122Z] PUT /api/batches/16 - ::1
[2025-11-03T18:47:05.122Z] Request body: {
  "number_of_boxes": 5,
  "bidons_brought": 0,
  "status": "completed"
}
Executing (default): SELECT "id", "clientId", "priceId", "date_received", "weight_in", "weight_out", "net_weight", "number_of_boxes", "status", "operation_type", "pressing_room_id", "session_start_time", "estimated_time", "ticket_number", "bidons_brought", "number_of_bidons", "boxes_loaded_to_pressing", "boxes_committed_to_queue", "taux", "createdAt", "updatedAt" FROM "batches" AS "Batch" WHERE "Batch"."id" = 16;
Executing (default): UPDATE "batches" SET "number_of_boxes"=$1,"status"=$2,"updatedAt"=$3 WHERE "id" = $4
Executing (default): SELECT "Batch"."id", "Batch"."clientId", "Batch"."priceId", "Batch"."date_received", "Batch"."weight_in", "Batch"."weight_out", "Batch"."net_weight", "Batch"."number_of_boxes", "Batch"."status", "Batch"."operation_type", "Batch"."pressing_room_id", "Batch"."session_start_time", "Batch"."estimated_time", "Batch"."ticket_number", "Batch"."bidons_brought", "Batch"."number_of_bidons", "Batch"."boxes_loaded_to_pressing", "Batch"."boxes_committed_to_queue", "Batch"."taux", "Batch"."createdAt", "Batch"."updatedAt", "client"."id" AS "client.id", "client"."firstname" AS "client.firstname", "client"."lastname" AS "client.lastname", "client"."phone" AS "client.phone", "client"."address" AS "client.address", "client"."createdAt" AS "client.createdAt", "client"."updatedAt" AS "client.updatedAt", "price"."id" AS "price.id", "price"."date" AS "price.date", "price"."milling_price_per_kg" AS "price.milling_price_per_kg", "price"."oil_client_selling_price_per_kg" AS "price.oil_client_selling_price_per_kg", "price"."oil_export_selling_price_per_kg" AS "price.oil_export_selling_price_per_kg", "price"."olive_buying_price_per_kg" AS "price.olive_buying_price_per_kg", "price"."empty_bidon_price" AS "price.empty_bidon_price", "price"."createdAt" AS "price.createdAt", "price"."updatedAt" AS "price.updatedAt" FROM "batches" AS "Batch" LEFT OUTER JOIN "clients" AS "client" ON "Batch"."clientId" = "client"."id" LEFT OUTER JOIN "prices" AS "price" ON "Batch"."priceId" = "price"."id" WHERE "Batch"."id" = 16;
[2025-11-03T18:47:22.122Z] POST /api/auth/login - ::1
[2025-11-03T18:47:22.122Z] Request body: {
  "email": "queuer@gmail.com"
}
Executing (default): SELECT "id", "email", "password", "role", "firstname", "lastname", "createdAt", "updatedAt" FROM "users" AS "User" WHERE "User"."email" = 'queuer@gmail.com';
[2025-11-03T18:47:22.624Z] GET /api/pressing-queue/partially-queued - ::1
[2025-11-03T18:47:22.625Z] GET /api/pressing-queue/partially-queued - ::1
Executing (default): SELECT "QueuerSession"."id", "QueuerSession"."queueId", "QueuerSession"."currentBatchId", "QueuerSession"."totalBoxes", "QueuerSession"."boxesQueued", "QueuerSession"."startedAt", "QueuerSession"."completedAt", "QueuerSession"."status", "QueuerSession"."createdAt", "QueuerSession"."updatedAt", "batch"."id" AS "batch.id", "batch"."clientId" AS "batch.clientId", "batch"."priceId" AS "batch.priceId", "batch"."date_received" AS "batch.date_received", "batch"."weight_in" AS "batch.weight_in", "batch"."weight_out" AS "batch.weight_out", "batch"."net_weight" AS "batch.net_weight", "batch"."number_of_boxes" AS "batch.number_of_boxes", "batch"."status" AS "batch.status", "batch"."operation_type" AS "batch.operation_type", "batch"."pressing_room_id" AS "batch.pressing_room_id", "batch"."session_start_time" AS "batch.session_start_time", "batch"."estimated_time" AS "batch.estimated_time", "batch"."ticket_number" AS "batch.ticket_number", "batch"."bidons_brought" AS "batch.bidons_brought", "batch"."number_of_bidons" AS "batch.number_of_bidons", "batch"."boxes_loaded_to_pressing" AS "batch.boxes_loaded_to_pressing", "batch"."boxes_committed_to_queue" AS "batch.boxes_committed_to_queue", "batch"."taux" AS "batch.taux", "batch"."createdAt" AS "batch.createdAt", "batch"."updatedAt" AS "batch.updatedAt", "batch->client"."id" AS "batch.client.id", "batch->client"."firstname" AS "batch.client.firstname", "batch->client"."lastname" AS "batch.client.lastname", "batch->client"."phone" AS "batch.client.phone", "batch->client"."address" AS "batch.client.address", "batch->client"."createdAt" AS "batch.client.createdAt", "batch->client"."updatedAt" AS "batch.client.updatedAt", "queuer"."id" AS "queuer.id", "queuer"."firstname" AS "queuer.firstname", "queuer"."lastname" AS "queuer.lastname" FROM "queuer_sessions" AS "QueuerSession" LEFT OUTER JOIN "batches" AS "batch" ON "QueuerSession"."currentBatchId" = "batch"."id" LEFT OUTER JOIN "clients" AS "batch->client" ON "batch"."clientId" = "batch->client"."id" LEFT OUTER JOIN "users" AS "queuer" ON "QueuerSession"."queueId" = "queuer"."id" WHERE "QueuerSession"."status" = 'active' ORDER BY "QueuerSession"."updatedAt" DESC;
Executing (default): SELECT "QueuerSession"."id", "QueuerSession"."queueId", "QueuerSession"."currentBatchId", "QueuerSession"."totalBoxes", "QueuerSession"."boxesQueued", "QueuerSession"."startedAt", "QueuerSession"."completedAt", "QueuerSession"."status", "QueuerSession"."createdAt", "QueuerSession"."updatedAt", "batch"."id" AS "batch.id", "batch"."clientId" AS "batch.clientId", "batch"."priceId" AS "batch.priceId", "batch"."date_received" AS "batch.date_received", "batch"."weight_in" AS "batch.weight_in", "batch"."weight_out" AS "batch.weight_out", "batch"."net_weight" AS "batch.net_weight", "batch"."number_of_boxes" AS "batch.number_of_boxes", "batch"."status" AS "batch.status", "batch"."operation_type" AS "batch.operation_type", "batch"."pressing_room_id" AS "batch.pressing_room_id", "batch"."session_start_time" AS "batch.session_start_time", "batch"."estimated_time" AS "batch.estimated_time", "batch"."ticket_number" AS "batch.ticket_number", "batch"."bidons_brought" AS "batch.bidons_brought", "batch"."number_of_bidons" AS "batch.number_of_bidons", "batch"."boxes_loaded_to_pressing" AS "batch.boxes_loaded_to_pressing", "batch"."boxes_committed_to_queue" AS "batch.boxes_committed_to_queue", "batch"."taux" AS "batch.taux", "batch"."createdAt" AS "batch.createdAt", "batch"."updatedAt" AS "batch.updatedAt", "batch->client"."id" AS "batch.client.id", "batch->client"."firstname" AS "batch.client.firstname", "batch->client"."lastname" AS "batch.client.lastname", "batch->client"."phone" AS "batch.client.phone", "batch->client"."address" AS "batch.client.address", "batch->client"."createdAt" AS "batch.client.createdAt", "batch->client"."updatedAt" AS "batch.client.updatedAt", "queuer"."id" AS "queuer.id", "queuer"."firstname" AS "queuer.firstname", "queuer"."lastname" AS "queuer.lastname" FROM "queuer_sessions" AS "QueuerSession" LEFT OUTER JOIN "batches" AS "batch" ON "QueuerSession"."currentBatchId" = "batch"."id" LEFT OUTER JOIN "clients" AS "batch->client" ON "batch"."clientId" = "batch->client"."id" LEFT OUTER JOIN "users" AS "queuer" ON "QueuerSession"."queueId" = "queuer"."id" WHERE "QueuerSession"."status" = 'active' ORDER BY "QueuerSession"."updatedAt" DESC;
[2025-11-03T18:47:25.904Z] GET /api/batches/16 - ::1
[2025-11-03T18:47:25.904Z] GET /api/batches/16 - ::1
Executing (default): SELECT "Batch"."id", "Batch"."clientId", "Batch"."priceId", "Batch"."date_received", "Batch"."weight_in", "Batch"."weight_out", "Batch"."net_weight", "Batch"."number_of_boxes", "Batch"."status", "Batch"."operation_type", "Batch"."pressing_room_id", "Batch"."session_start_time", "Batch"."estimated_time", "Batch"."ticket_number", "Batch"."bidons_brought", "Batch"."number_of_bidons", "Batch"."boxes_loaded_to_pressing", "Batch"."boxes_committed_to_queue", "Batch"."taux", "Batch"."createdAt", "Batch"."updatedAt", "client"."id" AS "client.id", "client"."firstname" AS "client.firstname", "client"."lastname" AS "client.lastname", "client"."phone" AS "client.phone", "client"."address" AS "client.address", "client"."createdAt" AS "client.createdAt", "client"."updatedAt" AS "client.updatedAt", "oilBatches"."id" AS "oilBatches.id", "oilBatches"."weight" AS "oilBatches.weight", "oilBatches"."residue" AS "oilBatches.residue", "oilBatches"."batchId" AS "oilBatches.batchId", "oilBatches"."pressing_sessionId" AS "oilBatches.pressing_sessionId", "oilBatches"."createdAt" AS "oilBatches.createdAt", "oilBatches"."updatedAt" AS "oilBatches.updatedAt", "oilBatches->qualityTests"."id" AS "oilBatches.qualityTests.id", "oilBatches->qualityTests"."oil_batchId" AS "oilBatches.qualityTests.oil_batchId", "oilBatches->qualityTests"."acidity_level" AS "oilBatches.qualityTests.acidity_level", "oilBatches->qualityTests"."grade" AS "oilBatches.qualityTests.grade", "oilBatches->qualityTests"."test_date" AS "oilBatches.qualityTests.test_date", "oilBatches->qualityTests"."tested_by_employeeId" AS "oilBatches.qualityTests.tested_by_employeeId", "oilBatches->qualityTests"."createdAt" AS "oilBatches.qualityTests.createdAt", "oilBatches->qualityTests"."updatedAt" AS "oilBatches.qualityTests.updatedAt", "batchLoadings"."id" AS "batchLoadings.id", "batchLoadings"."batchId" AS "batchLoadings.batchId", "batchLoadings"."pressingSessionId" AS "batchLoadings.pressingSessionId", "batchLoadings"."pressingRoomId" AS "batchLoadings.pressingRoomId", "batchLoadings"."operatorId" AS "batchLoadings.operatorId", "batchLoadings"."boxesLoaded" AS "batchLoadings.boxesLoaded", "batchLoadings"."loadedAt" AS "batchLoadings.loadedAt", "batchLoadings"."notes" AS "batchLoadings.notes", "batchLoadings"."createdAt" AS "batchLoadings.createdAt", "batchLoadings"."updatedAt" AS "batchLoadings.updatedAt", "batchLoadings->pressingRoom"."id" AS "batchLoadings.pressingRoom.id", "batchLoadings->pressingRoom"."name" AS "batchLoadings.pressingRoom.name", "batchLoadings->operator"."id" AS "batchLoadings.operator.id", "batchLoadings->operator"."firstname" AS "batchLoadings.operator.firstname", "batchLoadings->operator"."lastname" AS "batchLoadings.operator.lastname", "batchLoadings->operator"."email" AS "batchLoadings.operator.email", "batchLoadings->pressingSession"."id" AS "batchLoadings.pressingSession.id", "batchLoadings->pressingSession"."start" AS "batchLoadings.pressingSession.start", "batchLoadings->pressingSession"."finish" AS "batchLoadings.pressingSession.finish" FROM "batches" AS "Batch" LEFT OUTER JOIN "clients" AS "client" ON "Batch"."clientId" = "client"."id" LEFT OUTER JOIN "oil_batches" AS "oilBatches" ON "Batch"."id" = "oilBatches"."batchId" LEFT OUTER JOIN "quality_tests" AS "oilBatches->qualityTests" ON "oilBatches"."id" = "oilBatches->qualityTests"."oil_batchId" LEFT OUTER JOIN "batch_loadings" AS "batchLoadings" ON "Batch"."id" = "batchLoadings"."batchId" LEFT OUTER JOIN "pressing_rooms" AS "batchLoadings->pressingRoom" ON "batchLoadings"."pressingRoomId" = "batchLoadings->pressingRoom"."id" LEFT OUTER JOIN "users" AS "batchLoadings->operator" ON "batchLoadings"."operatorId" = "batchLoadings->operator"."id" LEFT OUTER JOIN "pressing_sessions" AS "batchLoadings->pressingSession" ON "batchLoadings"."pressingSessionId" = "batchLoadings->pressingSession"."id" WHERE "Batch"."id" = '16';
Executing (default): SELECT "Batch"."id", "Batch"."clientId", "Batch"."priceId", "Batch"."date_received", "Batch"."weight_in", "Batch"."weight_out", "Batch"."net_weight", "Batch"."number_of_boxes", "Batch"."status", "Batch"."operation_type", "Batch"."pressing_room_id", "Batch"."session_start_time", "Batch"."estimated_time", "Batch"."ticket_number", "Batch"."bidons_brought", "Batch"."number_of_bidons", "Batch"."boxes_loaded_to_pressing", "Batch"."boxes_committed_to_queue", "Batch"."taux", "Batch"."createdAt", "Batch"."updatedAt", "client"."id" AS "client.id", "client"."firstname" AS "client.firstname", "client"."lastname" AS "client.lastname", "client"."phone" AS "client.phone", "client"."address" AS "client.address", "client"."createdAt" AS "client.createdAt", "client"."updatedAt" AS "client.updatedAt", "oilBatches"."id" AS "oilBatches.id", "oilBatches"."weight" AS "oilBatches.weight", "oilBatches"."residue" AS "oilBatches.residue", "oilBatches"."batchId" AS "oilBatches.batchId", "oilBatches"."pressing_sessionId" AS "oilBatches.pressing_sessionId", "oilBatches"."createdAt" AS "oilBatches.createdAt", "oilBatches"."updatedAt" AS "oilBatches.updatedAt", "oilBatches->qualityTests"."id" AS "oilBatches.qualityTests.id", "oilBatches->qualityTests"."oil_batchId" AS "oilBatches.qualityTests.oil_batchId", "oilBatches->qualityTests"."acidity_level" AS "oilBatches.qualityTests.acidity_level", "oilBatches->qualityTests"."grade" AS "oilBatches.qualityTests.grade", "oilBatches->qualityTests"."test_date" AS "oilBatches.qualityTests.test_date", "oilBatches->qualityTests"."tested_by_employeeId" AS "oilBatches.qualityTests.tested_by_employeeId", "oilBatches->qualityTests"."createdAt" AS "oilBatches.qualityTests.createdAt", "oilBatches->qualityTests"."updatedAt" AS "oilBatches.qualityTests.updatedAt", "batchLoadings"."id" AS "batchLoadings.id", "batchLoadings"."batchId" AS "batchLoadings.batchId", "batchLoadings"."pressingSessionId" AS "batchLoadings.pressingSessionId", "batchLoadings"."pressingRoomId" AS "batchLoadings.pressingRoomId", "batchLoadings"."operatorId" AS "batchLoadings.operatorId", "batchLoadings"."boxesLoaded" AS "batchLoadings.boxesLoaded", "batchLoadings"."loadedAt" AS "batchLoadings.loadedAt", "batchLoadings"."notes" AS "batchLoadings.notes", "batchLoadings"."createdAt" AS "batchLoadings.createdAt", "batchLoadings"."updatedAt" AS "batchLoadings.updatedAt", "batchLoadings->pressingRoom"."id" AS "batchLoadings.pressingRoom.id", "batchLoadings->pressingRoom"."name" AS "batchLoadings.pressingRoom.name", "batchLoadings->operator"."id" AS "batchLoadings.operator.id", "batchLoadings->operator"."firstname" AS "batchLoadings.operator.firstname", "batchLoadings->operator"."lastname" AS "batchLoadings.operator.lastname", "batchLoadings->operator"."email" AS "batchLoadings.operator.email", "batchLoadings->pressingSession"."id" AS "batchLoadings.pressingSession.id", "batchLoadings->pressingSession"."start" AS "batchLoadings.pressingSession.start", "batchLoadings->pressingSession"."finish" AS "batchLoadings.pressingSession.finish" FROM "batches" AS "Batch" LEFT OUTER JOIN "clients" AS "client" ON "Batch"."clientId" = "client"."id" LEFT OUTER JOIN "oil_batches" AS "oilBatches" ON "Batch"."id" = "oilBatches"."batchId" LEFT OUTER JOIN "quality_tests" AS "oilBatches->qualityTests" ON "oilBatches"."id" = "oilBatches->qualityTests"."oil_batchId" LEFT OUTER JOIN "batch_loadings" AS "batchLoadings" ON "Batch"."id" = "batchLoadings"."batchId" LEFT OUTER JOIN "pressing_rooms" AS "batchLoadings->pressingRoom" ON "batchLoadings"."pressingRoomId" = "batchLoadings->pressingRoom"."id" LEFT OUTER JOIN "users" AS "batchLoadings->operator" ON "batchLoadings"."operatorId" = "batchLoadings->operator"."id" LEFT OUTER JOIN "pressing_sessions" AS "batchLoadings->pressingSession" ON "batchLoadings"."pressingSessionId" = "batchLoadings->pressingSession"."id" WHERE "Batch"."id" = '16';
[2025-11-03T18:47:26.102Z] GET /api/pressing-queue/partially-queued - ::1
Executing (default): SELECT "QueuerSession"."id", "QueuerSession"."queueId", "QueuerSession"."currentBatchId", "QueuerSession"."totalBoxes", "QueuerSession"."boxesQueued", "QueuerSession"."startedAt", "QueuerSession"."completedAt", "QueuerSession"."status", "QueuerSession"."createdAt", "QueuerSession"."updatedAt", "batch"."id" AS "batch.id", "batch"."clientId" AS "batch.clientId", "batch"."priceId" AS "batch.priceId", "batch"."date_received" AS "batch.date_received", "batch"."weight_in" AS "batch.weight_in", "batch"."weight_out" AS "batch.weight_out", "batch"."net_weight" AS "batch.net_weight", "batch"."number_of_boxes" AS "batch.number_of_boxes", "batch"."status" AS "batch.status", "batch"."operation_type" AS "batch.operation_type", "batch"."pressing_room_id" AS "batch.pressing_room_id", "batch"."session_start_time" AS "batch.session_start_time", "batch"."estimated_time" AS "batch.estimated_time", "batch"."ticket_number" AS "batch.ticket_number", "batch"."bidons_brought" AS "batch.bidons_brought", "batch"."number_of_bidons" AS "batch.number_of_bidons", "batch"."boxes_loaded_to_pressing" AS "batch.boxes_loaded_to_pressing", "batch"."boxes_committed_to_queue" AS "batch.boxes_committed_to_queue", "batch"."taux" AS "batch.taux", "batch"."createdAt" AS "batch.createdAt", "batch"."updatedAt" AS "batch.updatedAt", "batch->client"."id" AS "batch.client.id", "batch->client"."firstname" AS "batch.client.firstname", "batch->client"."lastname" AS "batch.client.lastname", "batch->client"."phone" AS "batch.client.phone", "batch->client"."address" AS "batch.client.address", "batch->client"."createdAt" AS "batch.client.createdAt", "batch->client"."updatedAt" AS "batch.client.updatedAt", "queuer"."id" AS "queuer.id", "queuer"."firstname" AS "queuer.firstname", "queuer"."lastname" AS "queuer.lastname" FROM "queuer_sessions" AS "QueuerSession" LEFT OUTER JOIN "batches" AS "batch" ON "QueuerSession"."currentBatchId" = "batch"."id" LEFT OUTER JOIN "clients" AS "batch->client" ON "batch"."clientId" = "batch->client"."id" LEFT OUTER JOIN "users" AS "queuer" ON "QueuerSession"."queueId" = "queuer"."id" WHERE "QueuerSession"."status" = 'active' ORDER BY "QueuerSession"."updatedAt" DESC;
[2025-11-03T18:47:26.105Z] GET /api/batches/16 - ::1
Executing (default): SELECT "Batch"."id", "Batch"."clientId", "Batch"."priceId", "Batch"."date_received", "Batch"."weight_in", "Batch"."weight_out", "Batch"."net_weight", "Batch"."number_of_boxes", "Batch"."status", "Batch"."operation_type", "Batch"."pressing_room_id", "Batch"."session_start_time", "Batch"."estimated_time", "Batch"."ticket_number", "Batch"."bidons_brought", "Batch"."number_of_bidons", "Batch"."boxes_loaded_to_pressing", "Batch"."boxes_committed_to_queue", "Batch"."taux", "Batch"."createdAt", "Batch"."updatedAt", "client"."id" AS "client.id", "client"."firstname" AS "client.firstname", "client"."lastname" AS "client.lastname", "client"."phone" AS "client.phone", "client"."address" AS "client.address", "client"."createdAt" AS "client.createdAt", "client"."updatedAt" AS "client.updatedAt", "oilBatches"."id" AS "oilBatches.id", "oilBatches"."weight" AS "oilBatches.weight", "oilBatches"."residue" AS "oilBatches.residue", "oilBatches"."batchId" AS "oilBatches.batchId", "oilBatches"."pressing_sessionId" AS "oilBatches.pressing_sessionId", "oilBatches"."createdAt" AS "oilBatches.createdAt", "oilBatches"."updatedAt" AS "oilBatches.updatedAt", "oilBatches->qualityTests"."id" AS "oilBatches.qualityTests.id", "oilBatches->qualityTests"."oil_batchId" AS "oilBatches.qualityTests.oil_batchId", "oilBatches->qualityTests"."acidity_level" AS "oilBatches.qualityTests.acidity_level", "oilBatches->qualityTests"."grade" AS "oilBatches.qualityTests.grade", "oilBatches->qualityTests"."test_date" AS "oilBatches.qualityTests.test_date", "oilBatches->qualityTests"."tested_by_employeeId" AS "oilBatches.qualityTests.tested_by_employeeId", "oilBatches->qualityTests"."createdAt" AS "oilBatches.qualityTests.createdAt", "oilBatches->qualityTests"."updatedAt" AS "oilBatches.qualityTests.updatedAt", "batchLoadings"."id" AS "batchLoadings.id", "batchLoadings"."batchId" AS "batchLoadings.batchId", "batchLoadings"."pressingSessionId" AS "batchLoadings.pressingSessionId", "batchLoadings"."pressingRoomId" AS "batchLoadings.pressingRoomId", "batchLoadings"."operatorId" AS "batchLoadings.operatorId", "batchLoadings"."boxesLoaded" AS "batchLoadings.boxesLoaded", "batchLoadings"."loadedAt" AS "batchLoadings.loadedAt", "batchLoadings"."notes" AS "batchLoadings.notes", "batchLoadings"."createdAt" AS "batchLoadings.createdAt", "batchLoadings"."updatedAt" AS "batchLoadings.updatedAt", "batchLoadings->pressingRoom"."id" AS "batchLoadings.pressingRoom.id", "batchLoadings->pressingRoom"."name" AS "batchLoadings.pressingRoom.name", "batchLoadings->operator"."id" AS "batchLoadings.operator.id", "batchLoadings->operator"."firstname" AS "batchLoadings.operator.firstname", "batchLoadings->operator"."lastname" AS "batchLoadings.operator.lastname", "batchLoadings->operator"."email" AS "batchLoadings.operator.email", "batchLoadings->pressingSession"."id" AS "batchLoadings.pressingSession.id", "batchLoadings->pressingSession"."start" AS "batchLoadings.pressingSession.start", "batchLoadings->pressingSession"."finish" AS "batchLoadings.pressingSession.finish" FROM "batches" AS "Batch" LEFT OUTER JOIN "clients" AS "client" ON "Batch"."clientId" = "client"."id" LEFT OUTER JOIN "oil_batches" AS "oilBatches" ON "Batch"."id" = "oilBatches"."batchId" LEFT OUTER JOIN "quality_tests" AS "oilBatches->qualityTests" ON "oilBatches"."id" = "oilBatches->qualityTests"."oil_batchId" LEFT OUTER JOIN "batch_loadings" AS "batchLoadings" ON "Batch"."id" = "batchLoadings"."batchId" LEFT OUTER JOIN "pressing_rooms" AS "batchLoadings->pressingRoom" ON "batchLoadings"."pressingRoomId" = "batchLoadings->pressingRoom"."id" LEFT OUTER JOIN "users" AS "batchLoadings->operator" ON "batchLoadings"."operatorId" = "batchLoadings->operator"."id" LEFT OUTER JOIN "pressing_sessions" AS "batchLoadings->pressingSession" ON "batchLoadings"."pressingSessionId" = "batchLoadings->pressingSession"."id" WHERE "Batch"."id" = '16';
[2025-11-03T18:47:26.108Z] GET /api/pressing-queue/partially-queued - ::1
Executing (default): SELECT "QueuerSession"."id", "QueuerSession"."queueId", "QueuerSession"."currentBatchId", "QueuerSession"."totalBoxes", "QueuerSession"."boxesQueued", "QueuerSession"."startedAt", "QueuerSession"."completedAt", "QueuerSession"."status", "QueuerSession"."createdAt", "QueuerSession"."updatedAt", "batch"."id" AS "batch.id", "batch"."clientId" AS "batch.clientId", "batch"."priceId" AS "batch.priceId", "batch"."date_received" AS "batch.date_received", "batch"."weight_in" AS "batch.weight_in", "batch"."weight_out" AS "batch.weight_out", "batch"."net_weight" AS "batch.net_weight", "batch"."number_of_boxes" AS "batch.number_of_boxes", "batch"."status" AS "batch.status", "batch"."operation_type" AS "batch.operation_type", "batch"."pressing_room_id" AS "batch.pressing_room_id", "batch"."session_start_time" AS "batch.session_start_time", "batch"."estimated_time" AS "batch.estimated_time", "batch"."ticket_number" AS "batch.ticket_number", "batch"."bidons_brought" AS "batch.bidons_brought", "batch"."number_of_bidons" AS "batch.number_of_bidons", "batch"."boxes_loaded_to_pressing" AS "batch.boxes_loaded_to_pressing", "batch"."boxes_committed_to_queue" AS "batch.boxes_committed_to_queue", "batch"."taux" AS "batch.taux", "batch"."createdAt" AS "batch.createdAt", "batch"."updatedAt" AS "batch.updatedAt", "batch->client"."id" AS "batch.client.id", "batch->client"."firstname" AS "batch.client.firstname", "batch->client"."lastname" AS "batch.client.lastname", "batch->client"."phone" AS "batch.client.phone", "batch->client"."address" AS "batch.client.address", "batch->client"."createdAt" AS "batch.client.createdAt", "batch->client"."updatedAt" AS "batch.client.updatedAt", "queuer"."id" AS "queuer.id", "queuer"."firstname" AS "queuer.firstname", "queuer"."lastname" AS "queuer.lastname" FROM "queuer_sessions" AS "QueuerSession" LEFT OUTER JOIN "batches" AS "batch" ON "QueuerSession"."currentBatchId" = "batch"."id" LEFT OUTER JOIN "clients" AS "batch->client" ON "batch"."clientId" = "batch->client"."id" LEFT OUTER JOIN "users" AS "queuer" ON "QueuerSession"."queueId" = "queuer"."id" WHERE "QueuerSession"."status" = 'active' ORDER BY "QueuerSession"."updatedAt" DESC;
[2025-11-03T18:47:26.244Z] GET /api/pressing-queue/partially-queued - ::1
Executing (default): SELECT "QueuerSession"."id", "QueuerSession"."queueId", "QueuerSession"."currentBatchId", "QueuerSession"."totalBoxes", "QueuerSession"."boxesQueued", "QueuerSession"."startedAt", "QueuerSession"."completedAt", "QueuerSession"."status", "QueuerSession"."createdAt", "QueuerSession"."updatedAt", "batch"."id" AS "batch.id", "batch"."clientId" AS "batch.clientId", "batch"."priceId" AS "batch.priceId", "batch"."date_received" AS "batch.date_received", "batch"."weight_in" AS "batch.weight_in", "batch"."weight_out" AS "batch.weight_out", "batch"."net_weight" AS "batch.net_weight", "batch"."number_of_boxes" AS "batch.number_of_boxes", "batch"."status" AS "batch.status", "batch"."operation_type" AS "batch.operation_type", "batch"."pressing_room_id" AS "batch.pressing_room_id", "batch"."session_start_time" AS "batch.session_start_time", "batch"."estimated_time" AS "batch.estimated_time", "batch"."ticket_number" AS "batch.ticket_number", "batch"."bidons_brought" AS "batch.bidons_brought", "batch"."number_of_bidons" AS "batch.number_of_bidons", "batch"."boxes_loaded_to_pressing" AS "batch.boxes_loaded_to_pressing", "batch"."boxes_committed_to_queue" AS "batch.boxes_committed_to_queue", "batch"."taux" AS "batch.taux", "batch"."createdAt" AS "batch.createdAt", "batch"."updatedAt" AS "batch.updatedAt", "batch->client"."id" AS "batch.client.id", "batch->client"."firstname" AS "batch.client.firstname", "batch->client"."lastname" AS "batch.client.lastname", "batch->client"."phone" AS "batch.client.phone", "batch->client"."address" AS "batch.client.address", "batch->client"."createdAt" AS "batch.client.createdAt", "batch->client"."updatedAt" AS "batch.client.updatedAt", "queuer"."id" AS "queuer.id", "queuer"."firstname" AS "queuer.firstname", "queuer"."lastname" AS "queuer.lastname" FROM "queuer_sessions" AS "QueuerSession" LEFT OUTER JOIN "batches" AS "batch" ON "QueuerSession"."currentBatchId" = "batch"."id" LEFT OUTER JOIN "clients" AS "batch->client" ON "batch"."clientId" = "batch->client"."id" LEFT OUTER JOIN "users" AS "queuer" ON "QueuerSession"."queueId" = "queuer"."id" WHERE "QueuerSession"."status" = 'active' ORDER BY "QueuerSession"."updatedAt" DESC;
[2025-11-03T18:47:34.972Z] POST /api/pressing-queue - ::1
[2025-11-03T18:47:34.972Z] Request body: {
  "ticketId": "16",
  "number_of_boxes": 3,
  "operator_id": 5,
  "notes": "Added to queue by queuer"
}
Executing (default): SELECT "Batch"."id", "Batch"."clientId", "Batch"."priceId", "Batch"."date_received", "Batch"."weight_in", "Batch"."weight_out", "Batch"."net_weight", "Batch"."number_of_boxes", "Batch"."status", "Batch"."operation_type", "Batch"."pressing_room_id", "Batch"."session_start_time", "Batch"."estimated_time", "Batch"."ticket_number", "Batch"."bidons_brought", "Batch"."number_of_bidons", "Batch"."boxes_loaded_to_pressing", "Batch"."boxes_committed_to_queue", "Batch"."taux", "Batch"."createdAt", "Batch"."updatedAt", "client"."id" AS "client.id", "client"."firstname" AS "client.firstname", "client"."lastname" AS "client.lastname", "client"."phone" AS "client.phone", "client"."address" AS "client.address", "client"."createdAt" AS "client.createdAt", "client"."updatedAt" AS "client.updatedAt" FROM "batches" AS "Batch" LEFT OUTER JOIN "clients" AS "client" ON "Batch"."clientId" = "client"."id" WHERE "Batch"."id" = '16';
Executing (default): SELECT "QueuerSession"."id", "QueuerSession"."queueId", "QueuerSession"."currentBatchId", "QueuerSession"."totalBoxes", "QueuerSession"."boxesQueued", "QueuerSession"."startedAt", "QueuerSession"."completedAt", "QueuerSession"."status", "QueuerSession"."createdAt", "QueuerSession"."updatedAt", "batch"."id" AS "batch.id", "batch"."clientId" AS "batch.clientId", "batch"."priceId" AS "batch.priceId", "batch"."date_received" AS "batch.date_received", "batch"."weight_in" AS "batch.weight_in", "batch"."weight_out" AS "batch.weight_out", "batch"."net_weight" AS "batch.net_weight", "batch"."number_of_boxes" AS "batch.number_of_boxes", "batch"."status" AS "batch.status", "batch"."operation_type" AS "batch.operation_type", "batch"."pressing_room_id" AS "batch.pressing_room_id", "batch"."session_start_time" AS "batch.session_start_time", "batch"."estimated_time" AS "batch.estimated_time", "batch"."ticket_number" AS "batch.ticket_number", "batch"."bidons_brought" AS "batch.bidons_brought", "batch"."number_of_bidons" AS "batch.number_of_bidons", "batch"."boxes_loaded_to_pressing" AS "batch.boxes_loaded_to_pressing", "batch"."boxes_committed_to_queue" AS "batch.boxes_committed_to_queue", "batch"."taux" AS "batch.taux", "batch"."createdAt" AS "batch.createdAt", "batch"."updatedAt" AS "batch.updatedAt", "batch->client"."id" AS "batch.client.id", "batch->client"."firstname" AS "batch.client.firstname", "batch->client"."lastname" AS "batch.client.lastname", "batch->client"."phone" AS "batch.client.phone", "batch->client"."address" AS "batch.client.address", "batch->client"."createdAt" AS "batch.client.createdAt", "batch->client"."updatedAt" AS "batch.client.updatedAt", "queuer"."id" AS "queuer.id", "queuer"."firstname" AS "queuer.firstname", "queuer"."lastname" AS "queuer.lastname" FROM "queuer_sessions" AS "QueuerSession" LEFT OUTER JOIN "batches" AS "batch" ON "QueuerSession"."currentBatchId" = "batch"."id" LEFT OUTER JOIN "clients" AS "batch->client" ON "batch"."clientId" = "batch->client"."id" LEFT OUTER JOIN "users" AS "queuer" ON "QueuerSession"."queueId" = "queuer"."id" WHERE "QueuerSession"."status" = 'active';
Executing (default): SELECT "id", "email", "password", "role", "firstname", "lastname", "createdAt", "updatedAt" FROM "users" AS "User" WHERE "User"."id" = 5;
Executing (default): SELECT "QueuerSession"."id", "QueuerSession"."queueId", "QueuerSession"."currentBatchId", "QueuerSession"."totalBoxes", "QueuerSession"."boxesQueued", "QueuerSession"."startedAt", "QueuerSession"."completedAt", "QueuerSession"."status", "QueuerSession"."createdAt", "QueuerSession"."updatedAt", "batch"."id" AS "batch.id", "batch"."clientId" AS "batch.clientId", "batch"."priceId" AS "batch.priceId", "batch"."date_received" AS "batch.date_received", "batch"."weight_in" AS "batch.weight_in", "batch"."weight_out" AS "batch.weight_out", "batch"."net_weight" AS "batch.net_weight", "batch"."number_of_boxes" AS "batch.number_of_boxes", "batch"."status" AS "batch.status", "batch"."operation_type" AS "batch.operation_type", "batch"."pressing_room_id" AS "batch.pressing_room_id", "batch"."session_start_time" AS "batch.session_start_time", "batch"."estimated_time" AS "batch.estimated_time", "batch"."ticket_number" AS "batch.ticket_number", "batch"."bidons_brought" AS "batch.bidons_brought", "batch"."number_of_bidons" AS "batch.number_of_bidons", "batch"."boxes_loaded_to_pressing" AS "batch.boxes_loaded_to_pressing", "batch"."boxes_committed_to_queue" AS "batch.boxes_committed_to_queue", "batch"."taux" AS "batch.taux", "batch"."createdAt" AS "batch.createdAt", "batch"."updatedAt" AS "batch.updatedAt", "batch->client"."id" AS "batch.client.id", "batch->client"."firstname" AS "batch.client.firstname", "batch->client"."lastname" AS "batch.client.lastname", "batch->client"."phone" AS "batch.client.phone", "batch->client"."address" AS "batch.client.address", "batch->client"."createdAt" AS "batch.client.createdAt", "batch->client"."updatedAt" AS "batch.client.updatedAt" FROM "queuer_sessions" AS "QueuerSession" LEFT OUTER JOIN "batches" AS "batch" ON "QueuerSession"."currentBatchId" = "batch"."id" LEFT OUTER JOIN "clients" AS "batch->client" ON "batch"."clientId" = "batch->client"."id" WHERE "QueuerSession"."queueId" = 5 AND "QueuerSession"."status" = 'active' LIMIT 1;
Executing (default): INSERT INTO "queuer_sessions" ("id","queueId","currentBatchId","totalBoxes","boxesQueued","startedAt","status","createdAt","updatedAt") VALUES (DEFAULT,$1,$2,$3,$4,$5,$6,$7,$8) RETURNING "id","queueId","currentBatchId","totalBoxes","boxesQueued","startedAt","completedAt","status","createdAt","updatedAt";
Executing (default): INSERT INTO "pressing_queue" ("id","batch_id","batch_loading_id","number_of_boxes","operator_id","priority","status","notes","created_at","updated_at") VALUES (DEFAULT,$1,$2,$3,$4,$5,$6,$7,$8,$9) RETURNING "id","batch_id","batch_loading_id","number_of_boxes","operator_id","priority","status","notes","created_at","updated_at";
Executing (default): UPDATE "batches" SET "boxes_committed_to_queue"=$1,"updatedAt"=$2 WHERE "id" = $3
Executing (default): SELECT "id", "queueId", "currentBatchId", "totalBoxes", "boxesQueued", "startedAt", "completedAt", "status", "createdAt", "updatedAt" FROM "queuer_sessions" AS "QueuerSession" WHERE "QueuerSession"."queueId" = 5 AND "QueuerSession"."status" = 'active' AND "QueuerSession"."currentBatchId" = 16 LIMIT 1;
Executing (default): UPDATE "queuer_sessions" SET "boxesQueued"=$1,"updatedAt"=$2 WHERE "id" = $3
Executing (default): SELECT "id", "batch_id", "batch_loading_id", "number_of_boxes", "operator_id", "priority", "status", "notes", "created_at", "updated_at" FROM "pressing_queue" AS "PressingQueue" WHERE "PressingQueue"."id" = 6;
Executing (default): SELECT count(*) AS "count" FROM "pressing_queue" AS "PressingQueue" WHERE ("PressingQueue"."priority" > 0 OR ("PressingQueue"."priority" = 0 AND "PressingQueue"."created_at" < '2025-11-03 18:47:34.985 +00:00')) AND "PressingQueue"."status" = 'queued';
[2025-11-03T18:47:35.296Z] GET /api/pressing-queue/queuer/5/session - ::1
Executing (default): SELECT "id", "email", "password", "role", "firstname", "lastname", "createdAt", "updatedAt" FROM "users" AS "User" WHERE "User"."id" = '5';
Executing (default): SELECT "QueuerSession"."id", "QueuerSession"."queueId", "QueuerSession"."currentBatchId", "QueuerSession"."totalBoxes", "QueuerSession"."boxesQueued", "QueuerSession"."startedAt", "QueuerSession"."completedAt", "QueuerSession"."status", "QueuerSession"."createdAt", "QueuerSession"."updatedAt", "batch"."id" AS "batch.id", "batch"."clientId" AS "batch.clientId", "batch"."priceId" AS "batch.priceId", "batch"."date_received" AS "batch.date_received", "batch"."weight_in" AS "batch.weight_in", "batch"."weight_out" AS "batch.weight_out", "batch"."net_weight" AS "batch.net_weight", "batch"."number_of_boxes" AS "batch.number_of_boxes", "batch"."status" AS "batch.status", "batch"."operation_type" AS "batch.operation_type", "batch"."pressing_room_id" AS "batch.pressing_room_id", "batch"."session_start_time" AS "batch.session_start_time", "batch"."estimated_time" AS "batch.estimated_time", "batch"."ticket_number" AS "batch.ticket_number", "batch"."bidons_brought" AS "batch.bidons_brought", "batch"."number_of_bidons" AS "batch.number_of_bidons", "batch"."boxes_loaded_to_pressing" AS "batch.boxes_loaded_to_pressing", "batch"."boxes_committed_to_queue" AS "batch.boxes_committed_to_queue", "batch"."taux" AS "batch.taux", "batch"."createdAt" AS "batch.createdAt", "batch"."updatedAt" AS "batch.updatedAt", "batch->client"."id" AS "batch.client.id", "batch->client"."firstname" AS "batch.client.firstname", "batch->client"."lastname" AS "batch.client.lastname", "batch->client"."phone" AS "batch.client.phone", "batch->client"."address" AS "batch.client.address", "batch->client"."createdAt" AS "batch.client.createdAt", "batch->client"."updatedAt" AS "batch.client.updatedAt" FROM "queuer_sessions" AS "QueuerSession" LEFT OUTER JOIN "batches" AS "batch" ON "QueuerSession"."currentBatchId" = "batch"."id" LEFT OUTER JOIN "clients" AS "batch->client" ON "batch"."clientId" = "batch->client"."id" WHERE "QueuerSession"."queueId" = '5' AND "QueuerSession"."status" = 'active' LIMIT 1;
[2025-11-03T18:47:35.611Z] GET /api/pressing-queue/partially-queued - ::1
Executing (default): SELECT "QueuerSession"."id", "QueuerSession"."queueId", "QueuerSession"."currentBatchId", "QueuerSession"."totalBoxes", "QueuerSession"."boxesQueued", "QueuerSession"."startedAt", "QueuerSession"."completedAt", "QueuerSession"."status", "QueuerSession"."createdAt", "QueuerSession"."updatedAt", "batch"."id" AS "batch.id", "batch"."clientId" AS "batch.clientId", "batch"."priceId" AS "batch.priceId", "batch"."date_received" AS "batch.date_received", "batch"."weight_in" AS "batch.weight_in", "batch"."weight_out" AS "batch.weight_out", "batch"."net_weight" AS "batch.net_weight", "batch"."number_of_boxes" AS "batch.number_of_boxes", "batch"."status" AS "batch.status", "batch"."operation_type" AS "batch.operation_type", "batch"."pressing_room_id" AS "batch.pressing_room_id", "batch"."session_start_time" AS "batch.session_start_time", "batch"."estimated_time" AS "batch.estimated_time", "batch"."ticket_number" AS "batch.ticket_number", "batch"."bidons_brought" AS "batch.bidons_brought", "batch"."number_of_bidons" AS "batch.number_of_bidons", "batch"."boxes_loaded_to_pressing" AS "batch.boxes_loaded_to_pressing", "batch"."boxes_committed_to_queue" AS "batch.boxes_committed_to_queue", "batch"."taux" AS "batch.taux", "batch"."createdAt" AS "batch.createdAt", "batch"."updatedAt" AS "batch.updatedAt", "batch->client"."id" AS "batch.client.id", "batch->client"."firstname" AS "batch.client.firstname", "batch->client"."lastname" AS "batch.client.lastname", "batch->client"."phone" AS "batch.client.phone", "batch->client"."address" AS "batch.client.address", "batch->client"."createdAt" AS "batch.client.createdAt", "batch->client"."updatedAt" AS "batch.client.updatedAt", "queuer"."id" AS "queuer.id", "queuer"."firstname" AS "queuer.firstname", "queuer"."lastname" AS "queuer.lastname" FROM "queuer_sessions" AS "QueuerSession" LEFT OUTER JOIN "batches" AS "batch" ON "QueuerSession"."currentBatchId" = "batch"."id" LEFT OUTER JOIN "clients" AS "batch->client" ON "batch"."clientId" = "batch->client"."id" LEFT OUTER JOIN "users" AS "queuer" ON "QueuerSession"."queueId" = "queuer"."id" WHERE "QueuerSession"."status" = 'active' ORDER BY "QueuerSession"."updatedAt" DESC;
[2025-11-03T18:47:35.962Z] GET /api/pressing-queue/partially-queued - ::1
Executing (default): SELECT "QueuerSession"."id", "QueuerSession"."queueId", "QueuerSession"."currentBatchId", "QueuerSession"."totalBoxes", "QueuerSession"."boxesQueued", "QueuerSession"."startedAt", "QueuerSession"."completedAt", "QueuerSession"."status", "QueuerSession"."createdAt", "QueuerSession"."updatedAt", "batch"."id" AS "batch.id", "batch"."clientId" AS "batch.clientId", "batch"."priceId" AS "batch.priceId", "batch"."date_received" AS "batch.date_received", "batch"."weight_in" AS "batch.weight_in", "batch"."weight_out" AS "batch.weight_out", "batch"."net_weight" AS "batch.net_weight", "batch"."number_of_boxes" AS "batch.number_of_boxes", "batch"."status" AS "batch.status", "batch"."operation_type" AS "batch.operation_type", "batch"."pressing_room_id" AS "batch.pressing_room_id", "batch"."session_start_time" AS "batch.session_start_time", "batch"."estimated_time" AS "batch.estimated_time", "batch"."ticket_number" AS "batch.ticket_number", "batch"."bidons_brought" AS "batch.bidons_brought", "batch"."number_of_bidons" AS "batch.number_of_bidons", "batch"."boxes_loaded_to_pressing" AS "batch.boxes_loaded_to_pressing", "batch"."boxes_committed_to_queue" AS "batch.boxes_committed_to_queue", "batch"."taux" AS "batch.taux", "batch"."createdAt" AS "batch.createdAt", "batch"."updatedAt" AS "batch.updatedAt", "batch->client"."id" AS "batch.client.id", "batch->client"."firstname" AS "batch.client.firstname", "batch->client"."lastname" AS "batch.client.lastname", "batch->client"."phone" AS "batch.client.phone", "batch->client"."address" AS "batch.client.address", "batch->client"."createdAt" AS "batch.client.createdAt", "batch->client"."updatedAt" AS "batch.client.updatedAt", "queuer"."id" AS "queuer.id", "queuer"."firstname" AS "queuer.firstname", "queuer"."lastname" AS "queuer.lastname" FROM "queuer_sessions" AS "QueuerSession" LEFT OUTER JOIN "batches" AS "batch" ON "QueuerSession"."currentBatchId" = "batch"."id" LEFT OUTER JOIN "clients" AS "batch->client" ON "batch"."clientId" = "batch->client"."id" LEFT OUTER JOIN "users" AS "queuer" ON "QueuerSession"."queueId" = "queuer"."id" WHERE "QueuerSession"."status" = 'active' ORDER BY "QueuerSession"."updatedAt" DESC;
[2025-11-03T18:47:46.724Z] GET /api/batches/14 - ::1
[2025-11-03T18:47:46.746Z] GET /api/batches/14 - ::1
Executing (default): SELECT "Batch"."id", "Batch"."clientId", "Batch"."priceId", "Batch"."date_received", "Batch"."weight_in", "Batch"."weight_out", "Batch"."net_weight", "Batch"."number_of_boxes", "Batch"."status", "Batch"."operation_type", "Batch"."pressing_room_id", "Batch"."session_start_time", "Batch"."estimated_time", "Batch"."ticket_number", "Batch"."bidons_brought", "Batch"."number_of_bidons", "Batch"."boxes_loaded_to_pressing", "Batch"."boxes_committed_to_queue", "Batch"."taux", "Batch"."createdAt", "Batch"."updatedAt", "client"."id" AS "client.id", "client"."firstname" AS "client.firstname", "client"."lastname" AS "client.lastname", "client"."phone" AS "client.phone", "client"."address" AS "client.address", "client"."createdAt" AS "client.createdAt", "client"."updatedAt" AS "client.updatedAt", "oilBatches"."id" AS "oilBatches.id", "oilBatches"."weight" AS "oilBatches.weight", "oilBatches"."residue" AS "oilBatches.residue", "oilBatches"."batchId" AS "oilBatches.batchId", "oilBatches"."pressing_sessionId" AS "oilBatches.pressing_sessionId", "oilBatches"."createdAt" AS "oilBatches.createdAt", "oilBatches"."updatedAt" AS "oilBatches.updatedAt", "oilBatches->qualityTests"."id" AS "oilBatches.qualityTests.id", "oilBatches->qualityTests"."oil_batchId" AS "oilBatches.qualityTests.oil_batchId", "oilBatches->qualityTests"."acidity_level" AS "oilBatches.qualityTests.acidity_level", "oilBatches->qualityTests"."grade" AS "oilBatches.qualityTests.grade", "oilBatches->qualityTests"."test_date" AS "oilBatches.qualityTests.test_date", "oilBatches->qualityTests"."tested_by_employeeId" AS "oilBatches.qualityTests.tested_by_employeeId", "oilBatches->qualityTests"."createdAt" AS "oilBatches.qualityTests.createdAt", "oilBatches->qualityTests"."updatedAt" AS "oilBatches.qualityTests.updatedAt", "batchLoadings"."id" AS "batchLoadings.id", "batchLoadings"."batchId" AS "batchLoadings.batchId", "batchLoadings"."pressingSessionId" AS "batchLoadings.pressingSessionId", "batchLoadings"."pressingRoomId" AS "batchLoadings.pressingRoomId", "batchLoadings"."operatorId" AS "batchLoadings.operatorId", "batchLoadings"."boxesLoaded" AS "batchLoadings.boxesLoaded", "batchLoadings"."loadedAt" AS "batchLoadings.loadedAt", "batchLoadings"."notes" AS "batchLoadings.notes", "batchLoadings"."createdAt" AS "batchLoadings.createdAt", "batchLoadings"."updatedAt" AS "batchLoadings.updatedAt", "batchLoadings->pressingRoom"."id" AS "batchLoadings.pressingRoom.id", "batchLoadings->pressingRoom"."name" AS "batchLoadings.pressingRoom.name", "batchLoadings->operator"."id" AS "batchLoadings.operator.id", "batchLoadings->operator"."firstname" AS "batchLoadings.operator.firstname", "batchLoadings->operator"."lastname" AS "batchLoadings.operator.lastname", "batchLoadings->operator"."email" AS "batchLoadings.operator.email", "batchLoadings->pressingSession"."id" AS "batchLoadings.pressingSession.id", "batchLoadings->pressingSession"."start" AS "batchLoadings.pressingSession.start", "batchLoadings->pressingSession"."finish" AS "batchLoadings.pressingSession.finish" FROM "batches" AS "Batch" LEFT OUTER JOIN "clients" AS "client" ON "Batch"."clientId" = "client"."id" LEFT OUTER JOIN "oil_batches" AS "oilBatches" ON "Batch"."id" = "oilBatches"."batchId" LEFT OUTER JOIN "quality_tests" AS "oilBatches->qualityTests" ON "oilBatches"."id" = "oilBatches->qualityTests"."oil_batchId" LEFT OUTER JOIN "batch_loadings" AS "batchLoadings" ON "Batch"."id" = "batchLoadings"."batchId" LEFT OUTER JOIN "pressing_rooms" AS "batchLoadings->pressingRoom" ON "batchLoadings"."pressingRoomId" = "batchLoadings->pressingRoom"."id" LEFT OUTER JOIN "users" AS "batchLoadings->operator" ON "batchLoadings"."operatorId" = "batchLoadings->operator"."id" LEFT OUTER JOIN "pressing_sessions" AS "batchLoadings->pressingSession" ON "batchLoadings"."pressingSessionId" = "batchLoadings->pressingSession"."id" WHERE "Batch"."id" = '14';
Executing (default): SELECT "Batch"."id", "Batch"."clientId", "Batch"."priceId", "Batch"."date_received", "Batch"."weight_in", "Batch"."weight_out", "Batch"."net_weight", "Batch"."number_of_boxes", "Batch"."status", "Batch"."operation_type", "Batch"."pressing_room_id", "Batch"."session_start_time", "Batch"."estimated_time", "Batch"."ticket_number", "Batch"."bidons_brought", "Batch"."number_of_bidons", "Batch"."boxes_loaded_to_pressing", "Batch"."boxes_committed_to_queue", "Batch"."taux", "Batch"."createdAt", "Batch"."updatedAt", "client"."id" AS "client.id", "client"."firstname" AS "client.firstname", "client"."lastname" AS "client.lastname", "client"."phone" AS "client.phone", "client"."address" AS "client.address", "client"."createdAt" AS "client.createdAt", "client"."updatedAt" AS "client.updatedAt", "oilBatches"."id" AS "oilBatches.id", "oilBatches"."weight" AS "oilBatches.weight", "oilBatches"."residue" AS "oilBatches.residue", "oilBatches"."batchId" AS "oilBatches.batchId", "oilBatches"."pressing_sessionId" AS "oilBatches.pressing_sessionId", "oilBatches"."createdAt" AS "oilBatches.createdAt", "oilBatches"."updatedAt" AS "oilBatches.updatedAt", "oilBatches->qualityTests"."id" AS "oilBatches.qualityTests.id", "oilBatches->qualityTests"."oil_batchId" AS "oilBatches.qualityTests.oil_batchId", "oilBatches->qualityTests"."acidity_level" AS "oilBatches.qualityTests.acidity_level", "oilBatches->qualityTests"."grade" AS "oilBatches.qualityTests.grade", "oilBatches->qualityTests"."test_date" AS "oilBatches.qualityTests.test_date", "oilBatches->qualityTests"."tested_by_employeeId" AS "oilBatches.qualityTests.tested_by_employeeId", "oilBatches->qualityTests"."createdAt" AS "oilBatches.qualityTests.createdAt", "oilBatches->qualityTests"."updatedAt" AS "oilBatches.qualityTests.updatedAt", "batchLoadings"."id" AS "batchLoadings.id", "batchLoadings"."batchId" AS "batchLoadings.batchId", "batchLoadings"."pressingSessionId" AS "batchLoadings.pressingSessionId", "batchLoadings"."pressingRoomId" AS "batchLoadings.pressingRoomId", "batchLoadings"."operatorId" AS "batchLoadings.operatorId", "batchLoadings"."boxesLoaded" AS "batchLoadings.boxesLoaded", "batchLoadings"."loadedAt" AS "batchLoadings.loadedAt", "batchLoadings"."notes" AS "batchLoadings.notes", "batchLoadings"."createdAt" AS "batchLoadings.createdAt", "batchLoadings"."updatedAt" AS "batchLoadings.updatedAt", "batchLoadings->pressingRoom"."id" AS "batchLoadings.pressingRoom.id", "batchLoadings->pressingRoom"."name" AS "batchLoadings.pressingRoom.name", "batchLoadings->operator"."id" AS "batchLoadings.operator.id", "batchLoadings->operator"."firstname" AS "batchLoadings.operator.firstname", "batchLoadings->operator"."lastname" AS "batchLoadings.operator.lastname", "batchLoadings->operator"."email" AS "batchLoadings.operator.email", "batchLoadings->pressingSession"."id" AS "batchLoadings.pressingSession.id", "batchLoadings->pressingSession"."start" AS "batchLoadings.pressingSession.start", "batchLoadings->pressingSession"."finish" AS "batchLoadings.pressingSession.finish" FROM "batches" AS "Batch" LEFT OUTER JOIN "clients" AS "client" ON "Batch"."clientId" = "client"."id" LEFT OUTER JOIN "oil_batches" AS "oilBatches" ON "Batch"."id" = "oilBatches"."batchId" LEFT OUTER JOIN "quality_tests" AS "oilBatches->qualityTests" ON "oilBatches"."id" = "oilBatches->qualityTests"."oil_batchId" LEFT OUTER JOIN "batch_loadings" AS "batchLoadings" ON "Batch"."id" = "batchLoadings"."batchId" LEFT OUTER JOIN "pressing_rooms" AS "batchLoadings->pressingRoom" ON "batchLoadings"."pressingRoomId" = "batchLoadings->pressingRoom"."id" LEFT OUTER JOIN "users" AS "batchLoadings->operator" ON "batchLoadings"."operatorId" = "batchLoadings->operator"."id" LEFT OUTER JOIN "pressing_sessions" AS "batchLoadings->pressingSession" ON "batchLoadings"."pressingSessionId" = "batchLoadings->pressingSession"."id" WHERE "Batch"."id" = '14';
[2025-11-03T18:47:46.953Z] GET /api/batches/14 - ::1
Executing (default): SELECT "Batch"."id", "Batch"."clientId", "Batch"."priceId", "Batch"."date_received", "Batch"."weight_in", "Batch"."weight_out", "Batch"."net_weight", "Batch"."number_of_boxes", "Batch"."status", "Batch"."operation_type", "Batch"."pressing_room_id", "Batch"."session_start_time", "Batch"."estimated_time", "Batch"."ticket_number", "Batch"."bidons_brought", "Batch"."number_of_bidons", "Batch"."boxes_loaded_to_pressing", "Batch"."boxes_committed_to_queue", "Batch"."taux", "Batch"."createdAt", "Batch"."updatedAt", "client"."id" AS "client.id", "client"."firstname" AS "client.firstname", "client"."lastname" AS "client.lastname", "client"."phone" AS "client.phone", "client"."address" AS "client.address", "client"."createdAt" AS "client.createdAt", "client"."updatedAt" AS "client.updatedAt", "oilBatches"."id" AS "oilBatches.id", "oilBatches"."weight" AS "oilBatches.weight", "oilBatches"."residue" AS "oilBatches.residue", "oilBatches"."batchId" AS "oilBatches.batchId", "oilBatches"."pressing_sessionId" AS "oilBatches.pressing_sessionId", "oilBatches"."createdAt" AS "oilBatches.createdAt", "oilBatches"."updatedAt" AS "oilBatches.updatedAt", "oilBatches->qualityTests"."id" AS "oilBatches.qualityTests.id", "oilBatches->qualityTests"."oil_batchId" AS "oilBatches.qualityTests.oil_batchId", "oilBatches->qualityTests"."acidity_level" AS "oilBatches.qualityTests.acidity_level", "oilBatches->qualityTests"."grade" AS "oilBatches.qualityTests.grade", "oilBatches->qualityTests"."test_date" AS "oilBatches.qualityTests.test_date", "oilBatches->qualityTests"."tested_by_employeeId" AS "oilBatches.qualityTests.tested_by_employeeId", "oilBatches->qualityTests"."createdAt" AS "oilBatches.qualityTests.createdAt", "oilBatches->qualityTests"."updatedAt" AS "oilBatches.qualityTests.updatedAt", "batchLoadings"."id" AS "batchLoadings.id", "batchLoadings"."batchId" AS "batchLoadings.batchId", "batchLoadings"."pressingSessionId" AS "batchLoadings.pressingSessionId", "batchLoadings"."pressingRoomId" AS "batchLoadings.pressingRoomId", "batchLoadings"."operatorId" AS "batchLoadings.operatorId", "batchLoadings"."boxesLoaded" AS "batchLoadings.boxesLoaded", "batchLoadings"."loadedAt" AS "batchLoadings.loadedAt", "batchLoadings"."notes" AS "batchLoadings.notes", "batchLoadings"."createdAt" AS "batchLoadings.createdAt", "batchLoadings"."updatedAt" AS "batchLoadings.updatedAt", "batchLoadings->pressingRoom"."id" AS "batchLoadings.pressingRoom.id", "batchLoadings->pressingRoom"."name" AS "batchLoadings.pressingRoom.name", "batchLoadings->operator"."id" AS "batchLoadings.operator.id", "batchLoadings->operator"."firstname" AS "batchLoadings.operator.firstname", "batchLoadings->operator"."lastname" AS "batchLoadings.operator.lastname", "batchLoadings->operator"."email" AS "batchLoadings.operator.email", "batchLoadings->pressingSession"."id" AS "batchLoadings.pressingSession.id", "batchLoadings->pressingSession"."start" AS "batchLoadings.pressingSession.start", "batchLoadings->pressingSession"."finish" AS "batchLoadings.pressingSession.finish" FROM "batches" AS "Batch" LEFT OUTER JOIN "clients" AS "client" ON "Batch"."clientId" = "client"."id" LEFT OUTER JOIN "oil_batches" AS "oilBatches" ON "Batch"."id" = "oilBatches"."batchId" LEFT OUTER JOIN "quality_tests" AS "oilBatches->qualityTests" ON "oilBatches"."id" = "oilBatches->qualityTests"."oil_batchId" LEFT OUTER JOIN "batch_loadings" AS "batchLoadings" ON "Batch"."id" = "batchLoadings"."batchId" LEFT OUTER JOIN "pressing_rooms" AS "batchLoadings->pressingRoom" ON "batchLoadings"."pressingRoomId" = "batchLoadings->pressingRoom"."id" LEFT OUTER JOIN "users" AS "batchLoadings->operator" ON "batchLoadings"."operatorId" = "batchLoadings->operator"."id" LEFT OUTER JOIN "pressing_sessions" AS "batchLoadings->pressingSession" ON "batchLoadings"."pressingSessionId" = "batchLoadings->pressingSession"."id" WHERE "Batch"."id" = '14';
[2025-11-03T18:47:47.065Z] GET /api/pressing-queue/partially-queued - ::1
[2025-11-03T18:47:47.066Z] GET /api/pressing-queue/partially-queued - ::1
Executing (default): SELECT "QueuerSession"."id", "QueuerSession"."queueId", "QueuerSession"."currentBatchId", "QueuerSession"."totalBoxes", "QueuerSession"."boxesQueued", "QueuerSession"."startedAt", "QueuerSession"."completedAt", "QueuerSession"."status", "QueuerSession"."createdAt", "QueuerSession"."updatedAt", "batch"."id" AS "batch.id", "batch"."clientId" AS "batch.clientId", "batch"."priceId" AS "batch.priceId", "batch"."date_received" AS "batch.date_received", "batch"."weight_in" AS "batch.weight_in", "batch"."weight_out" AS "batch.weight_out", "batch"."net_weight" AS "batch.net_weight", "batch"."number_of_boxes" AS "batch.number_of_boxes", "batch"."status" AS "batch.status", "batch"."operation_type" AS "batch.operation_type", "batch"."pressing_room_id" AS "batch.pressing_room_id", "batch"."session_start_time" AS "batch.session_start_time", "batch"."estimated_time" AS "batch.estimated_time", "batch"."ticket_number" AS "batch.ticket_number", "batch"."bidons_brought" AS "batch.bidons_brought", "batch"."number_of_bidons" AS "batch.number_of_bidons", "batch"."boxes_loaded_to_pressing" AS "batch.boxes_loaded_to_pressing", "batch"."boxes_committed_to_queue" AS "batch.boxes_committed_to_queue", "batch"."taux" AS "batch.taux", "batch"."createdAt" AS "batch.createdAt", "batch"."updatedAt" AS "batch.updatedAt", "batch->client"."id" AS "batch.client.id", "batch->client"."firstname" AS "batch.client.firstname", "batch->client"."lastname" AS "batch.client.lastname", "batch->client"."phone" AS "batch.client.phone", "batch->client"."address" AS "batch.client.address", "batch->client"."createdAt" AS "batch.client.createdAt", "batch->client"."updatedAt" AS "batch.client.updatedAt", "queuer"."id" AS "queuer.id", "queuer"."firstname" AS "queuer.firstname", "queuer"."lastname" AS "queuer.lastname" FROM "queuer_sessions" AS "QueuerSession" LEFT OUTER JOIN "batches" AS "batch" ON "QueuerSession"."currentBatchId" = "batch"."id" LEFT OUTER JOIN "clients" AS "batch->client" ON "batch"."clientId" = "batch->client"."id" LEFT OUTER JOIN "users" AS "queuer" ON "QueuerSession"."queueId" = "queuer"."id" WHERE "QueuerSession"."status" = 'active' ORDER BY "QueuerSession"."updatedAt" DESC;
Executing (default): SELECT "QueuerSession"."id", "QueuerSession"."queueId", "QueuerSession"."currentBatchId", "QueuerSession"."totalBoxes", "QueuerSession"."boxesQueued", "QueuerSession"."startedAt", "QueuerSession"."completedAt", "QueuerSession"."status", "QueuerSession"."createdAt", "QueuerSession"."updatedAt", "batch"."id" AS "batch.id", "batch"."clientId" AS "batch.clientId", "batch"."priceId" AS "batch.priceId", "batch"."date_received" AS "batch.date_received", "batch"."weight_in" AS "batch.weight_in", "batch"."weight_out" AS "batch.weight_out", "batch"."net_weight" AS "batch.net_weight", "batch"."number_of_boxes" AS "batch.number_of_boxes", "batch"."status" AS "batch.status", "batch"."operation_type" AS "batch.operation_type", "batch"."pressing_room_id" AS "batch.pressing_room_id", "batch"."session_start_time" AS "batch.session_start_time", "batch"."estimated_time" AS "batch.estimated_time", "batch"."ticket_number" AS "batch.ticket_number", "batch"."bidons_brought" AS "batch.bidons_brought", "batch"."number_of_bidons" AS "batch.number_of_bidons", "batch"."boxes_loaded_to_pressing" AS "batch.boxes_loaded_to_pressing", "batch"."boxes_committed_to_queue" AS "batch.boxes_committed_to_queue", "batch"."taux" AS "batch.taux", "batch"."createdAt" AS "batch.createdAt", "batch"."updatedAt" AS "batch.updatedAt", "batch->client"."id" AS "batch.client.id", "batch->client"."firstname" AS "batch.client.firstname", "batch->client"."lastname" AS "batch.client.lastname", "batch->client"."phone" AS "batch.client.phone", "batch->client"."address" AS "batch.client.address", "batch->client"."createdAt" AS "batch.client.createdAt", "batch->client"."updatedAt" AS "batch.client.updatedAt", "queuer"."id" AS "queuer.id", "queuer"."firstname" AS "queuer.firstname", "queuer"."lastname" AS "queuer.lastname" FROM "queuer_sessions" AS "QueuerSession" LEFT OUTER JOIN "batches" AS "batch" ON "QueuerSession"."currentBatchId" = "batch"."id" LEFT OUTER JOIN "clients" AS "batch->client" ON "batch"."clientId" = "batch->client"."id" LEFT OUTER JOIN "users" AS "queuer" ON "QueuerSession"."queueId" = "queuer"."id" WHERE "QueuerSession"."status" = 'active' ORDER BY "QueuerSession"."updatedAt" DESC;
[2025-11-03T18:47:47.112Z] GET /api/pressing-queue/partially-queued - ::1
Executing (default): SELECT "QueuerSession"."id", "QueuerSession"."queueId", "QueuerSession"."currentBatchId", "QueuerSession"."totalBoxes", "QueuerSession"."boxesQueued", "QueuerSession"."startedAt", "QueuerSession"."completedAt", "QueuerSession"."status", "QueuerSession"."createdAt", "QueuerSession"."updatedAt", "batch"."id" AS "batch.id", "batch"."clientId" AS "batch.clientId", "batch"."priceId" AS "batch.priceId", "batch"."date_received" AS "batch.date_received", "batch"."weight_in" AS "batch.weight_in", "batch"."weight_out" AS "batch.weight_out", "batch"."net_weight" AS "batch.net_weight", "batch"."number_of_boxes" AS "batch.number_of_boxes", "batch"."status" AS "batch.status", "batch"."operation_type" AS "batch.operation_type", "batch"."pressing_room_id" AS "batch.pressing_room_id", "batch"."session_start_time" AS "batch.session_start_time", "batch"."estimated_time" AS "batch.estimated_time", "batch"."ticket_number" AS "batch.ticket_number", "batch"."bidons_brought" AS "batch.bidons_brought", "batch"."number_of_bidons" AS "batch.number_of_bidons", "batch"."boxes_loaded_to_pressing" AS "batch.boxes_loaded_to_pressing", "batch"."boxes_committed_to_queue" AS "batch.boxes_committed_to_queue", "batch"."taux" AS "batch.taux", "batch"."createdAt" AS "batch.createdAt", "batch"."updatedAt" AS "batch.updatedAt", "batch->client"."id" AS "batch.client.id", "batch->client"."firstname" AS "batch.client.firstname", "batch->client"."lastname" AS "batch.client.lastname", "batch->client"."phone" AS "batch.client.phone", "batch->client"."address" AS "batch.client.address", "batch->client"."createdAt" AS "batch.client.createdAt", "batch->client"."updatedAt" AS "batch.client.updatedAt", "queuer"."id" AS "queuer.id", "queuer"."firstname" AS "queuer.firstname", "queuer"."lastname" AS "queuer.lastname" FROM "queuer_sessions" AS "QueuerSession" LEFT OUTER JOIN "batches" AS "batch" ON "QueuerSession"."currentBatchId" = "batch"."id" LEFT OUTER JOIN "clients" AS "batch->client" ON "batch"."clientId" = "batch->client"."id" LEFT OUTER JOIN "users" AS "queuer" ON "QueuerSession"."queueId" = "queuer"."id" WHERE "QueuerSession"."status" = 'active' ORDER BY "QueuerSession"."updatedAt" DESC;
[2025-11-03T18:47:47.153Z] GET /api/batches/14 - ::1
Executing (default): SELECT "Batch"."id", "Batch"."clientId", "Batch"."priceId", "Batch"."date_received", "Batch"."weight_in", "Batch"."weight_out", "Batch"."net_weight", "Batch"."number_of_boxes", "Batch"."status", "Batch"."operation_type", "Batch"."pressing_room_id", "Batch"."session_start_time", "Batch"."estimated_time", "Batch"."ticket_number", "Batch"."bidons_brought", "Batch"."number_of_bidons", "Batch"."boxes_loaded_to_pressing", "Batch"."boxes_committed_to_queue", "Batch"."taux", "Batch"."createdAt", "Batch"."updatedAt", "client"."id" AS "client.id", "client"."firstname" AS "client.firstname", "client"."lastname" AS "client.lastname", "client"."phone" AS "client.phone", "client"."address" AS "client.address", "client"."createdAt" AS "client.createdAt", "client"."updatedAt" AS "client.updatedAt", "oilBatches"."id" AS "oilBatches.id", "oilBatches"."weight" AS "oilBatches.weight", "oilBatches"."residue" AS "oilBatches.residue", "oilBatches"."batchId" AS "oilBatches.batchId", "oilBatches"."pressing_sessionId" AS "oilBatches.pressing_sessionId", "oilBatches"."createdAt" AS "oilBatches.createdAt", "oilBatches"."updatedAt" AS "oilBatches.updatedAt", "oilBatches->qualityTests"."id" AS "oilBatches.qualityTests.id", "oilBatches->qualityTests"."oil_batchId" AS "oilBatches.qualityTests.oil_batchId", "oilBatches->qualityTests"."acidity_level" AS "oilBatches.qualityTests.acidity_level", "oilBatches->qualityTests"."grade" AS "oilBatches.qualityTests.grade", "oilBatches->qualityTests"."test_date" AS "oilBatches.qualityTests.test_date", "oilBatches->qualityTests"."tested_by_employeeId" AS "oilBatches.qualityTests.tested_by_employeeId", "oilBatches->qualityTests"."createdAt" AS "oilBatches.qualityTests.createdAt", "oilBatches->qualityTests"."updatedAt" AS "oilBatches.qualityTests.updatedAt", "batchLoadings"."id" AS "batchLoadings.id", "batchLoadings"."batchId" AS "batchLoadings.batchId", "batchLoadings"."pressingSessionId" AS "batchLoadings.pressingSessionId", "batchLoadings"."pressingRoomId" AS "batchLoadings.pressingRoomId", "batchLoadings"."operatorId" AS "batchLoadings.operatorId", "batchLoadings"."boxesLoaded" AS "batchLoadings.boxesLoaded", "batchLoadings"."loadedAt" AS "batchLoadings.loadedAt", "batchLoadings"."notes" AS "batchLoadings.notes", "batchLoadings"."createdAt" AS "batchLoadings.createdAt", "batchLoadings"."updatedAt" AS "batchLoadings.updatedAt", "batchLoadings->pressingRoom"."id" AS "batchLoadings.pressingRoom.id", "batchLoadings->pressingRoom"."name" AS "batchLoadings.pressingRoom.name", "batchLoadings->operator"."id" AS "batchLoadings.operator.id", "batchLoadings->operator"."firstname" AS "batchLoadings.operator.firstname", "batchLoadings->operator"."lastname" AS "batchLoadings.operator.lastname", "batchLoadings->operator"."email" AS "batchLoadings.operator.email", "batchLoadings->pressingSession"."id" AS "batchLoadings.pressingSession.id", "batchLoadings->pressingSession"."start" AS "batchLoadings.pressingSession.start", "batchLoadings->pressingSession"."finish" AS "batchLoadings.pressingSession.finish" FROM "batches" AS "Batch" LEFT OUTER JOIN "clients" AS "client" ON "Batch"."clientId" = "client"."id" LEFT OUTER JOIN "oil_batches" AS "oilBatches" ON "Batch"."id" = "oilBatches"."batchId" LEFT OUTER JOIN "quality_tests" AS "oilBatches->qualityTests" ON "oilBatches"."id" = "oilBatches->qualityTests"."oil_batchId" LEFT OUTER JOIN "batch_loadings" AS "batchLoadings" ON "Batch"."id" = "batchLoadings"."batchId" LEFT OUTER JOIN "pressing_rooms" AS "batchLoadings->pressingRoom" ON "batchLoadings"."pressingRoomId" = "batchLoadings->pressingRoom"."id" LEFT OUTER JOIN "users" AS "batchLoadings->operator" ON "batchLoadings"."operatorId" = "batchLoadings->operator"."id" LEFT OUTER JOIN "pressing_sessions" AS "batchLoadings->pressingSession" ON "batchLoadings"."pressingSessionId" = "batchLoadings->pressingSession"."id" WHERE "Batch"."id" = '14';
[2025-11-03T18:47:47.311Z] GET /api/pressing-queue/partially-queued - ::1
Executing (default): SELECT "QueuerSession"."id", "QueuerSession"."queueId", "QueuerSession"."currentBatchId", "QueuerSession"."totalBoxes", "QueuerSession"."boxesQueued", "QueuerSession"."startedAt", "QueuerSession"."completedAt", "QueuerSession"."status", "QueuerSession"."createdAt", "QueuerSession"."updatedAt", "batch"."id" AS "batch.id", "batch"."clientId" AS "batch.clientId", "batch"."priceId" AS "batch.priceId", "batch"."date_received" AS "batch.date_received", "batch"."weight_in" AS "batch.weight_in", "batch"."weight_out" AS "batch.weight_out", "batch"."net_weight" AS "batch.net_weight", "batch"."number_of_boxes" AS "batch.number_of_boxes", "batch"."status" AS "batch.status", "batch"."operation_type" AS "batch.operation_type", "batch"."pressing_room_id" AS "batch.pressing_room_id", "batch"."session_start_time" AS "batch.session_start_time", "batch"."estimated_time" AS "batch.estimated_time", "batch"."ticket_number" AS "batch.ticket_number", "batch"."bidons_brought" AS "batch.bidons_brought", "batch"."number_of_bidons" AS "batch.number_of_bidons", "batch"."boxes_loaded_to_pressing" AS "batch.boxes_loaded_to_pressing", "batch"."boxes_committed_to_queue" AS "batch.boxes_committed_to_queue", "batch"."taux" AS "batch.taux", "batch"."createdAt" AS "batch.createdAt", "batch"."updatedAt" AS "batch.updatedAt", "batch->client"."id" AS "batch.client.id", "batch->client"."firstname" AS "batch.client.firstname", "batch->client"."lastname" AS "batch.client.lastname", "batch->client"."phone" AS "batch.client.phone", "batch->client"."address" AS "batch.client.address", "batch->client"."createdAt" AS "batch.client.createdAt", "batch->client"."updatedAt" AS "batch.client.updatedAt", "queuer"."id" AS "queuer.id", "queuer"."firstname" AS "queuer.firstname", "queuer"."lastname" AS "queuer.lastname" FROM "queuer_sessions" AS "QueuerSession" LEFT OUTER JOIN "batches" AS "batch" ON "QueuerSession"."currentBatchId" = "batch"."id" LEFT OUTER JOIN "clients" AS "batch->client" ON "batch"."clientId" = "batch->client"."id" LEFT OUTER JOIN "users" AS "queuer" ON "QueuerSession"."queueId" = "queuer"."id" WHERE "QueuerSession"."status" = 'active' ORDER BY "QueuerSession"."updatedAt" DESC;
[2025-11-03T18:50:51.819Z] POST /api/auth/login - ::1
[2025-11-03T18:50:51.819Z] Request body: {
  "email": "admin@gmail.com"
}
Executing (default): SELECT "id", "email", "password", "role", "firstname", "lastname", "createdAt", "updatedAt" FROM "users" AS "User" WHERE "User"."email" = 'admin@gmail.com';
[2025-11-03T18:50:52.423Z] GET /api/prices?latest=true - ::1
Executing (default): SELECT "id", "date", "milling_price_per_kg", "oil_client_selling_price_per_kg", "oil_export_selling_price_per_kg", "olive_buying_price_per_kg", "empty_bidon_price", "createdAt", "updatedAt" FROM "prices" AS "Price" ORDER BY "Price"."createdAt" DESC LIMIT 1;
[2025-11-03T18:50:52.437Z] GET /api/batches?page=1&limit=5 - ::1
Executing (default): SELECT count(*) AS "count" FROM "batches" AS "Batch";
Executing (default): SELECT "Batch".*, "client"."id" AS "client.id", "client"."firstname" AS "client.firstname", "client"."lastname" AS "client.lastname", "price"."id" AS "price.id", "price"."date" AS "price.date", "price"."milling_price_per_kg" AS "price.milling_price_per_kg", "price"."oil_client_selling_price_per_kg" AS "price.oil_client_selling_price_per_kg", "price"."oil_export_selling_price_per_kg" AS "price.oil_export_selling_price_per_kg", "price"."olive_buying_price_per_kg" AS "price.olive_buying_price_per_kg", "price"."empty_bidon_price" AS "price.empty_bidon_price", "price"."createdAt" AS "price.createdAt", "price"."updatedAt" AS "price.updatedAt", "pressingRoom"."id" AS "pressingRoom.id", "pressingRoom"."name" AS "pressingRoom.name", "oilBatches"."id" AS "oilBatches.id", "oilBatches"."weight" AS "oilBatches.weight", "oilBatches"."residue" AS "oilBatches.residue", "oilBatches"."batchId" AS "oilBatches.batchId", "oilBatches"."pressing_sessionId" AS "oilBatches.pressing_sessionId", "oilBatches"."createdAt" AS "oilBatches.createdAt", "oilBatches"."updatedAt" AS "oilBatches.updatedAt", "batchLoadings"."id" AS "batchLoadings.id", "batchLoadings"."batchId" AS "batchLoadings.batchId", "batchLoadings"."pressingSessionId" AS "batchLoadings.pressingSessionId", "batchLoadings"."pressingRoomId" AS "batchLoadings.pressingRoomId", "batchLoadings"."operatorId" AS "batchLoadings.operatorId", "batchLoadings"."boxesLoaded" AS "batchLoadings.boxesLoaded", "batchLoadings"."loadedAt" AS "batchLoadings.loadedAt", "batchLoadings"."notes" AS "batchLoadings.notes", "batchLoadings"."createdAt" AS "batchLoadings.createdAt", "batchLoadings"."updatedAt" AS "batchLoadings.updatedAt", "batchLoadings->pressingRoom"."id" AS "batchLoadings.pressingRoom.id", "batchLoadings->pressingRoom"."name" AS "batchLoadings.pressingRoom.name", "batchLoadings->operator"."id" AS "batchLoadings.operator.id", "batchLoadings->operator"."firstname" AS "batchLoadings.operator.firstname", "batchLoadings->operator"."lastname" AS "batchLoadings.operator.lastname", "batchLoadings->operator"."email" AS "batchLoadings.operator.email" FROM (SELECT "Batch"."id", "Batch"."clientId", "Batch"."priceId", "Batch"."date_received", "Batch"."weight_in", "Batch"."weight_out", "Batch"."net_weight", "Batch"."number_of_boxes", "Batch"."status", "Batch"."operation_type", "Batch"."pressing_room_id", "Batch"."session_start_time", "Batch"."estimated_time", "Batch"."ticket_number", "Batch"."bidons_brought", "Batch"."number_of_bidons", "Batch"."boxes_loaded_to_pressing", "Batch"."boxes_committed_to_queue", "Batch"."taux", "Batch"."createdAt", "Batch"."updatedAt" FROM "batches" AS "Batch" ORDER BY "Batch"."date_received" DESC LIMIT 5 OFFSET 0) AS "Batch" LEFT OUTER JOIN "clients" AS "client" ON "Batch"."clientId" = "client"."id" LEFT OUTER JOIN "prices" AS "price" ON "Batch"."priceId" = "price"."id" LEFT OUTER JOIN "pressing_rooms" AS "pressingRoom" ON "Batch"."pressing_room_id" = "pressingRoom"."id" LEFT OUTER JOIN "oil_batches" AS "oilBatches" ON "Batch"."id" = "oilBatches"."batchId" LEFT OUTER JOIN "batch_loadings" AS "batchLoadings" ON "Batch"."id" = "batchLoadings"."batchId" LEFT OUTER JOIN "pressing_rooms" AS "batchLoadings->pressingRoom" ON "batchLoadings"."pressingRoomId" = "batchLoadings->pressingRoom"."id" LEFT OUTER JOIN "users" AS "batchLoadings->operator" ON "batchLoadings"."operatorId" = "batchLoadings->operator"."id" ORDER BY "Batch"."date_received" DESC;
[2025-11-03T18:50:52.446Z] GET /api/clients - ::1
Executing (default): SELECT count("Client"."id") AS "count" FROM "clients" AS "Client" LEFT OUTER JOIN "batches" AS "batches" ON "Client"."id" = "batches"."clientId";
Executing (default): SELECT "Client".*, "batches"."id" AS "batches.id", "batches"."date_received" AS "batches.date_received", "batches"."status" AS "batches.status" FROM (SELECT "Client"."id", "Client"."firstname", "Client"."lastname", "Client"."phone", "Client"."address", "Client"."createdAt", "Client"."updatedAt" FROM "clients" AS "Client" ORDER BY "Client"."createdAt" DESC LIMIT 10 OFFSET 0) AS "Client" LEFT OUTER JOIN "batches" AS "batches" ON "Client"."id" = "batches"."clientId" ORDER BY "Client"."createdAt" DESC;
[2025-11-03T18:50:52.456Z] GET /api/batches/next-ticket-number?date=2025-11-03 - ::1
Executing (default): SELECT "ticket_number" FROM "batches" AS "Batch" WHERE ("Batch"."date_received" >= '2025-11-02 23:00:00.000 +00:00' AND "Batch"."date_received" <= '2025-11-03 22:59:59.999 +00:00') ORDER BY "Batch"."date_received" DESC;
[2025-11-03T18:51:13.765Z] GET /api/auth/me - ::1
Executing (default): SELECT "id", "email", "role", "firstname", "lastname", "createdAt", "updatedAt" FROM "users" AS "User" WHERE "User"."id" = 1;
[2025-11-03T18:51:14.175Z] GET /api/clients - ::1
Executing (default): SELECT count("Client"."id") AS "count" FROM "clients" AS "Client" LEFT OUTER JOIN "batches" AS "batches" ON "Client"."id" = "batches"."clientId";
Executing (default): SELECT "Client".*, "batches"."id" AS "batches.id", "batches"."date_received" AS "batches.date_received", "batches"."status" AS "batches.status" FROM (SELECT "Client"."id", "Client"."firstname", "Client"."lastname", "Client"."phone", "Client"."address", "Client"."createdAt", "Client"."updatedAt" FROM "clients" AS "Client" ORDER BY "Client"."createdAt" DESC LIMIT 10 OFFSET 0) AS "Client" LEFT OUTER JOIN "batches" AS "batches" ON "Client"."id" = "batches"."clientId" ORDER BY "Client"."createdAt" DESC;
[2025-11-03T18:51:14.234Z] GET /api/batches?page=1&limit=5 - ::1
[2025-11-03T18:51:14.234Z] GET /api/prices?latest=true - ::1
Executing (default): SELECT count(*) AS "count" FROM "batches" AS "Batch";
Executing (default): SELECT "Batch".*, "client"."id" AS "client.id", "client"."firstname" AS "client.firstname", "client"."lastname" AS "client.lastname", "price"."id" AS "price.id", "price"."date" AS "price.date", "price"."milling_price_per_kg" AS "price.milling_price_per_kg", "price"."oil_client_selling_price_per_kg" AS "price.oil_client_selling_price_per_kg", "price"."oil_export_selling_price_per_kg" AS "price.oil_export_selling_price_per_kg", "price"."olive_buying_price_per_kg" AS "price.olive_buying_price_per_kg", "price"."empty_bidon_price" AS "price.empty_bidon_price", "price"."createdAt" AS "price.createdAt", "price"."updatedAt" AS "price.updatedAt", "pressingRoom"."id" AS "pressingRoom.id", "pressingRoom"."name" AS "pressingRoom.name", "oilBatches"."id" AS "oilBatches.id", "oilBatches"."weight" AS "oilBatches.weight", "oilBatches"."residue" AS "oilBatches.residue", "oilBatches"."batchId" AS "oilBatches.batchId", "oilBatches"."pressing_sessionId" AS "oilBatches.pressing_sessionId", "oilBatches"."createdAt" AS "oilBatches.createdAt", "oilBatches"."updatedAt" AS "oilBatches.updatedAt", "batchLoadings"."id" AS "batchLoadings.id", "batchLoadings"."batchId" AS "batchLoadings.batchId", "batchLoadings"."pressingSessionId" AS "batchLoadings.pressingSessionId", "batchLoadings"."pressingRoomId" AS "batchLoadings.pressingRoomId", "batchLoadings"."operatorId" AS "batchLoadings.operatorId", "batchLoadings"."boxesLoaded" AS "batchLoadings.boxesLoaded", "batchLoadings"."loadedAt" AS "batchLoadings.loadedAt", "batchLoadings"."notes" AS "batchLoadings.notes", "batchLoadings"."createdAt" AS "batchLoadings.createdAt", "batchLoadings"."updatedAt" AS "batchLoadings.updatedAt", "batchLoadings->pressingRoom"."id" AS "batchLoadings.pressingRoom.id", "batchLoadings->pressingRoom"."name" AS "batchLoadings.pressingRoom.name", "batchLoadings->operator"."id" AS "batchLoadings.operator.id", "batchLoadings->operator"."firstname" AS "batchLoadings.operator.firstname", "batchLoadings->operator"."lastname" AS "batchLoadings.operator.lastname", "batchLoadings->operator"."email" AS "batchLoadings.operator.email" FROM (SELECT "Batch"."id", "Batch"."clientId", "Batch"."priceId", "Batch"."date_received", "Batch"."weight_in", "Batch"."weight_out", "Batch"."net_weight", "Batch"."number_of_boxes", "Batch"."status", "Batch"."operation_type", "Batch"."pressing_room_id", "Batch"."session_start_time", "Batch"."estimated_time", "Batch"."ticket_number", "Batch"."bidons_brought", "Batch"."number_of_bidons", "Batch"."boxes_loaded_to_pressing", "Batch"."boxes_committed_to_queue", "Batch"."taux", "Batch"."createdAt", "Batch"."updatedAt" FROM "batches" AS "Batch" ORDER BY "Batch"."date_received" DESC LIMIT 5 OFFSET 0) AS "Batch" LEFT OUTER JOIN "clients" AS "client" ON "Batch"."clientId" = "client"."id" LEFT OUTER JOIN "prices" AS "price" ON "Batch"."priceId" = "price"."id" LEFT OUTER JOIN "pressing_rooms" AS "pressingRoom" ON "Batch"."pressing_room_id" = "pressingRoom"."id" LEFT OUTER JOIN "oil_batches" AS "oilBatches" ON "Batch"."id" = "oilBatches"."batchId" LEFT OUTER JOIN "batch_loadings" AS "batchLoadings" ON "Batch"."id" = "batchLoadings"."batchId" LEFT OUTER JOIN "pressing_rooms" AS "batchLoadings->pressingRoom" ON "batchLoadings"."pressingRoomId" = "batchLoadings->pressingRoom"."id" LEFT OUTER JOIN "users" AS "batchLoadings->operator" ON "batchLoadings"."operatorId" = "batchLoadings->operator"."id" ORDER BY "Batch"."date_received" DESC;
Executing (default): SELECT "id", "date", "milling_price_per_kg", "oil_client_selling_price_per_kg", "oil_export_selling_price_per_kg", "olive_buying_price_per_kg", "empty_bidon_price", "createdAt", "updatedAt" FROM "prices" AS "Price" ORDER BY "Price"."createdAt" DESC LIMIT 1;
[2025-11-03T18:51:14.248Z] GET /api/batches/next-ticket-number?date=2025-11-03 - ::1
Executing (default): SELECT "ticket_number" FROM "batches" AS "Batch" WHERE ("Batch"."date_received" >= '2025-11-02 23:00:00.000 +00:00' AND "Batch"."date_received" <= '2025-11-03 22:59:59.999 +00:00') ORDER BY "Batch"."date_received" DESC;
[2025-11-03T18:52:42.019Z] GET /api/oil-batches?batchId=16 - ::1
Executing (default): SELECT "OilBatch"."id", "OilBatch"."weight", "OilBatch"."residue", "OilBatch"."batchId", "OilBatch"."pressing_sessionId", "OilBatch"."createdAt", "OilBatch"."updatedAt", "batch"."id" AS "batch.id", "batch"."clientId" AS "batch.clientId", "batch"."priceId" AS "batch.priceId", "batch"."date_received" AS "batch.date_received", "batch"."weight_in" AS "batch.weight_in", "batch"."weight_out" AS "batch.weight_out", "batch"."net_weight" AS "batch.net_weight", "batch"."number_of_boxes" AS "batch.number_of_boxes", "batch"."status" AS "batch.status", "batch"."operation_type" AS "batch.operation_type", "batch"."pressing_room_id" AS "batch.pressing_room_id", "batch"."session_start_time" AS "batch.session_start_time", "batch"."estimated_time" AS "batch.estimated_time", "batch"."ticket_number" AS "batch.ticket_number", "batch"."bidons_brought" AS "batch.bidons_brought", "batch"."number_of_bidons" AS "batch.number_of_bidons", "batch"."boxes_loaded_to_pressing" AS "batch.boxes_loaded_to_pressing", "batch"."boxes_committed_to_queue" AS "batch.boxes_committed_to_queue", "batch"."taux" AS "batch.taux", "batch"."createdAt" AS "batch.createdAt", "batch"."updatedAt" AS "batch.updatedAt", "batch->client"."id" AS "batch.client.id", "batch->client"."firstname" AS "batch.client.firstname", "batch->client"."lastname" AS "batch.client.lastname", "batch->client"."phone" AS "batch.client.phone", "batch->client"."address" AS "batch.client.address", "batch->client"."createdAt" AS "batch.client.createdAt", "batch->client"."updatedAt" AS "batch.client.updatedAt", "pressingSession"."id" AS "pressingSession.id", "pressingSession"."start" AS "pressingSession.start", "pressingSession"."finish" AS "pressingSession.finish", "pressingSession"."number_of_boxes" AS "pressingSession.number_of_boxes", "pressingSession"."pressing_roomID" AS "pressingSession.pressing_roomID", "pressingSession"."batch_id" AS "pressingSession.batch_id", "pressingSession"."status" AS "pressingSession.status", "pressingSession"."oil_bidons_produced" AS "pressingSession.oil_bidons_produced", "pressingSession"."createdAt" AS "pressingSession.createdAt", "pressingSession"."updatedAt" AS "pressingSession.updatedAt", "qualityTests"."id" AS "qualityTests.id", "qualityTests"."oil_batchId" AS "qualityTests.oil_batchId", "qualityTests"."acidity_level" AS "qualityTests.acidity_level", "qualityTests"."grade" AS "qualityTests.grade", "qualityTests"."test_date" AS "qualityTests.test_date", "qualityTests"."tested_by_employeeId" AS "qualityTests.tested_by_employeeId", "qualityTests"."createdAt" AS "qualityTests.createdAt", "qualityTests"."updatedAt" AS "qualityTests.updatedAt", "containerOilBatches"."id" AS "containerOilBatches.id", "containerOilBatches"."containerContentId" AS "containerOilBatches.containerContentId", "containerOilBatches"."oilBatchId" AS "containerOilBatches.oilBatchId", "containerOilBatches"."weight" AS "containerOilBatches.weight", "containerOilBatches"."createdAt" AS "containerOilBatches.createdAt", "containerOilBatches"."updatedAt" AS "containerOilBatches.updatedAt" FROM "oil_batches" AS "OilBatch" LEFT OUTER JOIN "batches" AS "batch" ON "OilBatch"."batchId" = "batch"."id" LEFT OUTER JOIN "clients" AS "batch->client" ON "batch"."clientId" = "batch->client"."id" LEFT OUTER JOIN "pressing_sessions" AS "pressingSession" ON "OilBatch"."pressing_sessionId" = "pressingSession"."id" LEFT OUTER JOIN "quality_tests" AS "qualityTests" ON "OilBatch"."id" = "qualityTests"."oil_batchId" LEFT OUTER JOIN "container_oil_batches" AS "containerOilBatches" ON "OilBatch"."id" = "containerOilBatches"."oilBatchId" WHERE "OilBatch"."batchId" = 16 ORDER BY "OilBatch"."createdAt" DESC;
[2025-11-03T18:52:42.186Z] GET /api/oil-batches?batchId=16 - ::1
Executing (default): SELECT "OilBatch"."id", "OilBatch"."weight", "OilBatch"."residue", "OilBatch"."batchId", "OilBatch"."pressing_sessionId", "OilBatch"."createdAt", "OilBatch"."updatedAt", "batch"."id" AS "batch.id", "batch"."clientId" AS "batch.clientId", "batch"."priceId" AS "batch.priceId", "batch"."date_received" AS "batch.date_received", "batch"."weight_in" AS "batch.weight_in", "batch"."weight_out" AS "batch.weight_out", "batch"."net_weight" AS "batch.net_weight", "batch"."number_of_boxes" AS "batch.number_of_boxes", "batch"."status" AS "batch.status", "batch"."operation_type" AS "batch.operation_type", "batch"."pressing_room_id" AS "batch.pressing_room_id", "batch"."session_start_time" AS "batch.session_start_time", "batch"."estimated_time" AS "batch.estimated_time", "batch"."ticket_number" AS "batch.ticket_number", "batch"."bidons_brought" AS "batch.bidons_brought", "batch"."number_of_bidons" AS "batch.number_of_bidons", "batch"."boxes_loaded_to_pressing" AS "batch.boxes_loaded_to_pressing", "batch"."boxes_committed_to_queue" AS "batch.boxes_committed_to_queue", "batch"."taux" AS "batch.taux", "batch"."createdAt" AS "batch.createdAt", "batch"."updatedAt" AS "batch.updatedAt", "batch->client"."id" AS "batch.client.id", "batch->client"."firstname" AS "batch.client.firstname", "batch->client"."lastname" AS "batch.client.lastname", "batch->client"."phone" AS "batch.client.phone", "batch->client"."address" AS "batch.client.address", "batch->client"."createdAt" AS "batch.client.createdAt", "batch->client"."updatedAt" AS "batch.client.updatedAt", "pressingSession"."id" AS "pressingSession.id", "pressingSession"."start" AS "pressingSession.start", "pressingSession"."finish" AS "pressingSession.finish", "pressingSession"."number_of_boxes" AS "pressingSession.number_of_boxes", "pressingSession"."pressing_roomID" AS "pressingSession.pressing_roomID", "pressingSession"."batch_id" AS "pressingSession.batch_id", "pressingSession"."status" AS "pressingSession.status", "pressingSession"."oil_bidons_produced" AS "pressingSession.oil_bidons_produced", "pressingSession"."createdAt" AS "pressingSession.createdAt", "pressingSession"."updatedAt" AS "pressingSession.updatedAt", "qualityTests"."id" AS "qualityTests.id", "qualityTests"."oil_batchId" AS "qualityTests.oil_batchId", "qualityTests"."acidity_level" AS "qualityTests.acidity_level", "qualityTests"."grade" AS "qualityTests.grade", "qualityTests"."test_date" AS "qualityTests.test_date", "qualityTests"."tested_by_employeeId" AS "qualityTests.tested_by_employeeId", "qualityTests"."createdAt" AS "qualityTests.createdAt", "qualityTests"."updatedAt" AS "qualityTests.updatedAt", "containerOilBatches"."id" AS "containerOilBatches.id", "containerOilBatches"."containerContentId" AS "containerOilBatches.containerContentId", "containerOilBatches"."oilBatchId" AS "containerOilBatches.oilBatchId", "containerOilBatches"."weight" AS "containerOilBatches.weight", "containerOilBatches"."createdAt" AS "containerOilBatches.createdAt", "containerOilBatches"."updatedAt" AS "containerOilBatches.updatedAt" FROM "oil_batches" AS "OilBatch" LEFT OUTER JOIN "batches" AS "batch" ON "OilBatch"."batchId" = "batch"."id" LEFT OUTER JOIN "clients" AS "batch->client" ON "batch"."clientId" = "batch->client"."id" LEFT OUTER JOIN "pressing_sessions" AS "pressingSession" ON "OilBatch"."pressing_sessionId" = "pressingSession"."id" LEFT OUTER JOIN "quality_tests" AS "qualityTests" ON "OilBatch"."id" = "qualityTests"."oil_batchId" LEFT OUTER JOIN "container_oil_batches" AS "containerOilBatches" ON "OilBatch"."id" = "containerOilBatches"."oilBatchId" WHERE "OilBatch"."batchId" = 16 ORDER BY "OilBatch"."createdAt" DESC;
[2025-11-03T18:52:50.106Z] GET /api/batches/16 - ::1
Executing (default): SELECT "Batch"."id", "Batch"."clientId", "Batch"."priceId", "Batch"."date_received", "Batch"."weight_in", "Batch"."weight_out", "Batch"."net_weight", "Batch"."number_of_boxes", "Batch"."status", "Batch"."operation_type", "Batch"."pressing_room_id", "Batch"."session_start_time", "Batch"."estimated_time", "Batch"."ticket_number", "Batch"."bidons_brought", "Batch"."number_of_bidons", "Batch"."boxes_loaded_to_pressing", "Batch"."boxes_committed_to_queue", "Batch"."taux", "Batch"."createdAt", "Batch"."updatedAt", "client"."id" AS "client.id", "client"."firstname" AS "client.firstname", "client"."lastname" AS "client.lastname", "client"."phone" AS "client.phone", "client"."address" AS "client.address", "client"."createdAt" AS "client.createdAt", "client"."updatedAt" AS "client.updatedAt", "oilBatches"."id" AS "oilBatches.id", "oilBatches"."weight" AS "oilBatches.weight", "oilBatches"."residue" AS "oilBatches.residue", "oilBatches"."batchId" AS "oilBatches.batchId", "oilBatches"."pressing_sessionId" AS "oilBatches.pressing_sessionId", "oilBatches"."createdAt" AS "oilBatches.createdAt", "oilBatches"."updatedAt" AS "oilBatches.updatedAt", "oilBatches->qualityTests"."id" AS "oilBatches.qualityTests.id", "oilBatches->qualityTests"."oil_batchId" AS "oilBatches.qualityTests.oil_batchId", "oilBatches->qualityTests"."acidity_level" AS "oilBatches.qualityTests.acidity_level", "oilBatches->qualityTests"."grade" AS "oilBatches.qualityTests.grade", "oilBatches->qualityTests"."test_date" AS "oilBatches.qualityTests.test_date", "oilBatches->qualityTests"."tested_by_employeeId" AS "oilBatches.qualityTests.tested_by_employeeId", "oilBatches->qualityTests"."createdAt" AS "oilBatches.qualityTests.createdAt", "oilBatches->qualityTests"."updatedAt" AS "oilBatches.qualityTests.updatedAt", "batchLoadings"."id" AS "batchLoadings.id", "batchLoadings"."batchId" AS "batchLoadings.batchId", "batchLoadings"."pressingSessionId" AS "batchLoadings.pressingSessionId", "batchLoadings"."pressingRoomId" AS "batchLoadings.pressingRoomId", "batchLoadings"."operatorId" AS "batchLoadings.operatorId", "batchLoadings"."boxesLoaded" AS "batchLoadings.boxesLoaded", "batchLoadings"."loadedAt" AS "batchLoadings.loadedAt", "batchLoadings"."notes" AS "batchLoadings.notes", "batchLoadings"."createdAt" AS "batchLoadings.createdAt", "batchLoadings"."updatedAt" AS "batchLoadings.updatedAt", "batchLoadings->pressingRoom"."id" AS "batchLoadings.pressingRoom.id", "batchLoadings->pressingRoom"."name" AS "batchLoadings.pressingRoom.name", "batchLoadings->operator"."id" AS "batchLoadings.operator.id", "batchLoadings->operator"."firstname" AS "batchLoadings.operator.firstname", "batchLoadings->operator"."lastname" AS "batchLoadings.operator.lastname", "batchLoadings->operator"."email" AS "batchLoadings.operator.email", "batchLoadings->pressingSession"."id" AS "batchLoadings.pressingSession.id", "batchLoadings->pressingSession"."start" AS "batchLoadings.pressingSession.start", "batchLoadings->pressingSession"."finish" AS "batchLoadings.pressingSession.finish" FROM "batches" AS "Batch" LEFT OUTER JOIN "clients" AS "client" ON "Batch"."clientId" = "client"."id" LEFT OUTER JOIN "oil_batches" AS "oilBatches" ON "Batch"."id" = "oilBatches"."batchId" LEFT OUTER JOIN "quality_tests" AS "oilBatches->qualityTests" ON "oilBatches"."id" = "oilBatches->qualityTests"."oil_batchId" LEFT OUTER JOIN "batch_loadings" AS "batchLoadings" ON "Batch"."id" = "batchLoadings"."batchId" LEFT OUTER JOIN "pressing_rooms" AS "batchLoadings->pressingRoom" ON "batchLoadings"."pressingRoomId" = "batchLoadings->pressingRoom"."id" LEFT OUTER JOIN "users" AS "batchLoadings->operator" ON "batchLoadings"."operatorId" = "batchLoadings->operator"."id" LEFT OUTER JOIN "pressing_sessions" AS "batchLoadings->pressingSession" ON "batchLoadings"."pressingSessionId" = "batchLoadings->pressingSession"."id" WHERE "Batch"."id" = '16';
[2025-11-03T18:52:50.424Z] GET /api/pressing-sessions?batchId=16 - ::1
Executing (default): SELECT "PressingSession"."id", "PressingSession"."start", "PressingSession"."finish", "PressingSession"."number_of_boxes", "PressingSession"."pressing_roomID", "PressingSession"."batch_id", "PressingSession"."status", "PressingSession"."oil_bidons_produced", "PressingSession"."createdAt", "PressingSession"."updatedAt", "pressingRoom"."id" AS "pressingRoom.id", "pressingRoom"."name" AS "pressingRoom.name", "pressingRoom"."capacity" AS "pressingRoom.capacity", "pressingRoom"."createdAt" AS "pressingRoom.createdAt", "pressingRoom"."updatedAt" AS "pressingRoom.updatedAt", "oilBatches"."id" AS "oilBatches.id", "oilBatches"."weight" AS "oilBatches.weight", "oilBatches"."residue" AS "oilBatches.residue", "oilBatches"."batchId" AS "oilBatches.batchId", "oilBatches"."pressing_sessionId" AS "oilBatches.pressing_sessionId", "oilBatches"."createdAt" AS "oilBatches.createdAt", "oilBatches"."updatedAt" AS "oilBatches.updatedAt" FROM "pressing_sessions" AS "PressingSession" LEFT OUTER JOIN "pressing_rooms" AS "pressingRoom" ON "PressingSession"."pressing_roomID" = "pressingRoom"."id" LEFT OUTER JOIN "oil_batches" AS "oilBatches" ON "PressingSession"."id" = "oilBatches"."pressing_sessionId" ORDER BY "PressingSession"."start" DESC;
[2025-11-03T18:52:50.731Z] GET /api/batch-loadings?batchId=16 - ::1
Executing (default): SELECT count("BatchLoading"."id") AS "count" FROM "batch_loadings" AS "BatchLoading" LEFT OUTER JOIN "batches" AS "batch" ON "BatchLoading"."batchId" = "batch"."id" LEFT OUTER JOIN "clients" AS "batch->client" ON "batch"."clientId" = "batch->client"."id" LEFT OUTER JOIN "pressing_sessions" AS "pressingSession" ON "BatchLoading"."pressingSessionId" = "pressingSession"."id" LEFT OUTER JOIN "pressing_rooms" AS "pressingRoom" ON "BatchLoading"."pressingRoomId" = "pressingRoom"."id" LEFT OUTER JOIN "users" AS "operator" ON "BatchLoading"."operatorId" = "operator"."id" WHERE "BatchLoading"."batchId" = 16;
Executing (default): SELECT "BatchLoading"."id", "BatchLoading"."batchId", "BatchLoading"."pressingSessionId", "BatchLoading"."pressingRoomId", "BatchLoading"."operatorId", "BatchLoading"."boxesLoaded", "BatchLoading"."loadedAt", "BatchLoading"."notes", "BatchLoading"."createdAt", "BatchLoading"."updatedAt", "batch"."id" AS "batch.id", "batch"."clientId" AS "batch.clientId", "batch"."priceId" AS "batch.priceId", "batch"."date_received" AS "batch.date_received", "batch"."weight_in" AS "batch.weight_in", "batch"."weight_out" AS "batch.weight_out", "batch"."net_weight" AS "batch.net_weight", "batch"."number_of_boxes" AS "batch.number_of_boxes", "batch"."status" AS "batch.status", "batch"."operation_type" AS "batch.operation_type", "batch"."pressing_room_id" AS "batch.pressing_room_id", "batch"."session_start_time" AS "batch.session_start_time", "batch"."estimated_time" AS "batch.estimated_time", "batch"."ticket_number" AS "batch.ticket_number", "batch"."bidons_brought" AS "batch.bidons_brought", "batch"."number_of_bidons" AS "batch.number_of_bidons", "batch"."boxes_loaded_to_pressing" AS "batch.boxes_loaded_to_pressing", "batch"."boxes_committed_to_queue" AS "batch.boxes_committed_to_queue", "batch"."taux" AS "batch.taux", "batch"."createdAt" AS "batch.createdAt", "batch"."updatedAt" AS "batch.updatedAt", "batch->client"."id" AS "batch.client.id", "batch->client"."firstname" AS "batch.client.firstname", "batch->client"."lastname" AS "batch.client.lastname", "pressingSession"."id" AS "pressingSession.id", "pressingSession"."start" AS "pressingSession.start", "pressingSession"."finish" AS "pressingSession.finish", "pressingSession"."number_of_boxes" AS "pressingSession.number_of_boxes", "pressingSession"."pressing_roomID" AS "pressingSession.pressing_roomID", "pressingSession"."batch_id" AS "pressingSession.batch_id", "pressingSession"."status" AS "pressingSession.status", "pressingSession"."oil_bidons_produced" AS "pressingSession.oil_bidons_produced", "pressingSession"."createdAt" AS "pressingSession.createdAt", "pressingSession"."updatedAt" AS "pressingSession.updatedAt", "pressingRoom"."id" AS "pressingRoom.id", "pressingRoom"."name" AS "pressingRoom.name", "operator"."id" AS "operator.id", "operator"."firstname" AS "operator.firstname", "operator"."lastname" AS "operator.lastname" FROM "batch_loadings" AS "BatchLoading" LEFT OUTER JOIN "batches" AS "batch" ON "BatchLoading"."batchId" = "batch"."id" LEFT OUTER JOIN "clients" AS "batch->client" ON "batch"."clientId" = "batch->client"."id" LEFT OUTER JOIN "pressing_sessions" AS "pressingSession" ON "BatchLoading"."pressingSessionId" = "pressingSession"."id" LEFT OUTER JOIN "pressing_rooms" AS "pressingRoom" ON "BatchLoading"."pressingRoomId" = "pressingRoom"."id" LEFT OUTER JOIN "users" AS "operator" ON "BatchLoading"."operatorId" = "operator"."id" WHERE "BatchLoading"."batchId" = 16 ORDER BY "BatchLoading"."loadedAt" DESC LIMIT 20 OFFSET 0;
[2025-11-03T18:52:57.246Z] GET /api/pressing-rooms/combined-display-data - ::1
Executing (default): SELECT "id", "name", "capacity", "createdAt", "updatedAt" FROM "pressing_rooms" AS "PressingRoom" ORDER BY "PressingRoom"."id" ASC;
Executing (default): SELECT "PressingSession"."id", "PressingSession"."start", "PressingSession"."finish", "PressingSession"."number_of_boxes", "PressingSession"."pressing_roomID", "PressingSession"."batch_id", "PressingSession"."status", "PressingSession"."oil_bidons_produced", "PressingSession"."createdAt", "PressingSession"."updatedAt", "batch"."id" AS "batch.id", "batch"."clientId" AS "batch.clientId", "batch"."priceId" AS "batch.priceId", "batch"."date_received" AS "batch.date_received", "batch"."weight_in" AS "batch.weight_in", "batch"."weight_out" AS "batch.weight_out", "batch"."net_weight" AS "batch.net_weight", "batch"."number_of_boxes" AS "batch.number_of_boxes", "batch"."status" AS "batch.status", "batch"."operation_type" AS "batch.operation_type", "batch"."pressing_room_id" AS "batch.pressing_room_id", "batch"."session_start_time" AS "batch.session_start_time", "batch"."estimated_time" AS "batch.estimated_time", "batch"."ticket_number" AS "batch.ticket_number", "batch"."bidons_brought" AS "batch.bidons_brought", "batch"."number_of_bidons" AS "batch.number_of_bidons", "batch"."boxes_loaded_to_pressing" AS "batch.boxes_loaded_to_pressing", "batch"."boxes_committed_to_queue" AS "batch.boxes_committed_to_queue", "batch"."taux" AS "batch.taux", "batch"."createdAt" AS "batch.createdAt", "batch"."updatedAt" AS "batch.updatedAt", "batch->client"."id" AS "batch.client.id", "batch->client"."firstname" AS "batch.client.firstname", "batch->client"."lastname" AS "batch.client.lastname" FROM "pressing_sessions" AS "PressingSession" LEFT OUTER JOIN "batches" AS "batch" ON "PressingSession"."batch_id" = "batch"."id" LEFT OUTER JOIN "clients" AS "batch->client" ON "batch"."clientId" = "batch->client"."id" WHERE "PressingSession"."finish" IS NULL AND "PressingSession"."status" = 'active';
Executing (default): SELECT "PressingQueue"."id", "PressingQueue"."batch_id", "PressingQueue"."batch_loading_id", "PressingQueue"."number_of_boxes", "PressingQueue"."operator_id", "PressingQueue"."priority", "PressingQueue"."status", "PressingQueue"."notes", "PressingQueue"."created_at", "PressingQueue"."updated_at", "batch"."id" AS "batch.id", "batch"."clientId" AS "batch.clientId", "batch"."priceId" AS "batch.priceId", "batch"."date_received" AS "batch.date_received", "batch"."weight_in" AS "batch.weight_in", "batch"."weight_out" AS "batch.weight_out", "batch"."net_weight" AS "batch.net_weight", "batch"."number_of_boxes" AS "batch.number_of_boxes", "batch"."status" AS "batch.status", "batch"."operation_type" AS "batch.operation_type", "batch"."pressing_room_id" AS "batch.pressing_room_id", "batch"."session_start_time" AS "batch.session_start_time", "batch"."estimated_time" AS "batch.estimated_time", "batch"."ticket_number" AS "batch.ticket_number", "batch"."bidons_brought" AS "batch.bidons_brought", "batch"."number_of_bidons" AS "batch.number_of_bidons", "batch"."boxes_loaded_to_pressing" AS "batch.boxes_loaded_to_pressing", "batch"."boxes_committed_to_queue" AS "batch.boxes_committed_to_queue", "batch"."taux" AS "batch.taux", "batch"."createdAt" AS "batch.createdAt", "batch"."updatedAt" AS "batch.updatedAt", "batch->client"."id" AS "batch.client.id", "batch->client"."firstname" AS "batch.client.firstname", "batch->client"."lastname" AS "batch.client.lastname", "batchLoading"."id" AS "batchLoading.id", "batchLoading"."batchId" AS "batchLoading.batchId", "batchLoading"."pressingSessionId" AS "batchLoading.pressingSessionId", "batchLoading"."pressingRoomId" AS "batchLoading.pressingRoomId", "batchLoading"."operatorId" AS "batchLoading.operatorId", "batchLoading"."boxesLoaded" AS "batchLoading.boxesLoaded", "batchLoading"."loadedAt" AS "batchLoading.loadedAt", "batchLoading"."notes" AS "batchLoading.notes", "batchLoading"."createdAt" AS "batchLoading.createdAt", "batchLoading"."updatedAt" AS "batchLoading.updatedAt", "batchLoading->batch"."id" AS "batchLoading.batch.id", "batchLoading->batch"."clientId" AS "batchLoading.batch.clientId", "batchLoading->batch"."priceId" AS "batchLoading.batch.priceId", "batchLoading->batch"."date_received" AS "batchLoading.batch.date_received", "batchLoading->batch"."weight_in" AS "batchLoading.batch.weight_in", "batchLoading->batch"."weight_out" AS "batchLoading.batch.weight_out", "batchLoading->batch"."net_weight" AS "batchLoading.batch.net_weight", "batchLoading->batch"."number_of_boxes" AS "batchLoading.batch.number_of_boxes", "batchLoading->batch"."status" AS "batchLoading.batch.status", "batchLoading->batch"."operation_type" AS "batchLoading.batch.operation_type", "batchLoading->batch"."pressing_room_id" AS "batchLoading.batch.pressing_room_id", "batchLoading->batch"."session_start_time" AS "batchLoading.batch.session_start_time", "batchLoading->batch"."estimated_time" AS "batchLoading.batch.estimated_time", "batchLoading->batch"."ticket_number" AS "batchLoading.batch.ticket_number", "batchLoading->batch"."bidons_brought" AS "batchLoading.batch.bidons_brought", "batchLoading->batch"."number_of_bidons" AS "batchLoading.batch.number_of_bidons", "batchLoading->batch"."boxes_loaded_to_pressing" AS "batchLoading.batch.boxes_loaded_to_pressing", "batchLoading->batch"."boxes_committed_to_queue" AS "batchLoading.batch.boxes_committed_to_queue", "batchLoading->batch"."taux" AS "batchLoading.batch.taux", "batchLoading->batch"."createdAt" AS "batchLoading.batch.createdAt", "batchLoading->batch"."updatedAt" AS "batchLoading.batch.updatedAt", "batchLoading->batch->client"."id" AS "batchLoading.batch.client.id", "batchLoading->batch->client"."firstname" AS "batchLoading.batch.client.firstname", "batchLoading->batch->client"."lastname" AS "batchLoading.batch.client.lastname", "operator"."id" AS "operator.id", "operator"."firstname" AS "operator.firstname", "operator"."lastname" AS "operator.lastname" FROM "pressing_queue" AS "PressingQueue" LEFT OUTER JOIN "batches" AS "batch" ON "PressingQueue"."batch_id" = "batch"."id" LEFT OUTER JOIN "clients" AS "batch->client" ON "batch"."clientId" = "batch->client"."id" LEFT OUTER JOIN "batch_loadings" AS "batchLoading" ON "PressingQueue"."batch_loading_id" = "batchLoading"."id" LEFT OUTER JOIN "batches" AS "batchLoading->batch" ON "batchLoading"."batchId" = "batchLoading->batch"."id" LEFT OUTER JOIN "clients" AS "batchLoading->batch->client" ON "batchLoading->batch"."clientId" = "batchLoading->batch->client"."id" LEFT OUTER JOIN "users" AS "operator" ON "PressingQueue"."operator_id" = "operator"."id" WHERE "PressingQueue"."status" = 'queued' ORDER BY "PressingQueue"."priority" DESC, "PressingQueue"."created_at" ASC;
[2025-11-03T18:53:07.299Z] GET /api/pressing-rooms/combined-display-data - ::1
Executing (default): SELECT "id", "name", "capacity", "createdAt", "updatedAt" FROM "pressing_rooms" AS "PressingRoom" ORDER BY "PressingRoom"."id" ASC;
Executing (default): SELECT "PressingSession"."id", "PressingSession"."start", "PressingSession"."finish", "PressingSession"."number_of_boxes", "PressingSession"."pressing_roomID", "PressingSession"."batch_id", "PressingSession"."status", "PressingSession"."oil_bidons_produced", "PressingSession"."createdAt", "PressingSession"."updatedAt", "batch"."id" AS "batch.id", "batch"."clientId" AS "batch.clientId", "batch"."priceId" AS "batch.priceId", "batch"."date_received" AS "batch.date_received", "batch"."weight_in" AS "batch.weight_in", "batch"."weight_out" AS "batch.weight_out", "batch"."net_weight" AS "batch.net_weight", "batch"."number_of_boxes" AS "batch.number_of_boxes", "batch"."status" AS "batch.status", "batch"."operation_type" AS "batch.operation_type", "batch"."pressing_room_id" AS "batch.pressing_room_id", "batch"."session_start_time" AS "batch.session_start_time", "batch"."estimated_time" AS "batch.estimated_time", "batch"."ticket_number" AS "batch.ticket_number", "batch"."bidons_brought" AS "batch.bidons_brought", "batch"."number_of_bidons" AS "batch.number_of_bidons", "batch"."boxes_loaded_to_pressing" AS "batch.boxes_loaded_to_pressing", "batch"."boxes_committed_to_queue" AS "batch.boxes_committed_to_queue", "batch"."taux" AS "batch.taux", "batch"."createdAt" AS "batch.createdAt", "batch"."updatedAt" AS "batch.updatedAt", "batch->client"."id" AS "batch.client.id", "batch->client"."firstname" AS "batch.client.firstname", "batch->client"."lastname" AS "batch.client.lastname" FROM "pressing_sessions" AS "PressingSession" LEFT OUTER JOIN "batches" AS "batch" ON "PressingSession"."batch_id" = "batch"."id" LEFT OUTER JOIN "clients" AS "batch->client" ON "batch"."clientId" = "batch->client"."id" WHERE "PressingSession"."finish" IS NULL AND "PressingSession"."status" = 'active';
Executing (default): SELECT "PressingQueue"."id", "PressingQueue"."batch_id", "PressingQueue"."batch_loading_id", "PressingQueue"."number_of_boxes", "PressingQueue"."operator_id", "PressingQueue"."priority", "PressingQueue"."status", "PressingQueue"."notes", "PressingQueue"."created_at", "PressingQueue"."updated_at", "batch"."id" AS "batch.id", "batch"."clientId" AS "batch.clientId", "batch"."priceId" AS "batch.priceId", "batch"."date_received" AS "batch.date_received", "batch"."weight_in" AS "batch.weight_in", "batch"."weight_out" AS "batch.weight_out", "batch"."net_weight" AS "batch.net_weight", "batch"."number_of_boxes" AS "batch.number_of_boxes", "batch"."status" AS "batch.status", "batch"."operation_type" AS "batch.operation_type", "batch"."pressing_room_id" AS "batch.pressing_room_id", "batch"."session_start_time" AS "batch.session_start_time", "batch"."estimated_time" AS "batch.estimated_time", "batch"."ticket_number" AS "batch.ticket_number", "batch"."bidons_brought" AS "batch.bidons_brought", "batch"."number_of_bidons" AS "batch.number_of_bidons", "batch"."boxes_loaded_to_pressing" AS "batch.boxes_loaded_to_pressing", "batch"."boxes_committed_to_queue" AS "batch.boxes_committed_to_queue", "batch"."taux" AS "batch.taux", "batch"."createdAt" AS "batch.createdAt", "batch"."updatedAt" AS "batch.updatedAt", "batch->client"."id" AS "batch.client.id", "batch->client"."firstname" AS "batch.client.firstname", "batch->client"."lastname" AS "batch.client.lastname", "batchLoading"."id" AS "batchLoading.id", "batchLoading"."batchId" AS "batchLoading.batchId", "batchLoading"."pressingSessionId" AS "batchLoading.pressingSessionId", "batchLoading"."pressingRoomId" AS "batchLoading.pressingRoomId", "batchLoading"."operatorId" AS "batchLoading.operatorId", "batchLoading"."boxesLoaded" AS "batchLoading.boxesLoaded", "batchLoading"."loadedAt" AS "batchLoading.loadedAt", "batchLoading"."notes" AS "batchLoading.notes", "batchLoading"."createdAt" AS "batchLoading.createdAt", "batchLoading"."updatedAt" AS "batchLoading.updatedAt", "batchLoading->batch"."id" AS "batchLoading.batch.id", "batchLoading->batch"."clientId" AS "batchLoading.batch.clientId", "batchLoading->batch"."priceId" AS "batchLoading.batch.priceId", "batchLoading->batch"."date_received" AS "batchLoading.batch.date_received", "batchLoading->batch"."weight_in" AS "batchLoading.batch.weight_in", "batchLoading->batch"."weight_out" AS "batchLoading.batch.weight_out", "batchLoading->batch"."net_weight" AS "batchLoading.batch.net_weight", "batchLoading->batch"."number_of_boxes" AS "batchLoading.batch.number_of_boxes", "batchLoading->batch"."status" AS "batchLoading.batch.status", "batchLoading->batch"."operation_type" AS "batchLoading.batch.operation_type", "batchLoading->batch"."pressing_room_id" AS "batchLoading.batch.pressing_room_id", "batchLoading->batch"."session_start_time" AS "batchLoading.batch.session_start_time", "batchLoading->batch"."estimated_time" AS "batchLoading.batch.estimated_time", "batchLoading->batch"."ticket_number" AS "batchLoading.batch.ticket_number", "batchLoading->batch"."bidons_brought" AS "batchLoading.batch.bidons_brought", "batchLoading->batch"."number_of_bidons" AS "batchLoading.batch.number_of_bidons", "batchLoading->batch"."boxes_loaded_to_pressing" AS "batchLoading.batch.boxes_loaded_to_pressing", "batchLoading->batch"."boxes_committed_to_queue" AS "batchLoading.batch.boxes_committed_to_queue", "batchLoading->batch"."taux" AS "batchLoading.batch.taux", "batchLoading->batch"."createdAt" AS "batchLoading.batch.createdAt", "batchLoading->batch"."updatedAt" AS "batchLoading.batch.updatedAt", "batchLoading->batch->client"."id" AS "batchLoading.batch.client.id", "batchLoading->batch->client"."firstname" AS "batchLoading.batch.client.firstname", "batchLoading->batch->client"."lastname" AS "batchLoading.batch.client.lastname", "operator"."id" AS "operator.id", "operator"."firstname" AS "operator.firstname", "operator"."lastname" AS "operator.lastname" FROM "pressing_queue" AS "PressingQueue" LEFT OUTER JOIN "batches" AS "batch" ON "PressingQueue"."batch_id" = "batch"."id" LEFT OUTER JOIN "clients" AS "batch->client" ON "batch"."clientId" = "batch->client"."id" LEFT OUTER JOIN "batch_loadings" AS "batchLoading" ON "PressingQueue"."batch_loading_id" = "batchLoading"."id" LEFT OUTER JOIN "batches" AS "batchLoading->batch" ON "batchLoading"."batchId" = "batchLoading->batch"."id" LEFT OUTER JOIN "clients" AS "batchLoading->batch->client" ON "batchLoading->batch"."clientId" = "batchLoading->batch->client"."id" LEFT OUTER JOIN "users" AS "operator" ON "PressingQueue"."operator_id" = "operator"."id" WHERE "PressingQueue"."status" = 'queued' ORDER BY "PressingQueue"."priority" DESC, "PressingQueue"."created_at" ASC;
[2025-11-03T18:53:08.744Z] GET /api/pressing-rooms/display-data - ::1
Executing (default): SELECT "id", "name", "capacity", "createdAt", "updatedAt" FROM "pressing_rooms" AS "PressingRoom" ORDER BY "PressingRoom"."id" ASC;
Executing (default): SELECT "PressingSession"."id", "PressingSession"."start", "PressingSession"."finish", "PressingSession"."number_of_boxes", "PressingSession"."pressing_roomID", "PressingSession"."batch_id", "PressingSession"."status", "PressingSession"."oil_bidons_produced", "PressingSession"."createdAt", "PressingSession"."updatedAt", "batch"."id" AS "batch.id", "batch"."clientId" AS "batch.clientId", "batch"."priceId" AS "batch.priceId", "batch"."date_received" AS "batch.date_received", "batch"."weight_in" AS "batch.weight_in", "batch"."weight_out" AS "batch.weight_out", "batch"."net_weight" AS "batch.net_weight", "batch"."number_of_boxes" AS "batch.number_of_boxes", "batch"."status" AS "batch.status", "batch"."operation_type" AS "batch.operation_type", "batch"."pressing_room_id" AS "batch.pressing_room_id", "batch"."session_start_time" AS "batch.session_start_time", "batch"."estimated_time" AS "batch.estimated_time", "batch"."ticket_number" AS "batch.ticket_number", "batch"."bidons_brought" AS "batch.bidons_brought", "batch"."number_of_bidons" AS "batch.number_of_bidons", "batch"."boxes_loaded_to_pressing" AS "batch.boxes_loaded_to_pressing", "batch"."boxes_committed_to_queue" AS "batch.boxes_committed_to_queue", "batch"."taux" AS "batch.taux", "batch"."createdAt" AS "batch.createdAt", "batch"."updatedAt" AS "batch.updatedAt", "batch->client"."id" AS "batch.client.id", "batch->client"."firstname" AS "batch.client.firstname", "batch->client"."lastname" AS "batch.client.lastname" FROM "pressing_sessions" AS "PressingSession" LEFT OUTER JOIN "batches" AS "batch" ON "PressingSession"."batch_id" = "batch"."id" LEFT OUTER JOIN "clients" AS "batch->client" ON "batch"."clientId" = "batch->client"."id" WHERE "PressingSession"."finish" IS NULL AND "PressingSession"."status" = 'active';
[2025-11-03T18:53:13.353Z] GET /api/pressing-rooms/display-data - ::1
Executing (default): SELECT "id", "name", "capacity", "createdAt", "updatedAt" FROM "pressing_rooms" AS "PressingRoom" ORDER BY "PressingRoom"."id" ASC;
Executing (default): SELECT "PressingSession"."id", "PressingSession"."start", "PressingSession"."finish", "PressingSession"."number_of_boxes", "PressingSession"."pressing_roomID", "PressingSession"."batch_id", "PressingSession"."status", "PressingSession"."oil_bidons_produced", "PressingSession"."createdAt", "PressingSession"."updatedAt", "batch"."id" AS "batch.id", "batch"."clientId" AS "batch.clientId", "batch"."priceId" AS "batch.priceId", "batch"."date_received" AS "batch.date_received", "batch"."weight_in" AS "batch.weight_in", "batch"."weight_out" AS "batch.weight_out", "batch"."net_weight" AS "batch.net_weight", "batch"."number_of_boxes" AS "batch.number_of_boxes", "batch"."status" AS "batch.status", "batch"."operation_type" AS "batch.operation_type", "batch"."pressing_room_id" AS "batch.pressing_room_id", "batch"."session_start_time" AS "batch.session_start_time", "batch"."estimated_time" AS "batch.estimated_time", "batch"."ticket_number" AS "batch.ticket_number", "batch"."bidons_brought" AS "batch.bidons_brought", "batch"."number_of_bidons" AS "batch.number_of_bidons", "batch"."boxes_loaded_to_pressing" AS "batch.boxes_loaded_to_pressing", "batch"."boxes_committed_to_queue" AS "batch.boxes_committed_to_queue", "batch"."taux" AS "batch.taux", "batch"."createdAt" AS "batch.createdAt", "batch"."updatedAt" AS "batch.updatedAt", "batch->client"."id" AS "batch.client.id", "batch->client"."firstname" AS "batch.client.firstname", "batch->client"."lastname" AS "batch.client.lastname" FROM "pressing_sessions" AS "PressingSession" LEFT OUTER JOIN "batches" AS "batch" ON "PressingSession"."batch_id" = "batch"."id" LEFT OUTER JOIN "clients" AS "batch->client" ON "batch"."clientId" = "batch->client"."id" WHERE "PressingSession"."finish" IS NULL AND "PressingSession"."status" = 'active';
[2025-11-03T18:53:34.206Z] POST /api/auth/login - ::1
[2025-11-03T18:53:34.206Z] Request body: {
  "email": "Employee@gmail.com"
}
Executing (default): SELECT "id", "email", "password", "role", "firstname", "lastname", "createdAt", "updatedAt" FROM "users" AS "User" WHERE "User"."email" = 'Employee@gmail.com';
[2025-11-03T18:53:36.925Z] GET /api/batches/3 - ::1
Executing (default): SELECT "Batch"."id", "Batch"."clientId", "Batch"."priceId", "Batch"."date_received", "Batch"."weight_in", "Batch"."weight_out", "Batch"."net_weight", "Batch"."number_of_boxes", "Batch"."status", "Batch"."operation_type", "Batch"."pressing_room_id", "Batch"."session_start_time", "Batch"."estimated_time", "Batch"."ticket_number", "Batch"."bidons_brought", "Batch"."number_of_bidons", "Batch"."boxes_loaded_to_pressing", "Batch"."boxes_committed_to_queue", "Batch"."taux", "Batch"."createdAt", "Batch"."updatedAt", "client"."id" AS "client.id", "client"."firstname" AS "client.firstname", "client"."lastname" AS "client.lastname", "client"."phone" AS "client.phone", "client"."address" AS "client.address", "client"."createdAt" AS "client.createdAt", "client"."updatedAt" AS "client.updatedAt", "oilBatches"."id" AS "oilBatches.id", "oilBatches"."weight" AS "oilBatches.weight", "oilBatches"."residue" AS "oilBatches.residue", "oilBatches"."batchId" AS "oilBatches.batchId", "oilBatches"."pressing_sessionId" AS "oilBatches.pressing_sessionId", "oilBatches"."createdAt" AS "oilBatches.createdAt", "oilBatches"."updatedAt" AS "oilBatches.updatedAt", "oilBatches->qualityTests"."id" AS "oilBatches.qualityTests.id", "oilBatches->qualityTests"."oil_batchId" AS "oilBatches.qualityTests.oil_batchId", "oilBatches->qualityTests"."acidity_level" AS "oilBatches.qualityTests.acidity_level", "oilBatches->qualityTests"."grade" AS "oilBatches.qualityTests.grade", "oilBatches->qualityTests"."test_date" AS "oilBatches.qualityTests.test_date", "oilBatches->qualityTests"."tested_by_employeeId" AS "oilBatches.qualityTests.tested_by_employeeId", "oilBatches->qualityTests"."createdAt" AS "oilBatches.qualityTests.createdAt", "oilBatches->qualityTests"."updatedAt" AS "oilBatches.qualityTests.updatedAt", "batchLoadings"."id" AS "batchLoadings.id", "batchLoadings"."batchId" AS "batchLoadings.batchId", "batchLoadings"."pressingSessionId" AS "batchLoadings.pressingSessionId", "batchLoadings"."pressingRoomId" AS "batchLoadings.pressingRoomId", "batchLoadings"."operatorId" AS "batchLoadings.operatorId", "batchLoadings"."boxesLoaded" AS "batchLoadings.boxesLoaded", "batchLoadings"."loadedAt" AS "batchLoadings.loadedAt", "batchLoadings"."notes" AS "batchLoadings.notes", "batchLoadings"."createdAt" AS "batchLoadings.createdAt", "batchLoadings"."updatedAt" AS "batchLoadings.updatedAt", "batchLoadings->pressingRoom"."id" AS "batchLoadings.pressingRoom.id", "batchLoadings->pressingRoom"."name" AS "batchLoadings.pressingRoom.name", "batchLoadings->operator"."id" AS "batchLoadings.operator.id", "batchLoadings->operator"."firstname" AS "batchLoadings.operator.firstname", "batchLoadings->operator"."lastname" AS "batchLoadings.operator.lastname", "batchLoadings->operator"."email" AS "batchLoadings.operator.email", "batchLoadings->pressingSession"."id" AS "batchLoadings.pressingSession.id", "batchLoadings->pressingSession"."start" AS "batchLoadings.pressingSession.start", "batchLoadings->pressingSession"."finish" AS "batchLoadings.pressingSession.finish" FROM "batches" AS "Batch" LEFT OUTER JOIN "clients" AS "client" ON "Batch"."clientId" = "client"."id" LEFT OUTER JOIN "oil_batches" AS "oilBatches" ON "Batch"."id" = "oilBatches"."batchId" LEFT OUTER JOIN "quality_tests" AS "oilBatches->qualityTests" ON "oilBatches"."id" = "oilBatches->qualityTests"."oil_batchId" LEFT OUTER JOIN "batch_loadings" AS "batchLoadings" ON "Batch"."id" = "batchLoadings"."batchId" LEFT OUTER JOIN "pressing_rooms" AS "batchLoadings->pressingRoom" ON "batchLoadings"."pressingRoomId" = "batchLoadings->pressingRoom"."id" LEFT OUTER JOIN "users" AS "batchLoadings->operator" ON "batchLoadings"."operatorId" = "batchLoadings->operator"."id" LEFT OUTER JOIN "pressing_sessions" AS "batchLoadings->pressingSession" ON "batchLoadings"."pressingSessionId" = "batchLoadings->pressingSession"."id" WHERE "Batch"."id" = '3';
[2025-11-03T18:53:37.075Z] GET /api/batches/3 - ::1
Executing (default): SELECT "Batch"."id", "Batch"."clientId", "Batch"."priceId", "Batch"."date_received", "Batch"."weight_in", "Batch"."weight_out", "Batch"."net_weight", "Batch"."number_of_boxes", "Batch"."status", "Batch"."operation_type", "Batch"."pressing_room_id", "Batch"."session_start_time", "Batch"."estimated_time", "Batch"."ticket_number", "Batch"."bidons_brought", "Batch"."number_of_bidons", "Batch"."boxes_loaded_to_pressing", "Batch"."boxes_committed_to_queue", "Batch"."taux", "Batch"."createdAt", "Batch"."updatedAt", "client"."id" AS "client.id", "client"."firstname" AS "client.firstname", "client"."lastname" AS "client.lastname", "client"."phone" AS "client.phone", "client"."address" AS "client.address", "client"."createdAt" AS "client.createdAt", "client"."updatedAt" AS "client.updatedAt", "oilBatches"."id" AS "oilBatches.id", "oilBatches"."weight" AS "oilBatches.weight", "oilBatches"."residue" AS "oilBatches.residue", "oilBatches"."batchId" AS "oilBatches.batchId", "oilBatches"."pressing_sessionId" AS "oilBatches.pressing_sessionId", "oilBatches"."createdAt" AS "oilBatches.createdAt", "oilBatches"."updatedAt" AS "oilBatches.updatedAt", "oilBatches->qualityTests"."id" AS "oilBatches.qualityTests.id", "oilBatches->qualityTests"."oil_batchId" AS "oilBatches.qualityTests.oil_batchId", "oilBatches->qualityTests"."acidity_level" AS "oilBatches.qualityTests.acidity_level", "oilBatches->qualityTests"."grade" AS "oilBatches.qualityTests.grade", "oilBatches->qualityTests"."test_date" AS "oilBatches.qualityTests.test_date", "oilBatches->qualityTests"."tested_by_employeeId" AS "oilBatches.qualityTests.tested_by_employeeId", "oilBatches->qualityTests"."createdAt" AS "oilBatches.qualityTests.createdAt", "oilBatches->qualityTests"."updatedAt" AS "oilBatches.qualityTests.updatedAt", "batchLoadings"."id" AS "batchLoadings.id", "batchLoadings"."batchId" AS "batchLoadings.batchId", "batchLoadings"."pressingSessionId" AS "batchLoadings.pressingSessionId", "batchLoadings"."pressingRoomId" AS "batchLoadings.pressingRoomId", "batchLoadings"."operatorId" AS "batchLoadings.operatorId", "batchLoadings"."boxesLoaded" AS "batchLoadings.boxesLoaded", "batchLoadings"."loadedAt" AS "batchLoadings.loadedAt", "batchLoadings"."notes" AS "batchLoadings.notes", "batchLoadings"."createdAt" AS "batchLoadings.createdAt", "batchLoadings"."updatedAt" AS "batchLoadings.updatedAt", "batchLoadings->pressingRoom"."id" AS "batchLoadings.pressingRoom.id", "batchLoadings->pressingRoom"."name" AS "batchLoadings.pressingRoom.name", "batchLoadings->operator"."id" AS "batchLoadings.operator.id", "batchLoadings->operator"."firstname" AS "batchLoadings.operator.firstname", "batchLoadings->operator"."lastname" AS "batchLoadings.operator.lastname", "batchLoadings->operator"."email" AS "batchLoadings.operator.email", "batchLoadings->pressingSession"."id" AS "batchLoadings.pressingSession.id", "batchLoadings->pressingSession"."start" AS "batchLoadings.pressingSession.start", "batchLoadings->pressingSession"."finish" AS "batchLoadings.pressingSession.finish" FROM "batches" AS "Batch" LEFT OUTER JOIN "clients" AS "client" ON "Batch"."clientId" = "client"."id" LEFT OUTER JOIN "oil_batches" AS "oilBatches" ON "Batch"."id" = "oilBatches"."batchId" LEFT OUTER JOIN "quality_tests" AS "oilBatches->qualityTests" ON "oilBatches"."id" = "oilBatches->qualityTests"."oil_batchId" LEFT OUTER JOIN "batch_loadings" AS "batchLoadings" ON "Batch"."id" = "batchLoadings"."batchId" LEFT OUTER JOIN "pressing_rooms" AS "batchLoadings->pressingRoom" ON "batchLoadings"."pressingRoomId" = "batchLoadings->pressingRoom"."id" LEFT OUTER JOIN "users" AS "batchLoadings->operator" ON "batchLoadings"."operatorId" = "batchLoadings->operator"."id" LEFT OUTER JOIN "pressing_sessions" AS "batchLoadings->pressingSession" ON "batchLoadings"."pressingSessionId" = "batchLoadings->pressingSession"."id" WHERE "Batch"."id" = '3';
[2025-11-03T18:53:37.688Z] GET /api/batches/3 - ::1
[2025-11-03T18:53:37.688Z] GET /api/batches/3 - ::1
[2025-11-03T18:53:37.689Z] GET /api/batches/3 - ::1
Executing (default): SELECT "Batch"."id", "Batch"."clientId", "Batch"."priceId", "Batch"."date_received", "Batch"."weight_in", "Batch"."weight_out", "Batch"."net_weight", "Batch"."number_of_boxes", "Batch"."status", "Batch"."operation_type", "Batch"."pressing_room_id", "Batch"."session_start_time", "Batch"."estimated_time", "Batch"."ticket_number", "Batch"."bidons_brought", "Batch"."number_of_bidons", "Batch"."boxes_loaded_to_pressing", "Batch"."boxes_committed_to_queue", "Batch"."taux", "Batch"."createdAt", "Batch"."updatedAt", "client"."id" AS "client.id", "client"."firstname" AS "client.firstname", "client"."lastname" AS "client.lastname", "client"."phone" AS "client.phone", "client"."address" AS "client.address", "client"."createdAt" AS "client.createdAt", "client"."updatedAt" AS "client.updatedAt", "oilBatches"."id" AS "oilBatches.id", "oilBatches"."weight" AS "oilBatches.weight", "oilBatches"."residue" AS "oilBatches.residue", "oilBatches"."batchId" AS "oilBatches.batchId", "oilBatches"."pressing_sessionId" AS "oilBatches.pressing_sessionId", "oilBatches"."createdAt" AS "oilBatches.createdAt", "oilBatches"."updatedAt" AS "oilBatches.updatedAt", "oilBatches->qualityTests"."id" AS "oilBatches.qualityTests.id", "oilBatches->qualityTests"."oil_batchId" AS "oilBatches.qualityTests.oil_batchId", "oilBatches->qualityTests"."acidity_level" AS "oilBatches.qualityTests.acidity_level", "oilBatches->qualityTests"."grade" AS "oilBatches.qualityTests.grade", "oilBatches->qualityTests"."test_date" AS "oilBatches.qualityTests.test_date", "oilBatches->qualityTests"."tested_by_employeeId" AS "oilBatches.qualityTests.tested_by_employeeId", "oilBatches->qualityTests"."createdAt" AS "oilBatches.qualityTests.createdAt", "oilBatches->qualityTests"."updatedAt" AS "oilBatches.qualityTests.updatedAt", "batchLoadings"."id" AS "batchLoadings.id", "batchLoadings"."batchId" AS "batchLoadings.batchId", "batchLoadings"."pressingSessionId" AS "batchLoadings.pressingSessionId", "batchLoadings"."pressingRoomId" AS "batchLoadings.pressingRoomId", "batchLoadings"."operatorId" AS "batchLoadings.operatorId", "batchLoadings"."boxesLoaded" AS "batchLoadings.boxesLoaded", "batchLoadings"."loadedAt" AS "batchLoadings.loadedAt", "batchLoadings"."notes" AS "batchLoadings.notes", "batchLoadings"."createdAt" AS "batchLoadings.createdAt", "batchLoadings"."updatedAt" AS "batchLoadings.updatedAt", "batchLoadings->pressingRoom"."id" AS "batchLoadings.pressingRoom.id", "batchLoadings->pressingRoom"."name" AS "batchLoadings.pressingRoom.name", "batchLoadings->operator"."id" AS "batchLoadings.operator.id", "batchLoadings->operator"."firstname" AS "batchLoadings.operator.firstname", "batchLoadings->operator"."lastname" AS "batchLoadings.operator.lastname", "batchLoadings->operator"."email" AS "batchLoadings.operator.email", "batchLoadings->pressingSession"."id" AS "batchLoadings.pressingSession.id", "batchLoadings->pressingSession"."start" AS "batchLoadings.pressingSession.start", "batchLoadings->pressingSession"."finish" AS "batchLoadings.pressingSession.finish" FROM "batches" AS "Batch" LEFT OUTER JOIN "clients" AS "client" ON "Batch"."clientId" = "client"."id" LEFT OUTER JOIN "oil_batches" AS "oilBatches" ON "Batch"."id" = "oilBatches"."batchId" LEFT OUTER JOIN "quality_tests" AS "oilBatches->qualityTests" ON "oilBatches"."id" = "oilBatches->qualityTests"."oil_batchId" LEFT OUTER JOIN "batch_loadings" AS "batchLoadings" ON "Batch"."id" = "batchLoadings"."batchId" LEFT OUTER JOIN "pressing_rooms" AS "batchLoadings->pressingRoom" ON "batchLoadings"."pressingRoomId" = "batchLoadings->pressingRoom"."id" LEFT OUTER JOIN "users" AS "batchLoadings->operator" ON "batchLoadings"."operatorId" = "batchLoadings->operator"."id" LEFT OUTER JOIN "pressing_sessions" AS "batchLoadings->pressingSession" ON "batchLoadings"."pressingSessionId" = "batchLoadings->pressingSession"."id" WHERE "Batch"."id" = '3';
Executing (default): SELECT "Batch"."id", "Batch"."clientId", "Batch"."priceId", "Batch"."date_received", "Batch"."weight_in", "Batch"."weight_out", "Batch"."net_weight", "Batch"."number_of_boxes", "Batch"."status", "Batch"."operation_type", "Batch"."pressing_room_id", "Batch"."session_start_time", "Batch"."estimated_time", "Batch"."ticket_number", "Batch"."bidons_brought", "Batch"."number_of_bidons", "Batch"."boxes_loaded_to_pressing", "Batch"."boxes_committed_to_queue", "Batch"."taux", "Batch"."createdAt", "Batch"."updatedAt", "client"."id" AS "client.id", "client"."firstname" AS "client.firstname", "client"."lastname" AS "client.lastname", "client"."phone" AS "client.phone", "client"."address" AS "client.address", "client"."createdAt" AS "client.createdAt", "client"."updatedAt" AS "client.updatedAt", "oilBatches"."id" AS "oilBatches.id", "oilBatches"."weight" AS "oilBatches.weight", "oilBatches"."residue" AS "oilBatches.residue", "oilBatches"."batchId" AS "oilBatches.batchId", "oilBatches"."pressing_sessionId" AS "oilBatches.pressing_sessionId", "oilBatches"."createdAt" AS "oilBatches.createdAt", "oilBatches"."updatedAt" AS "oilBatches.updatedAt", "oilBatches->qualityTests"."id" AS "oilBatches.qualityTests.id", "oilBatches->qualityTests"."oil_batchId" AS "oilBatches.qualityTests.oil_batchId", "oilBatches->qualityTests"."acidity_level" AS "oilBatches.qualityTests.acidity_level", "oilBatches->qualityTests"."grade" AS "oilBatches.qualityTests.grade", "oilBatches->qualityTests"."test_date" AS "oilBatches.qualityTests.test_date", "oilBatches->qualityTests"."tested_by_employeeId" AS "oilBatches.qualityTests.tested_by_employeeId", "oilBatches->qualityTests"."createdAt" AS "oilBatches.qualityTests.createdAt", "oilBatches->qualityTests"."updatedAt" AS "oilBatches.qualityTests.updatedAt", "batchLoadings"."id" AS "batchLoadings.id", "batchLoadings"."batchId" AS "batchLoadings.batchId", "batchLoadings"."pressingSessionId" AS "batchLoadings.pressingSessionId", "batchLoadings"."pressingRoomId" AS "batchLoadings.pressingRoomId", "batchLoadings"."operatorId" AS "batchLoadings.operatorId", "batchLoadings"."boxesLoaded" AS "batchLoadings.boxesLoaded", "batchLoadings"."loadedAt" AS "batchLoadings.loadedAt", "batchLoadings"."notes" AS "batchLoadings.notes", "batchLoadings"."createdAt" AS "batchLoadings.createdAt", "batchLoadings"."updatedAt" AS "batchLoadings.updatedAt", "batchLoadings->pressingRoom"."id" AS "batchLoadings.pressingRoom.id", "batchLoadings->pressingRoom"."name" AS "batchLoadings.pressingRoom.name", "batchLoadings->operator"."id" AS "batchLoadings.operator.id", "batchLoadings->operator"."firstname" AS "batchLoadings.operator.firstname", "batchLoadings->operator"."lastname" AS "batchLoadings.operator.lastname", "batchLoadings->operator"."email" AS "batchLoadings.operator.email", "batchLoadings->pressingSession"."id" AS "batchLoadings.pressingSession.id", "batchLoadings->pressingSession"."start" AS "batchLoadings.pressingSession.start", "batchLoadings->pressingSession"."finish" AS "batchLoadings.pressingSession.finish" FROM "batches" AS "Batch" LEFT OUTER JOIN "clients" AS "client" ON "Batch"."clientId" = "client"."id" LEFT OUTER JOIN "oil_batches" AS "oilBatches" ON "Batch"."id" = "oilBatches"."batchId" LEFT OUTER JOIN "quality_tests" AS "oilBatches->qualityTests" ON "oilBatches"."id" = "oilBatches->qualityTests"."oil_batchId" LEFT OUTER JOIN "batch_loadings" AS "batchLoadings" ON "Batch"."id" = "batchLoadings"."batchId" LEFT OUTER JOIN "pressing_rooms" AS "batchLoadings->pressingRoom" ON "batchLoadings"."pressingRoomId" = "batchLoadings->pressingRoom"."id" LEFT OUTER JOIN "users" AS "batchLoadings->operator" ON "batchLoadings"."operatorId" = "batchLoadings->operator"."id" LEFT OUTER JOIN "pressing_sessions" AS "batchLoadings->pressingSession" ON "batchLoadings"."pressingSessionId" = "batchLoadings->pressingSession"."id" WHERE "Batch"."id" = '3';
Executing (default): SELECT "Batch"."id", "Batch"."clientId", "Batch"."priceId", "Batch"."date_received", "Batch"."weight_in", "Batch"."weight_out", "Batch"."net_weight", "Batch"."number_of_boxes", "Batch"."status", "Batch"."operation_type", "Batch"."pressing_room_id", "Batch"."session_start_time", "Batch"."estimated_time", "Batch"."ticket_number", "Batch"."bidons_brought", "Batch"."number_of_bidons", "Batch"."boxes_loaded_to_pressing", "Batch"."boxes_committed_to_queue", "Batch"."taux", "Batch"."createdAt", "Batch"."updatedAt", "client"."id" AS "client.id", "client"."firstname" AS "client.firstname", "client"."lastname" AS "client.lastname", "client"."phone" AS "client.phone", "client"."address" AS "client.address", "client"."createdAt" AS "client.createdAt", "client"."updatedAt" AS "client.updatedAt", "oilBatches"."id" AS "oilBatches.id", "oilBatches"."weight" AS "oilBatches.weight", "oilBatches"."residue" AS "oilBatches.residue", "oilBatches"."batchId" AS "oilBatches.batchId", "oilBatches"."pressing_sessionId" AS "oilBatches.pressing_sessionId", "oilBatches"."createdAt" AS "oilBatches.createdAt", "oilBatches"."updatedAt" AS "oilBatches.updatedAt", "oilBatches->qualityTests"."id" AS "oilBatches.qualityTests.id", "oilBatches->qualityTests"."oil_batchId" AS "oilBatches.qualityTests.oil_batchId", "oilBatches->qualityTests"."acidity_level" AS "oilBatches.qualityTests.acidity_level", "oilBatches->qualityTests"."grade" AS "oilBatches.qualityTests.grade", "oilBatches->qualityTests"."test_date" AS "oilBatches.qualityTests.test_date", "oilBatches->qualityTests"."tested_by_employeeId" AS "oilBatches.qualityTests.tested_by_employeeId", "oilBatches->qualityTests"."createdAt" AS "oilBatches.qualityTests.createdAt", "oilBatches->qualityTests"."updatedAt" AS "oilBatches.qualityTests.updatedAt", "batchLoadings"."id" AS "batchLoadings.id", "batchLoadings"."batchId" AS "batchLoadings.batchId", "batchLoadings"."pressingSessionId" AS "batchLoadings.pressingSessionId", "batchLoadings"."pressingRoomId" AS "batchLoadings.pressingRoomId", "batchLoadings"."operatorId" AS "batchLoadings.operatorId", "batchLoadings"."boxesLoaded" AS "batchLoadings.boxesLoaded", "batchLoadings"."loadedAt" AS "batchLoadings.loadedAt", "batchLoadings"."notes" AS "batchLoadings.notes", "batchLoadings"."createdAt" AS "batchLoadings.createdAt", "batchLoadings"."updatedAt" AS "batchLoadings.updatedAt", "batchLoadings->pressingRoom"."id" AS "batchLoadings.pressingRoom.id", "batchLoadings->pressingRoom"."name" AS "batchLoadings.pressingRoom.name", "batchLoadings->operator"."id" AS "batchLoadings.operator.id", "batchLoadings->operator"."firstname" AS "batchLoadings.operator.firstname", "batchLoadings->operator"."lastname" AS "batchLoadings.operator.lastname", "batchLoadings->operator"."email" AS "batchLoadings.operator.email", "batchLoadings->pressingSession"."id" AS "batchLoadings.pressingSession.id", "batchLoadings->pressingSession"."start" AS "batchLoadings.pressingSession.start", "batchLoadings->pressingSession"."finish" AS "batchLoadings.pressingSession.finish" FROM "batches" AS "Batch" LEFT OUTER JOIN "clients" AS "client" ON "Batch"."clientId" = "client"."id" LEFT OUTER JOIN "oil_batches" AS "oilBatches" ON "Batch"."id" = "oilBatches"."batchId" LEFT OUTER JOIN "quality_tests" AS "oilBatches->qualityTests" ON "oilBatches"."id" = "oilBatches->qualityTests"."oil_batchId" LEFT OUTER JOIN "batch_loadings" AS "batchLoadings" ON "Batch"."id" = "batchLoadings"."batchId" LEFT OUTER JOIN "pressing_rooms" AS "batchLoadings->pressingRoom" ON "batchLoadings"."pressingRoomId" = "batchLoadings->pressingRoom"."id" LEFT OUTER JOIN "users" AS "batchLoadings->operator" ON "batchLoadings"."operatorId" = "batchLoadings->operator"."id" LEFT OUTER JOIN "pressing_sessions" AS "batchLoadings->pressingSession" ON "batchLoadings"."pressingSessionId" = "batchLoadings->pressingSession"."id" WHERE "Batch"."id" = '3';
[2025-11-03T18:53:37.845Z] GET /api/batches/3 - ::1
Executing (default): SELECT "Batch"."id", "Batch"."clientId", "Batch"."priceId", "Batch"."date_received", "Batch"."weight_in", "Batch"."weight_out", "Batch"."net_weight", "Batch"."number_of_boxes", "Batch"."status", "Batch"."operation_type", "Batch"."pressing_room_id", "Batch"."session_start_time", "Batch"."estimated_time", "Batch"."ticket_number", "Batch"."bidons_brought", "Batch"."number_of_bidons", "Batch"."boxes_loaded_to_pressing", "Batch"."boxes_committed_to_queue", "Batch"."taux", "Batch"."createdAt", "Batch"."updatedAt", "client"."id" AS "client.id", "client"."firstname" AS "client.firstname", "client"."lastname" AS "client.lastname", "client"."phone" AS "client.phone", "client"."address" AS "client.address", "client"."createdAt" AS "client.createdAt", "client"."updatedAt" AS "client.updatedAt", "oilBatches"."id" AS "oilBatches.id", "oilBatches"."weight" AS "oilBatches.weight", "oilBatches"."residue" AS "oilBatches.residue", "oilBatches"."batchId" AS "oilBatches.batchId", "oilBatches"."pressing_sessionId" AS "oilBatches.pressing_sessionId", "oilBatches"."createdAt" AS "oilBatches.createdAt", "oilBatches"."updatedAt" AS "oilBatches.updatedAt", "oilBatches->qualityTests"."id" AS "oilBatches.qualityTests.id", "oilBatches->qualityTests"."oil_batchId" AS "oilBatches.qualityTests.oil_batchId", "oilBatches->qualityTests"."acidity_level" AS "oilBatches.qualityTests.acidity_level", "oilBatches->qualityTests"."grade" AS "oilBatches.qualityTests.grade", "oilBatches->qualityTests"."test_date" AS "oilBatches.qualityTests.test_date", "oilBatches->qualityTests"."tested_by_employeeId" AS "oilBatches.qualityTests.tested_by_employeeId", "oilBatches->qualityTests"."createdAt" AS "oilBatches.qualityTests.createdAt", "oilBatches->qualityTests"."updatedAt" AS "oilBatches.qualityTests.updatedAt", "batchLoadings"."id" AS "batchLoadings.id", "batchLoadings"."batchId" AS "batchLoadings.batchId", "batchLoadings"."pressingSessionId" AS "batchLoadings.pressingSessionId", "batchLoadings"."pressingRoomId" AS "batchLoadings.pressingRoomId", "batchLoadings"."operatorId" AS "batchLoadings.operatorId", "batchLoadings"."boxesLoaded" AS "batchLoadings.boxesLoaded", "batchLoadings"."loadedAt" AS "batchLoadings.loadedAt", "batchLoadings"."notes" AS "batchLoadings.notes", "batchLoadings"."createdAt" AS "batchLoadings.createdAt", "batchLoadings"."updatedAt" AS "batchLoadings.updatedAt", "batchLoadings->pressingRoom"."id" AS "batchLoadings.pressingRoom.id", "batchLoadings->pressingRoom"."name" AS "batchLoadings.pressingRoom.name", "batchLoadings->operator"."id" AS "batchLoadings.operator.id", "batchLoadings->operator"."firstname" AS "batchLoadings.operator.firstname", "batchLoadings->operator"."lastname" AS "batchLoadings.operator.lastname", "batchLoadings->operator"."email" AS "batchLoadings.operator.email", "batchLoadings->pressingSession"."id" AS "batchLoadings.pressingSession.id", "batchLoadings->pressingSession"."start" AS "batchLoadings.pressingSession.start", "batchLoadings->pressingSession"."finish" AS "batchLoadings.pressingSession.finish" FROM "batches" AS "Batch" LEFT OUTER JOIN "clients" AS "client" ON "Batch"."clientId" = "client"."id" LEFT OUTER JOIN "oil_batches" AS "oilBatches" ON "Batch"."id" = "oilBatches"."batchId" LEFT OUTER JOIN "quality_tests" AS "oilBatches->qualityTests" ON "oilBatches"."id" = "oilBatches->qualityTests"."oil_batchId" LEFT OUTER JOIN "batch_loadings" AS "batchLoadings" ON "Batch"."id" = "batchLoadings"."batchId" LEFT OUTER JOIN "pressing_rooms" AS "batchLoadings->pressingRoom" ON "batchLoadings"."pressingRoomId" = "batchLoadings->pressingRoom"."id" LEFT OUTER JOIN "users" AS "batchLoadings->operator" ON "batchLoadings"."operatorId" = "batchLoadings->operator"."id" LEFT OUTER JOIN "pressing_sessions" AS "batchLoadings->pressingSession" ON "batchLoadings"."pressingSessionId" = "batchLoadings->pressingSession"."id" WHERE "Batch"."id" = '3';
[2025-11-03T18:53:38.018Z] GET /api/batches/3 - ::1
Executing (default): SELECT "Batch"."id", "Batch"."clientId", "Batch"."priceId", "Batch"."date_received", "Batch"."weight_in", "Batch"."weight_out", "Batch"."net_weight", "Batch"."number_of_boxes", "Batch"."status", "Batch"."operation_type", "Batch"."pressing_room_id", "Batch"."session_start_time", "Batch"."estimated_time", "Batch"."ticket_number", "Batch"."bidons_brought", "Batch"."number_of_bidons", "Batch"."boxes_loaded_to_pressing", "Batch"."boxes_committed_to_queue", "Batch"."taux", "Batch"."createdAt", "Batch"."updatedAt", "client"."id" AS "client.id", "client"."firstname" AS "client.firstname", "client"."lastname" AS "client.lastname", "client"."phone" AS "client.phone", "client"."address" AS "client.address", "client"."createdAt" AS "client.createdAt", "client"."updatedAt" AS "client.updatedAt", "oilBatches"."id" AS "oilBatches.id", "oilBatches"."weight" AS "oilBatches.weight", "oilBatches"."residue" AS "oilBatches.residue", "oilBatches"."batchId" AS "oilBatches.batchId", "oilBatches"."pressing_sessionId" AS "oilBatches.pressing_sessionId", "oilBatches"."createdAt" AS "oilBatches.createdAt", "oilBatches"."updatedAt" AS "oilBatches.updatedAt", "oilBatches->qualityTests"."id" AS "oilBatches.qualityTests.id", "oilBatches->qualityTests"."oil_batchId" AS "oilBatches.qualityTests.oil_batchId", "oilBatches->qualityTests"."acidity_level" AS "oilBatches.qualityTests.acidity_level", "oilBatches->qualityTests"."grade" AS "oilBatches.qualityTests.grade", "oilBatches->qualityTests"."test_date" AS "oilBatches.qualityTests.test_date", "oilBatches->qualityTests"."tested_by_employeeId" AS "oilBatches.qualityTests.tested_by_employeeId", "oilBatches->qualityTests"."createdAt" AS "oilBatches.qualityTests.createdAt", "oilBatches->qualityTests"."updatedAt" AS "oilBatches.qualityTests.updatedAt", "batchLoadings"."id" AS "batchLoadings.id", "batchLoadings"."batchId" AS "batchLoadings.batchId", "batchLoadings"."pressingSessionId" AS "batchLoadings.pressingSessionId", "batchLoadings"."pressingRoomId" AS "batchLoadings.pressingRoomId", "batchLoadings"."operatorId" AS "batchLoadings.operatorId", "batchLoadings"."boxesLoaded" AS "batchLoadings.boxesLoaded", "batchLoadings"."loadedAt" AS "batchLoadings.loadedAt", "batchLoadings"."notes" AS "batchLoadings.notes", "batchLoadings"."createdAt" AS "batchLoadings.createdAt", "batchLoadings"."updatedAt" AS "batchLoadings.updatedAt", "batchLoadings->pressingRoom"."id" AS "batchLoadings.pressingRoom.id", "batchLoadings->pressingRoom"."name" AS "batchLoadings.pressingRoom.name", "batchLoadings->operator"."id" AS "batchLoadings.operator.id", "batchLoadings->operator"."firstname" AS "batchLoadings.operator.firstname", "batchLoadings->operator"."lastname" AS "batchLoadings.operator.lastname", "batchLoadings->operator"."email" AS "batchLoadings.operator.email", "batchLoadings->pressingSession"."id" AS "batchLoadings.pressingSession.id", "batchLoadings->pressingSession"."start" AS "batchLoadings.pressingSession.start", "batchLoadings->pressingSession"."finish" AS "batchLoadings.pressingSession.finish" FROM "batches" AS "Batch" LEFT OUTER JOIN "clients" AS "client" ON "Batch"."clientId" = "client"."id" LEFT OUTER JOIN "oil_batches" AS "oilBatches" ON "Batch"."id" = "oilBatches"."batchId" LEFT OUTER JOIN "quality_tests" AS "oilBatches->qualityTests" ON "oilBatches"."id" = "oilBatches->qualityTests"."oil_batchId" LEFT OUTER JOIN "batch_loadings" AS "batchLoadings" ON "Batch"."id" = "batchLoadings"."batchId" LEFT OUTER JOIN "pressing_rooms" AS "batchLoadings->pressingRoom" ON "batchLoadings"."pressingRoomId" = "batchLoadings->pressingRoom"."id" LEFT OUTER JOIN "users" AS "batchLoadings->operator" ON "batchLoadings"."operatorId" = "batchLoadings->operator"."id" LEFT OUTER JOIN "pressing_sessions" AS "batchLoadings->pressingSession" ON "batchLoadings"."pressingSessionId" = "batchLoadings->pressingSession"."id" WHERE "Batch"."id" = '3';
[2025-11-03T18:53:38.205Z] GET /api/batches/3 - ::1
Executing (default): SELECT "Batch"."id", "Batch"."clientId", "Batch"."priceId", "Batch"."date_received", "Batch"."weight_in", "Batch"."weight_out", "Batch"."net_weight", "Batch"."number_of_boxes", "Batch"."status", "Batch"."operation_type", "Batch"."pressing_room_id", "Batch"."session_start_time", "Batch"."estimated_time", "Batch"."ticket_number", "Batch"."bidons_brought", "Batch"."number_of_bidons", "Batch"."boxes_loaded_to_pressing", "Batch"."boxes_committed_to_queue", "Batch"."taux", "Batch"."createdAt", "Batch"."updatedAt", "client"."id" AS "client.id", "client"."firstname" AS "client.firstname", "client"."lastname" AS "client.lastname", "client"."phone" AS "client.phone", "client"."address" AS "client.address", "client"."createdAt" AS "client.createdAt", "client"."updatedAt" AS "client.updatedAt", "oilBatches"."id" AS "oilBatches.id", "oilBatches"."weight" AS "oilBatches.weight", "oilBatches"."residue" AS "oilBatches.residue", "oilBatches"."batchId" AS "oilBatches.batchId", "oilBatches"."pressing_sessionId" AS "oilBatches.pressing_sessionId", "oilBatches"."createdAt" AS "oilBatches.createdAt", "oilBatches"."updatedAt" AS "oilBatches.updatedAt", "oilBatches->qualityTests"."id" AS "oilBatches.qualityTests.id", "oilBatches->qualityTests"."oil_batchId" AS "oilBatches.qualityTests.oil_batchId", "oilBatches->qualityTests"."acidity_level" AS "oilBatches.qualityTests.acidity_level", "oilBatches->qualityTests"."grade" AS "oilBatches.qualityTests.grade", "oilBatches->qualityTests"."test_date" AS "oilBatches.qualityTests.test_date", "oilBatches->qualityTests"."tested_by_employeeId" AS "oilBatches.qualityTests.tested_by_employeeId", "oilBatches->qualityTests"."createdAt" AS "oilBatches.qualityTests.createdAt", "oilBatches->qualityTests"."updatedAt" AS "oilBatches.qualityTests.updatedAt", "batchLoadings"."id" AS "batchLoadings.id", "batchLoadings"."batchId" AS "batchLoadings.batchId", "batchLoadings"."pressingSessionId" AS "batchLoadings.pressingSessionId", "batchLoadings"."pressingRoomId" AS "batchLoadings.pressingRoomId", "batchLoadings"."operatorId" AS "batchLoadings.operatorId", "batchLoadings"."boxesLoaded" AS "batchLoadings.boxesLoaded", "batchLoadings"."loadedAt" AS "batchLoadings.loadedAt", "batchLoadings"."notes" AS "batchLoadings.notes", "batchLoadings"."createdAt" AS "batchLoadings.createdAt", "batchLoadings"."updatedAt" AS "batchLoadings.updatedAt", "batchLoadings->pressingRoom"."id" AS "batchLoadings.pressingRoom.id", "batchLoadings->pressingRoom"."name" AS "batchLoadings.pressingRoom.name", "batchLoadings->operator"."id" AS "batchLoadings.operator.id", "batchLoadings->operator"."firstname" AS "batchLoadings.operator.firstname", "batchLoadings->operator"."lastname" AS "batchLoadings.operator.lastname", "batchLoadings->operator"."email" AS "batchLoadings.operator.email", "batchLoadings->pressingSession"."id" AS "batchLoadings.pressingSession.id", "batchLoadings->pressingSession"."start" AS "batchLoadings.pressingSession.start", "batchLoadings->pressingSession"."finish" AS "batchLoadings.pressingSession.finish" FROM "batches" AS "Batch" LEFT OUTER JOIN "clients" AS "client" ON "Batch"."clientId" = "client"."id" LEFT OUTER JOIN "oil_batches" AS "oilBatches" ON "Batch"."id" = "oilBatches"."batchId" LEFT OUTER JOIN "quality_tests" AS "oilBatches->qualityTests" ON "oilBatches"."id" = "oilBatches->qualityTests"."oil_batchId" LEFT OUTER JOIN "batch_loadings" AS "batchLoadings" ON "Batch"."id" = "batchLoadings"."batchId" LEFT OUTER JOIN "pressing_rooms" AS "batchLoadings->pressingRoom" ON "batchLoadings"."pressingRoomId" = "batchLoadings->pressingRoom"."id" LEFT OUTER JOIN "users" AS "batchLoadings->operator" ON "batchLoadings"."operatorId" = "batchLoadings->operator"."id" LEFT OUTER JOIN "pressing_sessions" AS "batchLoadings->pressingSession" ON "batchLoadings"."pressingSessionId" = "batchLoadings->pressingSession"."id" WHERE "Batch"."id" = '3';
[2025-11-03T18:53:38.453Z] GET /api/batches/3 - ::1
Executing (default): SELECT "Batch"."id", "Batch"."clientId", "Batch"."priceId", "Batch"."date_received", "Batch"."weight_in", "Batch"."weight_out", "Batch"."net_weight", "Batch"."number_of_boxes", "Batch"."status", "Batch"."operation_type", "Batch"."pressing_room_id", "Batch"."session_start_time", "Batch"."estimated_time", "Batch"."ticket_number", "Batch"."bidons_brought", "Batch"."number_of_bidons", "Batch"."boxes_loaded_to_pressing", "Batch"."boxes_committed_to_queue", "Batch"."taux", "Batch"."createdAt", "Batch"."updatedAt", "client"."id" AS "client.id", "client"."firstname" AS "client.firstname", "client"."lastname" AS "client.lastname", "client"."phone" AS "client.phone", "client"."address" AS "client.address", "client"."createdAt" AS "client.createdAt", "client"."updatedAt" AS "client.updatedAt", "oilBatches"."id" AS "oilBatches.id", "oilBatches"."weight" AS "oilBatches.weight", "oilBatches"."residue" AS "oilBatches.residue", "oilBatches"."batchId" AS "oilBatches.batchId", "oilBatches"."pressing_sessionId" AS "oilBatches.pressing_sessionId", "oilBatches"."createdAt" AS "oilBatches.createdAt", "oilBatches"."updatedAt" AS "oilBatches.updatedAt", "oilBatches->qualityTests"."id" AS "oilBatches.qualityTests.id", "oilBatches->qualityTests"."oil_batchId" AS "oilBatches.qualityTests.oil_batchId", "oilBatches->qualityTests"."acidity_level" AS "oilBatches.qualityTests.acidity_level", "oilBatches->qualityTests"."grade" AS "oilBatches.qualityTests.grade", "oilBatches->qualityTests"."test_date" AS "oilBatches.qualityTests.test_date", "oilBatches->qualityTests"."tested_by_employeeId" AS "oilBatches.qualityTests.tested_by_employeeId", "oilBatches->qualityTests"."createdAt" AS "oilBatches.qualityTests.createdAt", "oilBatches->qualityTests"."updatedAt" AS "oilBatches.qualityTests.updatedAt", "batchLoadings"."id" AS "batchLoadings.id", "batchLoadings"."batchId" AS "batchLoadings.batchId", "batchLoadings"."pressingSessionId" AS "batchLoadings.pressingSessionId", "batchLoadings"."pressingRoomId" AS "batchLoadings.pressingRoomId", "batchLoadings"."operatorId" AS "batchLoadings.operatorId", "batchLoadings"."boxesLoaded" AS "batchLoadings.boxesLoaded", "batchLoadings"."loadedAt" AS "batchLoadings.loadedAt", "batchLoadings"."notes" AS "batchLoadings.notes", "batchLoadings"."createdAt" AS "batchLoadings.createdAt", "batchLoadings"."updatedAt" AS "batchLoadings.updatedAt", "batchLoadings->pressingRoom"."id" AS "batchLoadings.pressingRoom.id", "batchLoadings->pressingRoom"."name" AS "batchLoadings.pressingRoom.name", "batchLoadings->operator"."id" AS "batchLoadings.operator.id", "batchLoadings->operator"."firstname" AS "batchLoadings.operator.firstname", "batchLoadings->operator"."lastname" AS "batchLoadings.operator.lastname", "batchLoadings->operator"."email" AS "batchLoadings.operator.email", "batchLoadings->pressingSession"."id" AS "batchLoadings.pressingSession.id", "batchLoadings->pressingSession"."start" AS "batchLoadings.pressingSession.start", "batchLoadings->pressingSession"."finish" AS "batchLoadings.pressingSession.finish" FROM "batches" AS "Batch" LEFT OUTER JOIN "clients" AS "client" ON "Batch"."clientId" = "client"."id" LEFT OUTER JOIN "oil_batches" AS "oilBatches" ON "Batch"."id" = "oilBatches"."batchId" LEFT OUTER JOIN "quality_tests" AS "oilBatches->qualityTests" ON "oilBatches"."id" = "oilBatches->qualityTests"."oil_batchId" LEFT OUTER JOIN "batch_loadings" AS "batchLoadings" ON "Batch"."id" = "batchLoadings"."batchId" LEFT OUTER JOIN "pressing_rooms" AS "batchLoadings->pressingRoom" ON "batchLoadings"."pressingRoomId" = "batchLoadings->pressingRoom"."id" LEFT OUTER JOIN "users" AS "batchLoadings->operator" ON "batchLoadings"."operatorId" = "batchLoadings->operator"."id" LEFT OUTER JOIN "pressing_sessions" AS "batchLoadings->pressingSession" ON "batchLoadings"."pressingSessionId" = "batchLoadings->pressingSession"."id" WHERE "Batch"."id" = '3';
[2025-11-03T18:53:38.612Z] GET /api/batches/3 - ::1
Executing (default): SELECT "Batch"."id", "Batch"."clientId", "Batch"."priceId", "Batch"."date_received", "Batch"."weight_in", "Batch"."weight_out", "Batch"."net_weight", "Batch"."number_of_boxes", "Batch"."status", "Batch"."operation_type", "Batch"."pressing_room_id", "Batch"."session_start_time", "Batch"."estimated_time", "Batch"."ticket_number", "Batch"."bidons_brought", "Batch"."number_of_bidons", "Batch"."boxes_loaded_to_pressing", "Batch"."boxes_committed_to_queue", "Batch"."taux", "Batch"."createdAt", "Batch"."updatedAt", "client"."id" AS "client.id", "client"."firstname" AS "client.firstname", "client"."lastname" AS "client.lastname", "client"."phone" AS "client.phone", "client"."address" AS "client.address", "client"."createdAt" AS "client.createdAt", "client"."updatedAt" AS "client.updatedAt", "oilBatches"."id" AS "oilBatches.id", "oilBatches"."weight" AS "oilBatches.weight", "oilBatches"."residue" AS "oilBatches.residue", "oilBatches"."batchId" AS "oilBatches.batchId", "oilBatches"."pressing_sessionId" AS "oilBatches.pressing_sessionId", "oilBatches"."createdAt" AS "oilBatches.createdAt", "oilBatches"."updatedAt" AS "oilBatches.updatedAt", "oilBatches->qualityTests"."id" AS "oilBatches.qualityTests.id", "oilBatches->qualityTests"."oil_batchId" AS "oilBatches.qualityTests.oil_batchId", "oilBatches->qualityTests"."acidity_level" AS "oilBatches.qualityTests.acidity_level", "oilBatches->qualityTests"."grade" AS "oilBatches.qualityTests.grade", "oilBatches->qualityTests"."test_date" AS "oilBatches.qualityTests.test_date", "oilBatches->qualityTests"."tested_by_employeeId" AS "oilBatches.qualityTests.tested_by_employeeId", "oilBatches->qualityTests"."createdAt" AS "oilBatches.qualityTests.createdAt", "oilBatches->qualityTests"."updatedAt" AS "oilBatches.qualityTests.updatedAt", "batchLoadings"."id" AS "batchLoadings.id", "batchLoadings"."batchId" AS "batchLoadings.batchId", "batchLoadings"."pressingSessionId" AS "batchLoadings.pressingSessionId", "batchLoadings"."pressingRoomId" AS "batchLoadings.pressingRoomId", "batchLoadings"."operatorId" AS "batchLoadings.operatorId", "batchLoadings"."boxesLoaded" AS "batchLoadings.boxesLoaded", "batchLoadings"."loadedAt" AS "batchLoadings.loadedAt", "batchLoadings"."notes" AS "batchLoadings.notes", "batchLoadings"."createdAt" AS "batchLoadings.createdAt", "batchLoadings"."updatedAt" AS "batchLoadings.updatedAt", "batchLoadings->pressingRoom"."id" AS "batchLoadings.pressingRoom.id", "batchLoadings->pressingRoom"."name" AS "batchLoadings.pressingRoom.name", "batchLoadings->operator"."id" AS "batchLoadings.operator.id", "batchLoadings->operator"."firstname" AS "batchLoadings.operator.firstname", "batchLoadings->operator"."lastname" AS "batchLoadings.operator.lastname", "batchLoadings->operator"."email" AS "batchLoadings.operator.email", "batchLoadings->pressingSession"."id" AS "batchLoadings.pressingSession.id", "batchLoadings->pressingSession"."start" AS "batchLoadings.pressingSession.start", "batchLoadings->pressingSession"."finish" AS "batchLoadings.pressingSession.finish" FROM "batches" AS "Batch" LEFT OUTER JOIN "clients" AS "client" ON "Batch"."clientId" = "client"."id" LEFT OUTER JOIN "oil_batches" AS "oilBatches" ON "Batch"."id" = "oilBatches"."batchId" LEFT OUTER JOIN "quality_tests" AS "oilBatches->qualityTests" ON "oilBatches"."id" = "oilBatches->qualityTests"."oil_batchId" LEFT OUTER JOIN "batch_loadings" AS "batchLoadings" ON "Batch"."id" = "batchLoadings"."batchId" LEFT OUTER JOIN "pressing_rooms" AS "batchLoadings->pressingRoom" ON "batchLoadings"."pressingRoomId" = "batchLoadings->pressingRoom"."id" LEFT OUTER JOIN "users" AS "batchLoadings->operator" ON "batchLoadings"."operatorId" = "batchLoadings->operator"."id" LEFT OUTER JOIN "pressing_sessions" AS "batchLoadings->pressingSession" ON "batchLoadings"."pressingSessionId" = "batchLoadings->pressingSession"."id" WHERE "Batch"."id" = '3';
[2025-11-03T18:53:38.748Z] GET /api/pressing-rooms/display-data - ::1
Executing (default): SELECT "id", "name", "capacity", "createdAt", "updatedAt" FROM "pressing_rooms" AS "PressingRoom" ORDER BY "PressingRoom"."id" ASC;
Executing (default): SELECT "PressingSession"."id", "PressingSession"."start", "PressingSession"."finish", "PressingSession"."number_of_boxes", "PressingSession"."pressing_roomID", "PressingSession"."batch_id", "PressingSession"."status", "PressingSession"."oil_bidons_produced", "PressingSession"."createdAt", "PressingSession"."updatedAt", "batch"."id" AS "batch.id", "batch"."clientId" AS "batch.clientId", "batch"."priceId" AS "batch.priceId", "batch"."date_received" AS "batch.date_received", "batch"."weight_in" AS "batch.weight_in", "batch"."weight_out" AS "batch.weight_out", "batch"."net_weight" AS "batch.net_weight", "batch"."number_of_boxes" AS "batch.number_of_boxes", "batch"."status" AS "batch.status", "batch"."operation_type" AS "batch.operation_type", "batch"."pressing_room_id" AS "batch.pressing_room_id", "batch"."session_start_time" AS "batch.session_start_time", "batch"."estimated_time" AS "batch.estimated_time", "batch"."ticket_number" AS "batch.ticket_number", "batch"."bidons_brought" AS "batch.bidons_brought", "batch"."number_of_bidons" AS "batch.number_of_bidons", "batch"."boxes_loaded_to_pressing" AS "batch.boxes_loaded_to_pressing", "batch"."boxes_committed_to_queue" AS "batch.boxes_committed_to_queue", "batch"."taux" AS "batch.taux", "batch"."createdAt" AS "batch.createdAt", "batch"."updatedAt" AS "batch.updatedAt", "batch->client"."id" AS "batch.client.id", "batch->client"."firstname" AS "batch.client.firstname", "batch->client"."lastname" AS "batch.client.lastname" FROM "pressing_sessions" AS "PressingSession" LEFT OUTER JOIN "batches" AS "batch" ON "PressingSession"."batch_id" = "batch"."id" LEFT OUTER JOIN "clients" AS "batch->client" ON "batch"."clientId" = "batch->client"."id" WHERE "PressingSession"."finish" IS NULL AND "PressingSession"."status" = 'active';
[2025-11-03T18:53:38.815Z] GET /api/batches/3 - ::1
Executing (default): SELECT "Batch"."id", "Batch"."clientId", "Batch"."priceId", "Batch"."date_received", "Batch"."weight_in", "Batch"."weight_out", "Batch"."net_weight", "Batch"."number_of_boxes", "Batch"."status", "Batch"."operation_type", "Batch"."pressing_room_id", "Batch"."session_start_time", "Batch"."estimated_time", "Batch"."ticket_number", "Batch"."bidons_brought", "Batch"."number_of_bidons", "Batch"."boxes_loaded_to_pressing", "Batch"."boxes_committed_to_queue", "Batch"."taux", "Batch"."createdAt", "Batch"."updatedAt", "client"."id" AS "client.id", "client"."firstname" AS "client.firstname", "client"."lastname" AS "client.lastname", "client"."phone" AS "client.phone", "client"."address" AS "client.address", "client"."createdAt" AS "client.createdAt", "client"."updatedAt" AS "client.updatedAt", "oilBatches"."id" AS "oilBatches.id", "oilBatches"."weight" AS "oilBatches.weight", "oilBatches"."residue" AS "oilBatches.residue", "oilBatches"."batchId" AS "oilBatches.batchId", "oilBatches"."pressing_sessionId" AS "oilBatches.pressing_sessionId", "oilBatches"."createdAt" AS "oilBatches.createdAt", "oilBatches"."updatedAt" AS "oilBatches.updatedAt", "oilBatches->qualityTests"."id" AS "oilBatches.qualityTests.id", "oilBatches->qualityTests"."oil_batchId" AS "oilBatches.qualityTests.oil_batchId", "oilBatches->qualityTests"."acidity_level" AS "oilBatches.qualityTests.acidity_level", "oilBatches->qualityTests"."grade" AS "oilBatches.qualityTests.grade", "oilBatches->qualityTests"."test_date" AS "oilBatches.qualityTests.test_date", "oilBatches->qualityTests"."tested_by_employeeId" AS "oilBatches.qualityTests.tested_by_employeeId", "oilBatches->qualityTests"."createdAt" AS "oilBatches.qualityTests.createdAt", "oilBatches->qualityTests"."updatedAt" AS "oilBatches.qualityTests.updatedAt", "batchLoadings"."id" AS "batchLoadings.id", "batchLoadings"."batchId" AS "batchLoadings.batchId", "batchLoadings"."pressingSessionId" AS "batchLoadings.pressingSessionId", "batchLoadings"."pressingRoomId" AS "batchLoadings.pressingRoomId", "batchLoadings"."operatorId" AS "batchLoadings.operatorId", "batchLoadings"."boxesLoaded" AS "batchLoadings.boxesLoaded", "batchLoadings"."loadedAt" AS "batchLoadings.loadedAt", "batchLoadings"."notes" AS "batchLoadings.notes", "batchLoadings"."createdAt" AS "batchLoadings.createdAt", "batchLoadings"."updatedAt" AS "batchLoadings.updatedAt", "batchLoadings->pressingRoom"."id" AS "batchLoadings.pressingRoom.id", "batchLoadings->pressingRoom"."name" AS "batchLoadings.pressingRoom.name", "batchLoadings->operator"."id" AS "batchLoadings.operator.id", "batchLoadings->operator"."firstname" AS "batchLoadings.operator.firstname", "batchLoadings->operator"."lastname" AS "batchLoadings.operator.lastname", "batchLoadings->operator"."email" AS "batchLoadings.operator.email", "batchLoadings->pressingSession"."id" AS "batchLoadings.pressingSession.id", "batchLoadings->pressingSession"."start" AS "batchLoadings.pressingSession.start", "batchLoadings->pressingSession"."finish" AS "batchLoadings.pressingSession.finish" FROM "batches" AS "Batch" LEFT OUTER JOIN "clients" AS "client" ON "Batch"."clientId" = "client"."id" LEFT OUTER JOIN "oil_batches" AS "oilBatches" ON "Batch"."id" = "oilBatches"."batchId" LEFT OUTER JOIN "quality_tests" AS "oilBatches->qualityTests" ON "oilBatches"."id" = "oilBatches->qualityTests"."oil_batchId" LEFT OUTER JOIN "batch_loadings" AS "batchLoadings" ON "Batch"."id" = "batchLoadings"."batchId" LEFT OUTER JOIN "pressing_rooms" AS "batchLoadings->pressingRoom" ON "batchLoadings"."pressingRoomId" = "batchLoadings->pressingRoom"."id" LEFT OUTER JOIN "users" AS "batchLoadings->operator" ON "batchLoadings"."operatorId" = "batchLoadings->operator"."id" LEFT OUTER JOIN "pressing_sessions" AS "batchLoadings->pressingSession" ON "batchLoadings"."pressingSessionId" = "batchLoadings->pressingSession"."id" WHERE "Batch"."id" = '3';
[2025-11-03T18:53:39.027Z] GET /api/batches/3 - ::1
Executing (default): SELECT "Batch"."id", "Batch"."clientId", "Batch"."priceId", "Batch"."date_received", "Batch"."weight_in", "Batch"."weight_out", "Batch"."net_weight", "Batch"."number_of_boxes", "Batch"."status", "Batch"."operation_type", "Batch"."pressing_room_id", "Batch"."session_start_time", "Batch"."estimated_time", "Batch"."ticket_number", "Batch"."bidons_brought", "Batch"."number_of_bidons", "Batch"."boxes_loaded_to_pressing", "Batch"."boxes_committed_to_queue", "Batch"."taux", "Batch"."createdAt", "Batch"."updatedAt", "client"."id" AS "client.id", "client"."firstname" AS "client.firstname", "client"."lastname" AS "client.lastname", "client"."phone" AS "client.phone", "client"."address" AS "client.address", "client"."createdAt" AS "client.createdAt", "client"."updatedAt" AS "client.updatedAt", "oilBatches"."id" AS "oilBatches.id", "oilBatches"."weight" AS "oilBatches.weight", "oilBatches"."residue" AS "oilBatches.residue", "oilBatches"."batchId" AS "oilBatches.batchId", "oilBatches"."pressing_sessionId" AS "oilBatches.pressing_sessionId", "oilBatches"."createdAt" AS "oilBatches.createdAt", "oilBatches"."updatedAt" AS "oilBatches.updatedAt", "oilBatches->qualityTests"."id" AS "oilBatches.qualityTests.id", "oilBatches->qualityTests"."oil_batchId" AS "oilBatches.qualityTests.oil_batchId", "oilBatches->qualityTests"."acidity_level" AS "oilBatches.qualityTests.acidity_level", "oilBatches->qualityTests"."grade" AS "oilBatches.qualityTests.grade", "oilBatches->qualityTests"."test_date" AS "oilBatches.qualityTests.test_date", "oilBatches->qualityTests"."tested_by_employeeId" AS "oilBatches.qualityTests.tested_by_employeeId", "oilBatches->qualityTests"."createdAt" AS "oilBatches.qualityTests.createdAt", "oilBatches->qualityTests"."updatedAt" AS "oilBatches.qualityTests.updatedAt", "batchLoadings"."id" AS "batchLoadings.id", "batchLoadings"."batchId" AS "batchLoadings.batchId", "batchLoadings"."pressingSessionId" AS "batchLoadings.pressingSessionId", "batchLoadings"."pressingRoomId" AS "batchLoadings.pressingRoomId", "batchLoadings"."operatorId" AS "batchLoadings.operatorId", "batchLoadings"."boxesLoaded" AS "batchLoadings.boxesLoaded", "batchLoadings"."loadedAt" AS "batchLoadings.loadedAt", "batchLoadings"."notes" AS "batchLoadings.notes", "batchLoadings"."createdAt" AS "batchLoadings.createdAt", "batchLoadings"."updatedAt" AS "batchLoadings.updatedAt", "batchLoadings->pressingRoom"."id" AS "batchLoadings.pressingRoom.id", "batchLoadings->pressingRoom"."name" AS "batchLoadings.pressingRoom.name", "batchLoadings->operator"."id" AS "batchLoadings.operator.id", "batchLoadings->operator"."firstname" AS "batchLoadings.operator.firstname", "batchLoadings->operator"."lastname" AS "batchLoadings.operator.lastname", "batchLoadings->operator"."email" AS "batchLoadings.operator.email", "batchLoadings->pressingSession"."id" AS "batchLoadings.pressingSession.id", "batchLoadings->pressingSession"."start" AS "batchLoadings.pressingSession.start", "batchLoadings->pressingSession"."finish" AS "batchLoadings.pressingSession.finish" FROM "batches" AS "Batch" LEFT OUTER JOIN "clients" AS "client" ON "Batch"."clientId" = "client"."id" LEFT OUTER JOIN "oil_batches" AS "oilBatches" ON "Batch"."id" = "oilBatches"."batchId" LEFT OUTER JOIN "quality_tests" AS "oilBatches->qualityTests" ON "oilBatches"."id" = "oilBatches->qualityTests"."oil_batchId" LEFT OUTER JOIN "batch_loadings" AS "batchLoadings" ON "Batch"."id" = "batchLoadings"."batchId" LEFT OUTER JOIN "pressing_rooms" AS "batchLoadings->pressingRoom" ON "batchLoadings"."pressingRoomId" = "batchLoadings->pressingRoom"."id" LEFT OUTER JOIN "users" AS "batchLoadings->operator" ON "batchLoadings"."operatorId" = "batchLoadings->operator"."id" LEFT OUTER JOIN "pressing_sessions" AS "batchLoadings->pressingSession" ON "batchLoadings"."pressingSessionId" = "batchLoadings->pressingSession"."id" WHERE "Batch"."id" = '3';
[2025-11-03T18:53:46.027Z] GET /api/batches/6 - ::1
Executing (default): SELECT "Batch"."id", "Batch"."clientId", "Batch"."priceId", "Batch"."date_received", "Batch"."weight_in", "Batch"."weight_out", "Batch"."net_weight", "Batch"."number_of_boxes", "Batch"."status", "Batch"."operation_type", "Batch"."pressing_room_id", "Batch"."session_start_time", "Batch"."estimated_time", "Batch"."ticket_number", "Batch"."bidons_brought", "Batch"."number_of_bidons", "Batch"."boxes_loaded_to_pressing", "Batch"."boxes_committed_to_queue", "Batch"."taux", "Batch"."createdAt", "Batch"."updatedAt", "client"."id" AS "client.id", "client"."firstname" AS "client.firstname", "client"."lastname" AS "client.lastname", "client"."phone" AS "client.phone", "client"."address" AS "client.address", "client"."createdAt" AS "client.createdAt", "client"."updatedAt" AS "client.updatedAt", "oilBatches"."id" AS "oilBatches.id", "oilBatches"."weight" AS "oilBatches.weight", "oilBatches"."residue" AS "oilBatches.residue", "oilBatches"."batchId" AS "oilBatches.batchId", "oilBatches"."pressing_sessionId" AS "oilBatches.pressing_sessionId", "oilBatches"."createdAt" AS "oilBatches.createdAt", "oilBatches"."updatedAt" AS "oilBatches.updatedAt", "oilBatches->qualityTests"."id" AS "oilBatches.qualityTests.id", "oilBatches->qualityTests"."oil_batchId" AS "oilBatches.qualityTests.oil_batchId", "oilBatches->qualityTests"."acidity_level" AS "oilBatches.qualityTests.acidity_level", "oilBatches->qualityTests"."grade" AS "oilBatches.qualityTests.grade", "oilBatches->qualityTests"."test_date" AS "oilBatches.qualityTests.test_date", "oilBatches->qualityTests"."tested_by_employeeId" AS "oilBatches.qualityTests.tested_by_employeeId", "oilBatches->qualityTests"."createdAt" AS "oilBatches.qualityTests.createdAt", "oilBatches->qualityTests"."updatedAt" AS "oilBatches.qualityTests.updatedAt", "batchLoadings"."id" AS "batchLoadings.id", "batchLoadings"."batchId" AS "batchLoadings.batchId", "batchLoadings"."pressingSessionId" AS "batchLoadings.pressingSessionId", "batchLoadings"."pressingRoomId" AS "batchLoadings.pressingRoomId", "batchLoadings"."operatorId" AS "batchLoadings.operatorId", "batchLoadings"."boxesLoaded" AS "batchLoadings.boxesLoaded", "batchLoadings"."loadedAt" AS "batchLoadings.loadedAt", "batchLoadings"."notes" AS "batchLoadings.notes", "batchLoadings"."createdAt" AS "batchLoadings.createdAt", "batchLoadings"."updatedAt" AS "batchLoadings.updatedAt", "batchLoadings->pressingRoom"."id" AS "batchLoadings.pressingRoom.id", "batchLoadings->pressingRoom"."name" AS "batchLoadings.pressingRoom.name", "batchLoadings->operator"."id" AS "batchLoadings.operator.id", "batchLoadings->operator"."firstname" AS "batchLoadings.operator.firstname", "batchLoadings->operator"."lastname" AS "batchLoadings.operator.lastname", "batchLoadings->operator"."email" AS "batchLoadings.operator.email", "batchLoadings->pressingSession"."id" AS "batchLoadings.pressingSession.id", "batchLoadings->pressingSession"."start" AS "batchLoadings.pressingSession.start", "batchLoadings->pressingSession"."finish" AS "batchLoadings.pressingSession.finish" FROM "batches" AS "Batch" LEFT OUTER JOIN "clients" AS "client" ON "Batch"."clientId" = "client"."id" LEFT OUTER JOIN "oil_batches" AS "oilBatches" ON "Batch"."id" = "oilBatches"."batchId" LEFT OUTER JOIN "quality_tests" AS "oilBatches->qualityTests" ON "oilBatches"."id" = "oilBatches->qualityTests"."oil_batchId" LEFT OUTER JOIN "batch_loadings" AS "batchLoadings" ON "Batch"."id" = "batchLoadings"."batchId" LEFT OUTER JOIN "pressing_rooms" AS "batchLoadings->pressingRoom" ON "batchLoadings"."pressingRoomId" = "batchLoadings->pressingRoom"."id" LEFT OUTER JOIN "users" AS "batchLoadings->operator" ON "batchLoadings"."operatorId" = "batchLoadings->operator"."id" LEFT OUTER JOIN "pressing_sessions" AS "batchLoadings->pressingSession" ON "batchLoadings"."pressingSessionId" = "batchLoadings->pressingSession"."id" WHERE "Batch"."id" = '6';
[2025-11-03T18:53:46.226Z] GET /api/batches/6 - ::1
Executing (default): SELECT "Batch"."id", "Batch"."clientId", "Batch"."priceId", "Batch"."date_received", "Batch"."weight_in", "Batch"."weight_out", "Batch"."net_weight", "Batch"."number_of_boxes", "Batch"."status", "Batch"."operation_type", "Batch"."pressing_room_id", "Batch"."session_start_time", "Batch"."estimated_time", "Batch"."ticket_number", "Batch"."bidons_brought", "Batch"."number_of_bidons", "Batch"."boxes_loaded_to_pressing", "Batch"."boxes_committed_to_queue", "Batch"."taux", "Batch"."createdAt", "Batch"."updatedAt", "client"."id" AS "client.id", "client"."firstname" AS "client.firstname", "client"."lastname" AS "client.lastname", "client"."phone" AS "client.phone", "client"."address" AS "client.address", "client"."createdAt" AS "client.createdAt", "client"."updatedAt" AS "client.updatedAt", "oilBatches"."id" AS "oilBatches.id", "oilBatches"."weight" AS "oilBatches.weight", "oilBatches"."residue" AS "oilBatches.residue", "oilBatches"."batchId" AS "oilBatches.batchId", "oilBatches"."pressing_sessionId" AS "oilBatches.pressing_sessionId", "oilBatches"."createdAt" AS "oilBatches.createdAt", "oilBatches"."updatedAt" AS "oilBatches.updatedAt", "oilBatches->qualityTests"."id" AS "oilBatches.qualityTests.id", "oilBatches->qualityTests"."oil_batchId" AS "oilBatches.qualityTests.oil_batchId", "oilBatches->qualityTests"."acidity_level" AS "oilBatches.qualityTests.acidity_level", "oilBatches->qualityTests"."grade" AS "oilBatches.qualityTests.grade", "oilBatches->qualityTests"."test_date" AS "oilBatches.qualityTests.test_date", "oilBatches->qualityTests"."tested_by_employeeId" AS "oilBatches.qualityTests.tested_by_employeeId", "oilBatches->qualityTests"."createdAt" AS "oilBatches.qualityTests.createdAt", "oilBatches->qualityTests"."updatedAt" AS "oilBatches.qualityTests.updatedAt", "batchLoadings"."id" AS "batchLoadings.id", "batchLoadings"."batchId" AS "batchLoadings.batchId", "batchLoadings"."pressingSessionId" AS "batchLoadings.pressingSessionId", "batchLoadings"."pressingRoomId" AS "batchLoadings.pressingRoomId", "batchLoadings"."operatorId" AS "batchLoadings.operatorId", "batchLoadings"."boxesLoaded" AS "batchLoadings.boxesLoaded", "batchLoadings"."loadedAt" AS "batchLoadings.loadedAt", "batchLoadings"."notes" AS "batchLoadings.notes", "batchLoadings"."createdAt" AS "batchLoadings.createdAt", "batchLoadings"."updatedAt" AS "batchLoadings.updatedAt", "batchLoadings->pressingRoom"."id" AS "batchLoadings.pressingRoom.id", "batchLoadings->pressingRoom"."name" AS "batchLoadings.pressingRoom.name", "batchLoadings->operator"."id" AS "batchLoadings.operator.id", "batchLoadings->operator"."firstname" AS "batchLoadings.operator.firstname", "batchLoadings->operator"."lastname" AS "batchLoadings.operator.lastname", "batchLoadings->operator"."email" AS "batchLoadings.operator.email", "batchLoadings->pressingSession"."id" AS "batchLoadings.pressingSession.id", "batchLoadings->pressingSession"."start" AS "batchLoadings.pressingSession.start", "batchLoadings->pressingSession"."finish" AS "batchLoadings.pressingSession.finish" FROM "batches" AS "Batch" LEFT OUTER JOIN "clients" AS "client" ON "Batch"."clientId" = "client"."id" LEFT OUTER JOIN "oil_batches" AS "oilBatches" ON "Batch"."id" = "oilBatches"."batchId" LEFT OUTER JOIN "quality_tests" AS "oilBatches->qualityTests" ON "oilBatches"."id" = "oilBatches->qualityTests"."oil_batchId" LEFT OUTER JOIN "batch_loadings" AS "batchLoadings" ON "Batch"."id" = "batchLoadings"."batchId" LEFT OUTER JOIN "pressing_rooms" AS "batchLoadings->pressingRoom" ON "batchLoadings"."pressingRoomId" = "batchLoadings->pressingRoom"."id" LEFT OUTER JOIN "users" AS "batchLoadings->operator" ON "batchLoadings"."operatorId" = "batchLoadings->operator"."id" LEFT OUTER JOIN "pressing_sessions" AS "batchLoadings->pressingSession" ON "batchLoadings"."pressingSessionId" = "batchLoadings->pressingSession"."id" WHERE "Batch"."id" = '6';
[2025-11-03T18:53:46.245Z] GET /api/batches/6 - ::1
Executing (default): SELECT "Batch"."id", "Batch"."clientId", "Batch"."priceId", "Batch"."date_received", "Batch"."weight_in", "Batch"."weight_out", "Batch"."net_weight", "Batch"."number_of_boxes", "Batch"."status", "Batch"."operation_type", "Batch"."pressing_room_id", "Batch"."session_start_time", "Batch"."estimated_time", "Batch"."ticket_number", "Batch"."bidons_brought", "Batch"."number_of_bidons", "Batch"."boxes_loaded_to_pressing", "Batch"."boxes_committed_to_queue", "Batch"."taux", "Batch"."createdAt", "Batch"."updatedAt", "client"."id" AS "client.id", "client"."firstname" AS "client.firstname", "client"."lastname" AS "client.lastname", "client"."phone" AS "client.phone", "client"."address" AS "client.address", "client"."createdAt" AS "client.createdAt", "client"."updatedAt" AS "client.updatedAt", "oilBatches"."id" AS "oilBatches.id", "oilBatches"."weight" AS "oilBatches.weight", "oilBatches"."residue" AS "oilBatches.residue", "oilBatches"."batchId" AS "oilBatches.batchId", "oilBatches"."pressing_sessionId" AS "oilBatches.pressing_sessionId", "oilBatches"."createdAt" AS "oilBatches.createdAt", "oilBatches"."updatedAt" AS "oilBatches.updatedAt", "oilBatches->qualityTests"."id" AS "oilBatches.qualityTests.id", "oilBatches->qualityTests"."oil_batchId" AS "oilBatches.qualityTests.oil_batchId", "oilBatches->qualityTests"."acidity_level" AS "oilBatches.qualityTests.acidity_level", "oilBatches->qualityTests"."grade" AS "oilBatches.qualityTests.grade", "oilBatches->qualityTests"."test_date" AS "oilBatches.qualityTests.test_date", "oilBatches->qualityTests"."tested_by_employeeId" AS "oilBatches.qualityTests.tested_by_employeeId", "oilBatches->qualityTests"."createdAt" AS "oilBatches.qualityTests.createdAt", "oilBatches->qualityTests"."updatedAt" AS "oilBatches.qualityTests.updatedAt", "batchLoadings"."id" AS "batchLoadings.id", "batchLoadings"."batchId" AS "batchLoadings.batchId", "batchLoadings"."pressingSessionId" AS "batchLoadings.pressingSessionId", "batchLoadings"."pressingRoomId" AS "batchLoadings.pressingRoomId", "batchLoadings"."operatorId" AS "batchLoadings.operatorId", "batchLoadings"."boxesLoaded" AS "batchLoadings.boxesLoaded", "batchLoadings"."loadedAt" AS "batchLoadings.loadedAt", "batchLoadings"."notes" AS "batchLoadings.notes", "batchLoadings"."createdAt" AS "batchLoadings.createdAt", "batchLoadings"."updatedAt" AS "batchLoadings.updatedAt", "batchLoadings->pressingRoom"."id" AS "batchLoadings.pressingRoom.id", "batchLoadings->pressingRoom"."name" AS "batchLoadings.pressingRoom.name", "batchLoadings->operator"."id" AS "batchLoadings.operator.id", "batchLoadings->operator"."firstname" AS "batchLoadings.operator.firstname", "batchLoadings->operator"."lastname" AS "batchLoadings.operator.lastname", "batchLoadings->operator"."email" AS "batchLoadings.operator.email", "batchLoadings->pressingSession"."id" AS "batchLoadings.pressingSession.id", "batchLoadings->pressingSession"."start" AS "batchLoadings.pressingSession.start", "batchLoadings->pressingSession"."finish" AS "batchLoadings.pressingSession.finish" FROM "batches" AS "Batch" LEFT OUTER JOIN "clients" AS "client" ON "Batch"."clientId" = "client"."id" LEFT OUTER JOIN "oil_batches" AS "oilBatches" ON "Batch"."id" = "oilBatches"."batchId" LEFT OUTER JOIN "quality_tests" AS "oilBatches->qualityTests" ON "oilBatches"."id" = "oilBatches->qualityTests"."oil_batchId" LEFT OUTER JOIN "batch_loadings" AS "batchLoadings" ON "Batch"."id" = "batchLoadings"."batchId" LEFT OUTER JOIN "pressing_rooms" AS "batchLoadings->pressingRoom" ON "batchLoadings"."pressingRoomId" = "batchLoadings->pressingRoom"."id" LEFT OUTER JOIN "users" AS "batchLoadings->operator" ON "batchLoadings"."operatorId" = "batchLoadings->operator"."id" LEFT OUTER JOIN "pressing_sessions" AS "batchLoadings->pressingSession" ON "batchLoadings"."pressingSessionId" = "batchLoadings->pressingSession"."id" WHERE "Batch"."id" = '6';
[2025-11-03T18:53:46.455Z] GET /api/pressing-queue/partially-queued - ::1
[2025-11-03T18:53:46.455Z] GET /api/pressing-queue/partially-queued - ::1
Executing (default): SELECT "QueuerSession"."id", "QueuerSession"."queueId", "QueuerSession"."currentBatchId", "QueuerSession"."totalBoxes", "QueuerSession"."boxesQueued", "QueuerSession"."startedAt", "QueuerSession"."completedAt", "QueuerSession"."status", "QueuerSession"."createdAt", "QueuerSession"."updatedAt", "batch"."id" AS "batch.id", "batch"."clientId" AS "batch.clientId", "batch"."priceId" AS "batch.priceId", "batch"."date_received" AS "batch.date_received", "batch"."weight_in" AS "batch.weight_in", "batch"."weight_out" AS "batch.weight_out", "batch"."net_weight" AS "batch.net_weight", "batch"."number_of_boxes" AS "batch.number_of_boxes", "batch"."status" AS "batch.status", "batch"."operation_type" AS "batch.operation_type", "batch"."pressing_room_id" AS "batch.pressing_room_id", "batch"."session_start_time" AS "batch.session_start_time", "batch"."estimated_time" AS "batch.estimated_time", "batch"."ticket_number" AS "batch.ticket_number", "batch"."bidons_brought" AS "batch.bidons_brought", "batch"."number_of_bidons" AS "batch.number_of_bidons", "batch"."boxes_loaded_to_pressing" AS "batch.boxes_loaded_to_pressing", "batch"."boxes_committed_to_queue" AS "batch.boxes_committed_to_queue", "batch"."taux" AS "batch.taux", "batch"."createdAt" AS "batch.createdAt", "batch"."updatedAt" AS "batch.updatedAt", "batch->client"."id" AS "batch.client.id", "batch->client"."firstname" AS "batch.client.firstname", "batch->client"."lastname" AS "batch.client.lastname", "batch->client"."phone" AS "batch.client.phone", "batch->client"."address" AS "batch.client.address", "batch->client"."createdAt" AS "batch.client.createdAt", "batch->client"."updatedAt" AS "batch.client.updatedAt", "queuer"."id" AS "queuer.id", "queuer"."firstname" AS "queuer.firstname", "queuer"."lastname" AS "queuer.lastname" FROM "queuer_sessions" AS "QueuerSession" LEFT OUTER JOIN "batches" AS "batch" ON "QueuerSession"."currentBatchId" = "batch"."id" LEFT OUTER JOIN "clients" AS "batch->client" ON "batch"."clientId" = "batch->client"."id" LEFT OUTER JOIN "users" AS "queuer" ON "QueuerSession"."queueId" = "queuer"."id" WHERE "QueuerSession"."status" = 'active' ORDER BY "QueuerSession"."updatedAt" DESC;
Executing (default): SELECT "QueuerSession"."id", "QueuerSession"."queueId", "QueuerSession"."currentBatchId", "QueuerSession"."totalBoxes", "QueuerSession"."boxesQueued", "QueuerSession"."startedAt", "QueuerSession"."completedAt", "QueuerSession"."status", "QueuerSession"."createdAt", "QueuerSession"."updatedAt", "batch"."id" AS "batch.id", "batch"."clientId" AS "batch.clientId", "batch"."priceId" AS "batch.priceId", "batch"."date_received" AS "batch.date_received", "batch"."weight_in" AS "batch.weight_in", "batch"."weight_out" AS "batch.weight_out", "batch"."net_weight" AS "batch.net_weight", "batch"."number_of_boxes" AS "batch.number_of_boxes", "batch"."status" AS "batch.status", "batch"."operation_type" AS "batch.operation_type", "batch"."pressing_room_id" AS "batch.pressing_room_id", "batch"."session_start_time" AS "batch.session_start_time", "batch"."estimated_time" AS "batch.estimated_time", "batch"."ticket_number" AS "batch.ticket_number", "batch"."bidons_brought" AS "batch.bidons_brought", "batch"."number_of_bidons" AS "batch.number_of_bidons", "batch"."boxes_loaded_to_pressing" AS "batch.boxes_loaded_to_pressing", "batch"."boxes_committed_to_queue" AS "batch.boxes_committed_to_queue", "batch"."taux" AS "batch.taux", "batch"."createdAt" AS "batch.createdAt", "batch"."updatedAt" AS "batch.updatedAt", "batch->client"."id" AS "batch.client.id", "batch->client"."firstname" AS "batch.client.firstname", "batch->client"."lastname" AS "batch.client.lastname", "batch->client"."phone" AS "batch.client.phone", "batch->client"."address" AS "batch.client.address", "batch->client"."createdAt" AS "batch.client.createdAt", "batch->client"."updatedAt" AS "batch.client.updatedAt", "queuer"."id" AS "queuer.id", "queuer"."firstname" AS "queuer.firstname", "queuer"."lastname" AS "queuer.lastname" FROM "queuer_sessions" AS "QueuerSession" LEFT OUTER JOIN "batches" AS "batch" ON "QueuerSession"."currentBatchId" = "batch"."id" LEFT OUTER JOIN "clients" AS "batch->client" ON "batch"."clientId" = "batch->client"."id" LEFT OUTER JOIN "users" AS "queuer" ON "QueuerSession"."queueId" = "queuer"."id" WHERE "QueuerSession"."status" = 'active' ORDER BY "QueuerSession"."updatedAt" DESC;
[2025-11-03T18:54:03.536Z] GET /api/pressing-rooms/display-data - ::1
Executing (default): SELECT "id", "name", "capacity", "createdAt", "updatedAt" FROM "pressing_rooms" AS "PressingRoom" ORDER BY "PressingRoom"."id" ASC;
Executing (default): SELECT "PressingSession"."id", "PressingSession"."start", "PressingSession"."finish", "PressingSession"."number_of_boxes", "PressingSession"."pressing_roomID", "PressingSession"."batch_id", "PressingSession"."status", "PressingSession"."oil_bidons_produced", "PressingSession"."createdAt", "PressingSession"."updatedAt", "batch"."id" AS "batch.id", "batch"."clientId" AS "batch.clientId", "batch"."priceId" AS "batch.priceId", "batch"."date_received" AS "batch.date_received", "batch"."weight_in" AS "batch.weight_in", "batch"."weight_out" AS "batch.weight_out", "batch"."net_weight" AS "batch.net_weight", "batch"."number_of_boxes" AS "batch.number_of_boxes", "batch"."status" AS "batch.status", "batch"."operation_type" AS "batch.operation_type", "batch"."pressing_room_id" AS "batch.pressing_room_id", "batch"."session_start_time" AS "batch.session_start_time", "batch"."estimated_time" AS "batch.estimated_time", "batch"."ticket_number" AS "batch.ticket_number", "batch"."bidons_brought" AS "batch.bidons_brought", "batch"."number_of_bidons" AS "batch.number_of_bidons", "batch"."boxes_loaded_to_pressing" AS "batch.boxes_loaded_to_pressing", "batch"."boxes_committed_to_queue" AS "batch.boxes_committed_to_queue", "batch"."taux" AS "batch.taux", "batch"."createdAt" AS "batch.createdAt", "batch"."updatedAt" AS "batch.updatedAt", "batch->client"."id" AS "batch.client.id", "batch->client"."firstname" AS "batch.client.firstname", "batch->client"."lastname" AS "batch.client.lastname" FROM "pressing_sessions" AS "PressingSession" LEFT OUTER JOIN "batches" AS "batch" ON "PressingSession"."batch_id" = "batch"."id" LEFT OUTER JOIN "clients" AS "batch->client" ON "batch"."clientId" = "batch->client"."id" WHERE "PressingSession"."finish" IS NULL AND "PressingSession"."status" = 'active';
[2025-11-03T18:54:08.780Z] GET /api/pressing-rooms/display-data - ::1
Executing (default): SELECT "id", "name", "capacity", "createdAt", "updatedAt" FROM "pressing_rooms" AS "PressingRoom" ORDER BY "PressingRoom"."id" ASC;
Executing (default): SELECT "PressingSession"."id", "PressingSession"."start", "PressingSession"."finish", "PressingSession"."number_of_boxes", "PressingSession"."pressing_roomID", "PressingSession"."batch_id", "PressingSession"."status", "PressingSession"."oil_bidons_produced", "PressingSession"."createdAt", "PressingSession"."updatedAt", "batch"."id" AS "batch.id", "batch"."clientId" AS "batch.clientId", "batch"."priceId" AS "batch.priceId", "batch"."date_received" AS "batch.date_received", "batch"."weight_in" AS "batch.weight_in", "batch"."weight_out" AS "batch.weight_out", "batch"."net_weight" AS "batch.net_weight", "batch"."number_of_boxes" AS "batch.number_of_boxes", "batch"."status" AS "batch.status", "batch"."operation_type" AS "batch.operation_type", "batch"."pressing_room_id" AS "batch.pressing_room_id", "batch"."session_start_time" AS "batch.session_start_time", "batch"."estimated_time" AS "batch.estimated_time", "batch"."ticket_number" AS "batch.ticket_number", "batch"."bidons_brought" AS "batch.bidons_brought", "batch"."number_of_bidons" AS "batch.number_of_bidons", "batch"."boxes_loaded_to_pressing" AS "batch.boxes_loaded_to_pressing", "batch"."boxes_committed_to_queue" AS "batch.boxes_committed_to_queue", "batch"."taux" AS "batch.taux", "batch"."createdAt" AS "batch.createdAt", "batch"."updatedAt" AS "batch.updatedAt", "batch->client"."id" AS "batch.client.id", "batch->client"."firstname" AS "batch.client.firstname", "batch->client"."lastname" AS "batch.client.lastname" FROM "pressing_sessions" AS "PressingSession" LEFT OUTER JOIN "batches" AS "batch" ON "PressingSession"."batch_id" = "batch"."id" LEFT OUTER JOIN "clients" AS "batch->client" ON "batch"."clientId" = "batch->client"."id" WHERE "PressingSession"."finish" IS NULL AND "PressingSession"."status" = 'active';
[2025-11-03T18:54:18.801Z] GET /api/batches/7 - ::1
Executing (default): SELECT "Batch"."id", "Batch"."clientId", "Batch"."priceId", "Batch"."date_received", "Batch"."weight_in", "Batch"."weight_out", "Batch"."net_weight", "Batch"."number_of_boxes", "Batch"."status", "Batch"."operation_type", "Batch"."pressing_room_id", "Batch"."session_start_time", "Batch"."estimated_time", "Batch"."ticket_number", "Batch"."bidons_brought", "Batch"."number_of_bidons", "Batch"."boxes_loaded_to_pressing", "Batch"."boxes_committed_to_queue", "Batch"."taux", "Batch"."createdAt", "Batch"."updatedAt", "client"."id" AS "client.id", "client"."firstname" AS "client.firstname", "client"."lastname" AS "client.lastname", "client"."phone" AS "client.phone", "client"."address" AS "client.address", "client"."createdAt" AS "client.createdAt", "client"."updatedAt" AS "client.updatedAt", "oilBatches"."id" AS "oilBatches.id", "oilBatches"."weight" AS "oilBatches.weight", "oilBatches"."residue" AS "oilBatches.residue", "oilBatches"."batchId" AS "oilBatches.batchId", "oilBatches"."pressing_sessionId" AS "oilBatches.pressing_sessionId", "oilBatches"."createdAt" AS "oilBatches.createdAt", "oilBatches"."updatedAt" AS "oilBatches.updatedAt", "oilBatches->qualityTests"."id" AS "oilBatches.qualityTests.id", "oilBatches->qualityTests"."oil_batchId" AS "oilBatches.qualityTests.oil_batchId", "oilBatches->qualityTests"."acidity_level" AS "oilBatches.qualityTests.acidity_level", "oilBatches->qualityTests"."grade" AS "oilBatches.qualityTests.grade", "oilBatches->qualityTests"."test_date" AS "oilBatches.qualityTests.test_date", "oilBatches->qualityTests"."tested_by_employeeId" AS "oilBatches.qualityTests.tested_by_employeeId", "oilBatches->qualityTests"."createdAt" AS "oilBatches.qualityTests.createdAt", "oilBatches->qualityTests"."updatedAt" AS "oilBatches.qualityTests.updatedAt", "batchLoadings"."id" AS "batchLoadings.id", "batchLoadings"."batchId" AS "batchLoadings.batchId", "batchLoadings"."pressingSessionId" AS "batchLoadings.pressingSessionId", "batchLoadings"."pressingRoomId" AS "batchLoadings.pressingRoomId", "batchLoadings"."operatorId" AS "batchLoadings.operatorId", "batchLoadings"."boxesLoaded" AS "batchLoadings.boxesLoaded", "batchLoadings"."loadedAt" AS "batchLoadings.loadedAt", "batchLoadings"."notes" AS "batchLoadings.notes", "batchLoadings"."createdAt" AS "batchLoadings.createdAt", "batchLoadings"."updatedAt" AS "batchLoadings.updatedAt", "batchLoadings->pressingRoom"."id" AS "batchLoadings.pressingRoom.id", "batchLoadings->pressingRoom"."name" AS "batchLoadings.pressingRoom.name", "batchLoadings->operator"."id" AS "batchLoadings.operator.id", "batchLoadings->operator"."firstname" AS "batchLoadings.operator.firstname", "batchLoadings->operator"."lastname" AS "batchLoadings.operator.lastname", "batchLoadings->operator"."email" AS "batchLoadings.operator.email", "batchLoadings->pressingSession"."id" AS "batchLoadings.pressingSession.id", "batchLoadings->pressingSession"."start" AS "batchLoadings.pressingSession.start", "batchLoadings->pressingSession"."finish" AS "batchLoadings.pressingSession.finish" FROM "batches" AS "Batch" LEFT OUTER JOIN "clients" AS "client" ON "Batch"."clientId" = "client"."id" LEFT OUTER JOIN "oil_batches" AS "oilBatches" ON "Batch"."id" = "oilBatches"."batchId" LEFT OUTER JOIN "quality_tests" AS "oilBatches->qualityTests" ON "oilBatches"."id" = "oilBatches->qualityTests"."oil_batchId" LEFT OUTER JOIN "batch_loadings" AS "batchLoadings" ON "Batch"."id" = "batchLoadings"."batchId" LEFT OUTER JOIN "pressing_rooms" AS "batchLoadings->pressingRoom" ON "batchLoadings"."pressingRoomId" = "batchLoadings->pressingRoom"."id" LEFT OUTER JOIN "users" AS "batchLoadings->operator" ON "batchLoadings"."operatorId" = "batchLoadings->operator"."id" LEFT OUTER JOIN "pressing_sessions" AS "batchLoadings->pressingSession" ON "batchLoadings"."pressingSessionId" = "batchLoadings->pressingSession"."id" WHERE "Batch"."id" = '7';
[2025-11-03T18:54:18.844Z] GET /api/batches/7 - ::1
[2025-11-03T18:54:18.844Z] GET /api/batches/7 - ::1
Executing (default): SELECT "Batch"."id", "Batch"."clientId", "Batch"."priceId", "Batch"."date_received", "Batch"."weight_in", "Batch"."weight_out", "Batch"."net_weight", "Batch"."number_of_boxes", "Batch"."status", "Batch"."operation_type", "Batch"."pressing_room_id", "Batch"."session_start_time", "Batch"."estimated_time", "Batch"."ticket_number", "Batch"."bidons_brought", "Batch"."number_of_bidons", "Batch"."boxes_loaded_to_pressing", "Batch"."boxes_committed_to_queue", "Batch"."taux", "Batch"."createdAt", "Batch"."updatedAt", "client"."id" AS "client.id", "client"."firstname" AS "client.firstname", "client"."lastname" AS "client.lastname", "client"."phone" AS "client.phone", "client"."address" AS "client.address", "client"."createdAt" AS "client.createdAt", "client"."updatedAt" AS "client.updatedAt", "oilBatches"."id" AS "oilBatches.id", "oilBatches"."weight" AS "oilBatches.weight", "oilBatches"."residue" AS "oilBatches.residue", "oilBatches"."batchId" AS "oilBatches.batchId", "oilBatches"."pressing_sessionId" AS "oilBatches.pressing_sessionId", "oilBatches"."createdAt" AS "oilBatches.createdAt", "oilBatches"."updatedAt" AS "oilBatches.updatedAt", "oilBatches->qualityTests"."id" AS "oilBatches.qualityTests.id", "oilBatches->qualityTests"."oil_batchId" AS "oilBatches.qualityTests.oil_batchId", "oilBatches->qualityTests"."acidity_level" AS "oilBatches.qualityTests.acidity_level", "oilBatches->qualityTests"."grade" AS "oilBatches.qualityTests.grade", "oilBatches->qualityTests"."test_date" AS "oilBatches.qualityTests.test_date", "oilBatches->qualityTests"."tested_by_employeeId" AS "oilBatches.qualityTests.tested_by_employeeId", "oilBatches->qualityTests"."createdAt" AS "oilBatches.qualityTests.createdAt", "oilBatches->qualityTests"."updatedAt" AS "oilBatches.qualityTests.updatedAt", "batchLoadings"."id" AS "batchLoadings.id", "batchLoadings"."batchId" AS "batchLoadings.batchId", "batchLoadings"."pressingSessionId" AS "batchLoadings.pressingSessionId", "batchLoadings"."pressingRoomId" AS "batchLoadings.pressingRoomId", "batchLoadings"."operatorId" AS "batchLoadings.operatorId", "batchLoadings"."boxesLoaded" AS "batchLoadings.boxesLoaded", "batchLoadings"."loadedAt" AS "batchLoadings.loadedAt", "batchLoadings"."notes" AS "batchLoadings.notes", "batchLoadings"."createdAt" AS "batchLoadings.createdAt", "batchLoadings"."updatedAt" AS "batchLoadings.updatedAt", "batchLoadings->pressingRoom"."id" AS "batchLoadings.pressingRoom.id", "batchLoadings->pressingRoom"."name" AS "batchLoadings.pressingRoom.name", "batchLoadings->operator"."id" AS "batchLoadings.operator.id", "batchLoadings->operator"."firstname" AS "batchLoadings.operator.firstname", "batchLoadings->operator"."lastname" AS "batchLoadings.operator.lastname", "batchLoadings->operator"."email" AS "batchLoadings.operator.email", "batchLoadings->pressingSession"."id" AS "batchLoadings.pressingSession.id", "batchLoadings->pressingSession"."start" AS "batchLoadings.pressingSession.start", "batchLoadings->pressingSession"."finish" AS "batchLoadings.pressingSession.finish" FROM "batches" AS "Batch" LEFT OUTER JOIN "clients" AS "client" ON "Batch"."clientId" = "client"."id" LEFT OUTER JOIN "oil_batches" AS "oilBatches" ON "Batch"."id" = "oilBatches"."batchId" LEFT OUTER JOIN "quality_tests" AS "oilBatches->qualityTests" ON "oilBatches"."id" = "oilBatches->qualityTests"."oil_batchId" LEFT OUTER JOIN "batch_loadings" AS "batchLoadings" ON "Batch"."id" = "batchLoadings"."batchId" LEFT OUTER JOIN "pressing_rooms" AS "batchLoadings->pressingRoom" ON "batchLoadings"."pressingRoomId" = "batchLoadings->pressingRoom"."id" LEFT OUTER JOIN "users" AS "batchLoadings->operator" ON "batchLoadings"."operatorId" = "batchLoadings->operator"."id" LEFT OUTER JOIN "pressing_sessions" AS "batchLoadings->pressingSession" ON "batchLoadings"."pressingSessionId" = "batchLoadings->pressingSession"."id" WHERE "Batch"."id" = '7';
Executing (default): SELECT "Batch"."id", "Batch"."clientId", "Batch"."priceId", "Batch"."date_received", "Batch"."weight_in", "Batch"."weight_out", "Batch"."net_weight", "Batch"."number_of_boxes", "Batch"."status", "Batch"."operation_type", "Batch"."pressing_room_id", "Batch"."session_start_time", "Batch"."estimated_time", "Batch"."ticket_number", "Batch"."bidons_brought", "Batch"."number_of_bidons", "Batch"."boxes_loaded_to_pressing", "Batch"."boxes_committed_to_queue", "Batch"."taux", "Batch"."createdAt", "Batch"."updatedAt", "client"."id" AS "client.id", "client"."firstname" AS "client.firstname", "client"."lastname" AS "client.lastname", "client"."phone" AS "client.phone", "client"."address" AS "client.address", "client"."createdAt" AS "client.createdAt", "client"."updatedAt" AS "client.updatedAt", "oilBatches"."id" AS "oilBatches.id", "oilBatches"."weight" AS "oilBatches.weight", "oilBatches"."residue" AS "oilBatches.residue", "oilBatches"."batchId" AS "oilBatches.batchId", "oilBatches"."pressing_sessionId" AS "oilBatches.pressing_sessionId", "oilBatches"."createdAt" AS "oilBatches.createdAt", "oilBatches"."updatedAt" AS "oilBatches.updatedAt", "oilBatches->qualityTests"."id" AS "oilBatches.qualityTests.id", "oilBatches->qualityTests"."oil_batchId" AS "oilBatches.qualityTests.oil_batchId", "oilBatches->qualityTests"."acidity_level" AS "oilBatches.qualityTests.acidity_level", "oilBatches->qualityTests"."grade" AS "oilBatches.qualityTests.grade", "oilBatches->qualityTests"."test_date" AS "oilBatches.qualityTests.test_date", "oilBatches->qualityTests"."tested_by_employeeId" AS "oilBatches.qualityTests.tested_by_employeeId", "oilBatches->qualityTests"."createdAt" AS "oilBatches.qualityTests.createdAt", "oilBatches->qualityTests"."updatedAt" AS "oilBatches.qualityTests.updatedAt", "batchLoadings"."id" AS "batchLoadings.id", "batchLoadings"."batchId" AS "batchLoadings.batchId", "batchLoadings"."pressingSessionId" AS "batchLoadings.pressingSessionId", "batchLoadings"."pressingRoomId" AS "batchLoadings.pressingRoomId", "batchLoadings"."operatorId" AS "batchLoadings.operatorId", "batchLoadings"."boxesLoaded" AS "batchLoadings.boxesLoaded", "batchLoadings"."loadedAt" AS "batchLoadings.loadedAt", "batchLoadings"."notes" AS "batchLoadings.notes", "batchLoadings"."createdAt" AS "batchLoadings.createdAt", "batchLoadings"."updatedAt" AS "batchLoadings.updatedAt", "batchLoadings->pressingRoom"."id" AS "batchLoadings.pressingRoom.id", "batchLoadings->pressingRoom"."name" AS "batchLoadings.pressingRoom.name", "batchLoadings->operator"."id" AS "batchLoadings.operator.id", "batchLoadings->operator"."firstname" AS "batchLoadings.operator.firstname", "batchLoadings->operator"."lastname" AS "batchLoadings.operator.lastname", "batchLoadings->operator"."email" AS "batchLoadings.operator.email", "batchLoadings->pressingSession"."id" AS "batchLoadings.pressingSession.id", "batchLoadings->pressingSession"."start" AS "batchLoadings.pressingSession.start", "batchLoadings->pressingSession"."finish" AS "batchLoadings.pressingSession.finish" FROM "batches" AS "Batch" LEFT OUTER JOIN "clients" AS "client" ON "Batch"."clientId" = "client"."id" LEFT OUTER JOIN "oil_batches" AS "oilBatches" ON "Batch"."id" = "oilBatches"."batchId" LEFT OUTER JOIN "quality_tests" AS "oilBatches->qualityTests" ON "oilBatches"."id" = "oilBatches->qualityTests"."oil_batchId" LEFT OUTER JOIN "batch_loadings" AS "batchLoadings" ON "Batch"."id" = "batchLoadings"."batchId" LEFT OUTER JOIN "pressing_rooms" AS "batchLoadings->pressingRoom" ON "batchLoadings"."pressingRoomId" = "batchLoadings->pressingRoom"."id" LEFT OUTER JOIN "users" AS "batchLoadings->operator" ON "batchLoadings"."operatorId" = "batchLoadings->operator"."id" LEFT OUTER JOIN "pressing_sessions" AS "batchLoadings->pressingSession" ON "batchLoadings"."pressingSessionId" = "batchLoadings->pressingSession"."id" WHERE "Batch"."id" = '7';
[2025-11-03T18:54:18.866Z] GET /api/batches/7 - ::1
[2025-11-03T18:54:18.866Z] GET /api/batches/7 - ::1
Executing (default): SELECT "Batch"."id", "Batch"."clientId", "Batch"."priceId", "Batch"."date_received", "Batch"."weight_in", "Batch"."weight_out", "Batch"."net_weight", "Batch"."number_of_boxes", "Batch"."status", "Batch"."operation_type", "Batch"."pressing_room_id", "Batch"."session_start_time", "Batch"."estimated_time", "Batch"."ticket_number", "Batch"."bidons_brought", "Batch"."number_of_bidons", "Batch"."boxes_loaded_to_pressing", "Batch"."boxes_committed_to_queue", "Batch"."taux", "Batch"."createdAt", "Batch"."updatedAt", "client"."id" AS "client.id", "client"."firstname" AS "client.firstname", "client"."lastname" AS "client.lastname", "client"."phone" AS "client.phone", "client"."address" AS "client.address", "client"."createdAt" AS "client.createdAt", "client"."updatedAt" AS "client.updatedAt", "oilBatches"."id" AS "oilBatches.id", "oilBatches"."weight" AS "oilBatches.weight", "oilBatches"."residue" AS "oilBatches.residue", "oilBatches"."batchId" AS "oilBatches.batchId", "oilBatches"."pressing_sessionId" AS "oilBatches.pressing_sessionId", "oilBatches"."createdAt" AS "oilBatches.createdAt", "oilBatches"."updatedAt" AS "oilBatches.updatedAt", "oilBatches->qualityTests"."id" AS "oilBatches.qualityTests.id", "oilBatches->qualityTests"."oil_batchId" AS "oilBatches.qualityTests.oil_batchId", "oilBatches->qualityTests"."acidity_level" AS "oilBatches.qualityTests.acidity_level", "oilBatches->qualityTests"."grade" AS "oilBatches.qualityTests.grade", "oilBatches->qualityTests"."test_date" AS "oilBatches.qualityTests.test_date", "oilBatches->qualityTests"."tested_by_employeeId" AS "oilBatches.qualityTests.tested_by_employeeId", "oilBatches->qualityTests"."createdAt" AS "oilBatches.qualityTests.createdAt", "oilBatches->qualityTests"."updatedAt" AS "oilBatches.qualityTests.updatedAt", "batchLoadings"."id" AS "batchLoadings.id", "batchLoadings"."batchId" AS "batchLoadings.batchId", "batchLoadings"."pressingSessionId" AS "batchLoadings.pressingSessionId", "batchLoadings"."pressingRoomId" AS "batchLoadings.pressingRoomId", "batchLoadings"."operatorId" AS "batchLoadings.operatorId", "batchLoadings"."boxesLoaded" AS "batchLoadings.boxesLoaded", "batchLoadings"."loadedAt" AS "batchLoadings.loadedAt", "batchLoadings"."notes" AS "batchLoadings.notes", "batchLoadings"."createdAt" AS "batchLoadings.createdAt", "batchLoadings"."updatedAt" AS "batchLoadings.updatedAt", "batchLoadings->pressingRoom"."id" AS "batchLoadings.pressingRoom.id", "batchLoadings->pressingRoom"."name" AS "batchLoadings.pressingRoom.name", "batchLoadings->operator"."id" AS "batchLoadings.operator.id", "batchLoadings->operator"."firstname" AS "batchLoadings.operator.firstname", "batchLoadings->operator"."lastname" AS "batchLoadings.operator.lastname", "batchLoadings->operator"."email" AS "batchLoadings.operator.email", "batchLoadings->pressingSession"."id" AS "batchLoadings.pressingSession.id", "batchLoadings->pressingSession"."start" AS "batchLoadings.pressingSession.start", "batchLoadings->pressingSession"."finish" AS "batchLoadings.pressingSession.finish" FROM "batches" AS "Batch" LEFT OUTER JOIN "clients" AS "client" ON "Batch"."clientId" = "client"."id" LEFT OUTER JOIN "oil_batches" AS "oilBatches" ON "Batch"."id" = "oilBatches"."batchId" LEFT OUTER JOIN "quality_tests" AS "oilBatches->qualityTests" ON "oilBatches"."id" = "oilBatches->qualityTests"."oil_batchId" LEFT OUTER JOIN "batch_loadings" AS "batchLoadings" ON "Batch"."id" = "batchLoadings"."batchId" LEFT OUTER JOIN "pressing_rooms" AS "batchLoadings->pressingRoom" ON "batchLoadings"."pressingRoomId" = "batchLoadings->pressingRoom"."id" LEFT OUTER JOIN "users" AS "batchLoadings->operator" ON "batchLoadings"."operatorId" = "batchLoadings->operator"."id" LEFT OUTER JOIN "pressing_sessions" AS "batchLoadings->pressingSession" ON "batchLoadings"."pressingSessionId" = "batchLoadings->pressingSession"."id" WHERE "Batch"."id" = '7';
Executing (default): SELECT "Batch"."id", "Batch"."clientId", "Batch"."priceId", "Batch"."date_received", "Batch"."weight_in", "Batch"."weight_out", "Batch"."net_weight", "Batch"."number_of_boxes", "Batch"."status", "Batch"."operation_type", "Batch"."pressing_room_id", "Batch"."session_start_time", "Batch"."estimated_time", "Batch"."ticket_number", "Batch"."bidons_brought", "Batch"."number_of_bidons", "Batch"."boxes_loaded_to_pressing", "Batch"."boxes_committed_to_queue", "Batch"."taux", "Batch"."createdAt", "Batch"."updatedAt", "client"."id" AS "client.id", "client"."firstname" AS "client.firstname", "client"."lastname" AS "client.lastname", "client"."phone" AS "client.phone", "client"."address" AS "client.address", "client"."createdAt" AS "client.createdAt", "client"."updatedAt" AS "client.updatedAt", "oilBatches"."id" AS "oilBatches.id", "oilBatches"."weight" AS "oilBatches.weight", "oilBatches"."residue" AS "oilBatches.residue", "oilBatches"."batchId" AS "oilBatches.batchId", "oilBatches"."pressing_sessionId" AS "oilBatches.pressing_sessionId", "oilBatches"."createdAt" AS "oilBatches.createdAt", "oilBatches"."updatedAt" AS "oilBatches.updatedAt", "oilBatches->qualityTests"."id" AS "oilBatches.qualityTests.id", "oilBatches->qualityTests"."oil_batchId" AS "oilBatches.qualityTests.oil_batchId", "oilBatches->qualityTests"."acidity_level" AS "oilBatches.qualityTests.acidity_level", "oilBatches->qualityTests"."grade" AS "oilBatches.qualityTests.grade", "oilBatches->qualityTests"."test_date" AS "oilBatches.qualityTests.test_date", "oilBatches->qualityTests"."tested_by_employeeId" AS "oilBatches.qualityTests.tested_by_employeeId", "oilBatches->qualityTests"."createdAt" AS "oilBatches.qualityTests.createdAt", "oilBatches->qualityTests"."updatedAt" AS "oilBatches.qualityTests.updatedAt", "batchLoadings"."id" AS "batchLoadings.id", "batchLoadings"."batchId" AS "batchLoadings.batchId", "batchLoadings"."pressingSessionId" AS "batchLoadings.pressingSessionId", "batchLoadings"."pressingRoomId" AS "batchLoadings.pressingRoomId", "batchLoadings"."operatorId" AS "batchLoadings.operatorId", "batchLoadings"."boxesLoaded" AS "batchLoadings.boxesLoaded", "batchLoadings"."loadedAt" AS "batchLoadings.loadedAt", "batchLoadings"."notes" AS "batchLoadings.notes", "batchLoadings"."createdAt" AS "batchLoadings.createdAt", "batchLoadings"."updatedAt" AS "batchLoadings.updatedAt", "batchLoadings->pressingRoom"."id" AS "batchLoadings.pressingRoom.id", "batchLoadings->pressingRoom"."name" AS "batchLoadings.pressingRoom.name", "batchLoadings->operator"."id" AS "batchLoadings.operator.id", "batchLoadings->operator"."firstname" AS "batchLoadings.operator.firstname", "batchLoadings->operator"."lastname" AS "batchLoadings.operator.lastname", "batchLoadings->operator"."email" AS "batchLoadings.operator.email", "batchLoadings->pressingSession"."id" AS "batchLoadings.pressingSession.id", "batchLoadings->pressingSession"."start" AS "batchLoadings.pressingSession.start", "batchLoadings->pressingSession"."finish" AS "batchLoadings.pressingSession.finish" FROM "batches" AS "Batch" LEFT OUTER JOIN "clients" AS "client" ON "Batch"."clientId" = "client"."id" LEFT OUTER JOIN "oil_batches" AS "oilBatches" ON "Batch"."id" = "oilBatches"."batchId" LEFT OUTER JOIN "quality_tests" AS "oilBatches->qualityTests" ON "oilBatches"."id" = "oilBatches->qualityTests"."oil_batchId" LEFT OUTER JOIN "batch_loadings" AS "batchLoadings" ON "Batch"."id" = "batchLoadings"."batchId" LEFT OUTER JOIN "pressing_rooms" AS "batchLoadings->pressingRoom" ON "batchLoadings"."pressingRoomId" = "batchLoadings->pressingRoom"."id" LEFT OUTER JOIN "users" AS "batchLoadings->operator" ON "batchLoadings"."operatorId" = "batchLoadings->operator"."id" LEFT OUTER JOIN "pressing_sessions" AS "batchLoadings->pressingSession" ON "batchLoadings"."pressingSessionId" = "batchLoadings->pressingSession"."id" WHERE "Batch"."id" = '7';
[2025-11-03T18:54:18.951Z] GET /api/batches/7 - ::1
Executing (default): SELECT "Batch"."id", "Batch"."clientId", "Batch"."priceId", "Batch"."date_received", "Batch"."weight_in", "Batch"."weight_out", "Batch"."net_weight", "Batch"."number_of_boxes", "Batch"."status", "Batch"."operation_type", "Batch"."pressing_room_id", "Batch"."session_start_time", "Batch"."estimated_time", "Batch"."ticket_number", "Batch"."bidons_brought", "Batch"."number_of_bidons", "Batch"."boxes_loaded_to_pressing", "Batch"."boxes_committed_to_queue", "Batch"."taux", "Batch"."createdAt", "Batch"."updatedAt", "client"."id" AS "client.id", "client"."firstname" AS "client.firstname", "client"."lastname" AS "client.lastname", "client"."phone" AS "client.phone", "client"."address" AS "client.address", "client"."createdAt" AS "client.createdAt", "client"."updatedAt" AS "client.updatedAt", "oilBatches"."id" AS "oilBatches.id", "oilBatches"."weight" AS "oilBatches.weight", "oilBatches"."residue" AS "oilBatches.residue", "oilBatches"."batchId" AS "oilBatches.batchId", "oilBatches"."pressing_sessionId" AS "oilBatches.pressing_sessionId", "oilBatches"."createdAt" AS "oilBatches.createdAt", "oilBatches"."updatedAt" AS "oilBatches.updatedAt", "oilBatches->qualityTests"."id" AS "oilBatches.qualityTests.id", "oilBatches->qualityTests"."oil_batchId" AS "oilBatches.qualityTests.oil_batchId", "oilBatches->qualityTests"."acidity_level" AS "oilBatches.qualityTests.acidity_level", "oilBatches->qualityTests"."grade" AS "oilBatches.qualityTests.grade", "oilBatches->qualityTests"."test_date" AS "oilBatches.qualityTests.test_date", "oilBatches->qualityTests"."tested_by_employeeId" AS "oilBatches.qualityTests.tested_by_employeeId", "oilBatches->qualityTests"."createdAt" AS "oilBatches.qualityTests.createdAt", "oilBatches->qualityTests"."updatedAt" AS "oilBatches.qualityTests.updatedAt", "batchLoadings"."id" AS "batchLoadings.id", "batchLoadings"."batchId" AS "batchLoadings.batchId", "batchLoadings"."pressingSessionId" AS "batchLoadings.pressingSessionId", "batchLoadings"."pressingRoomId" AS "batchLoadings.pressingRoomId", "batchLoadings"."operatorId" AS "batchLoadings.operatorId", "batchLoadings"."boxesLoaded" AS "batchLoadings.boxesLoaded", "batchLoadings"."loadedAt" AS "batchLoadings.loadedAt", "batchLoadings"."notes" AS "batchLoadings.notes", "batchLoadings"."createdAt" AS "batchLoadings.createdAt", "batchLoadings"."updatedAt" AS "batchLoadings.updatedAt", "batchLoadings->pressingRoom"."id" AS "batchLoadings.pressingRoom.id", "batchLoadings->pressingRoom"."name" AS "batchLoadings.pressingRoom.name", "batchLoadings->operator"."id" AS "batchLoadings.operator.id", "batchLoadings->operator"."firstname" AS "batchLoadings.operator.firstname", "batchLoadings->operator"."lastname" AS "batchLoadings.operator.lastname", "batchLoadings->operator"."email" AS "batchLoadings.operator.email", "batchLoadings->pressingSession"."id" AS "batchLoadings.pressingSession.id", "batchLoadings->pressingSession"."start" AS "batchLoadings.pressingSession.start", "batchLoadings->pressingSession"."finish" AS "batchLoadings.pressingSession.finish" FROM "batches" AS "Batch" LEFT OUTER JOIN "clients" AS "client" ON "Batch"."clientId" = "client"."id" LEFT OUTER JOIN "oil_batches" AS "oilBatches" ON "Batch"."id" = "oilBatches"."batchId" LEFT OUTER JOIN "quality_tests" AS "oilBatches->qualityTests" ON "oilBatches"."id" = "oilBatches->qualityTests"."oil_batchId" LEFT OUTER JOIN "batch_loadings" AS "batchLoadings" ON "Batch"."id" = "batchLoadings"."batchId" LEFT OUTER JOIN "pressing_rooms" AS "batchLoadings->pressingRoom" ON "batchLoadings"."pressingRoomId" = "batchLoadings->pressingRoom"."id" LEFT OUTER JOIN "users" AS "batchLoadings->operator" ON "batchLoadings"."operatorId" = "batchLoadings->operator"."id" LEFT OUTER JOIN "pressing_sessions" AS "batchLoadings->pressingSession" ON "batchLoadings"."pressingSessionId" = "batchLoadings->pressingSession"."id" WHERE "Batch"."id" = '7';
[2025-11-03T18:54:19.055Z] GET /api/batches/7 - ::1
Executing (default): SELECT "Batch"."id", "Batch"."clientId", "Batch"."priceId", "Batch"."date_received", "Batch"."weight_in", "Batch"."weight_out", "Batch"."net_weight", "Batch"."number_of_boxes", "Batch"."status", "Batch"."operation_type", "Batch"."pressing_room_id", "Batch"."session_start_time", "Batch"."estimated_time", "Batch"."ticket_number", "Batch"."bidons_brought", "Batch"."number_of_bidons", "Batch"."boxes_loaded_to_pressing", "Batch"."boxes_committed_to_queue", "Batch"."taux", "Batch"."createdAt", "Batch"."updatedAt", "client"."id" AS "client.id", "client"."firstname" AS "client.firstname", "client"."lastname" AS "client.lastname", "client"."phone" AS "client.phone", "client"."address" AS "client.address", "client"."createdAt" AS "client.createdAt", "client"."updatedAt" AS "client.updatedAt", "oilBatches"."id" AS "oilBatches.id", "oilBatches"."weight" AS "oilBatches.weight", "oilBatches"."residue" AS "oilBatches.residue", "oilBatches"."batchId" AS "oilBatches.batchId", "oilBatches"."pressing_sessionId" AS "oilBatches.pressing_sessionId", "oilBatches"."createdAt" AS "oilBatches.createdAt", "oilBatches"."updatedAt" AS "oilBatches.updatedAt", "oilBatches->qualityTests"."id" AS "oilBatches.qualityTests.id", "oilBatches->qualityTests"."oil_batchId" AS "oilBatches.qualityTests.oil_batchId", "oilBatches->qualityTests"."acidity_level" AS "oilBatches.qualityTests.acidity_level", "oilBatches->qualityTests"."grade" AS "oilBatches.qualityTests.grade", "oilBatches->qualityTests"."test_date" AS "oilBatches.qualityTests.test_date", "oilBatches->qualityTests"."tested_by_employeeId" AS "oilBatches.qualityTests.tested_by_employeeId", "oilBatches->qualityTests"."createdAt" AS "oilBatches.qualityTests.createdAt", "oilBatches->qualityTests"."updatedAt" AS "oilBatches.qualityTests.updatedAt", "batchLoadings"."id" AS "batchLoadings.id", "batchLoadings"."batchId" AS "batchLoadings.batchId", "batchLoadings"."pressingSessionId" AS "batchLoadings.pressingSessionId", "batchLoadings"."pressingRoomId" AS "batchLoadings.pressingRoomId", "batchLoadings"."operatorId" AS "batchLoadings.operatorId", "batchLoadings"."boxesLoaded" AS "batchLoadings.boxesLoaded", "batchLoadings"."loadedAt" AS "batchLoadings.loadedAt", "batchLoadings"."notes" AS "batchLoadings.notes", "batchLoadings"."createdAt" AS "batchLoadings.createdAt", "batchLoadings"."updatedAt" AS "batchLoadings.updatedAt", "batchLoadings->pressingRoom"."id" AS "batchLoadings.pressingRoom.id", "batchLoadings->pressingRoom"."name" AS "batchLoadings.pressingRoom.name", "batchLoadings->operator"."id" AS "batchLoadings.operator.id", "batchLoadings->operator"."firstname" AS "batchLoadings.operator.firstname", "batchLoadings->operator"."lastname" AS "batchLoadings.operator.lastname", "batchLoadings->operator"."email" AS "batchLoadings.operator.email", "batchLoadings->pressingSession"."id" AS "batchLoadings.pressingSession.id", "batchLoadings->pressingSession"."start" AS "batchLoadings.pressingSession.start", "batchLoadings->pressingSession"."finish" AS "batchLoadings.pressingSession.finish" FROM "batches" AS "Batch" LEFT OUTER JOIN "clients" AS "client" ON "Batch"."clientId" = "client"."id" LEFT OUTER JOIN "oil_batches" AS "oilBatches" ON "Batch"."id" = "oilBatches"."batchId" LEFT OUTER JOIN "quality_tests" AS "oilBatches->qualityTests" ON "oilBatches"."id" = "oilBatches->qualityTests"."oil_batchId" LEFT OUTER JOIN "batch_loadings" AS "batchLoadings" ON "Batch"."id" = "batchLoadings"."batchId" LEFT OUTER JOIN "pressing_rooms" AS "batchLoadings->pressingRoom" ON "batchLoadings"."pressingRoomId" = "batchLoadings->pressingRoom"."id" LEFT OUTER JOIN "users" AS "batchLoadings->operator" ON "batchLoadings"."operatorId" = "batchLoadings->operator"."id" LEFT OUTER JOIN "pressing_sessions" AS "batchLoadings->pressingSession" ON "batchLoadings"."pressingSessionId" = "batchLoadings->pressingSession"."id" WHERE "Batch"."id" = '7';
[2025-11-03T18:54:19.059Z] GET /api/batches/7 - ::1
Executing (default): SELECT "Batch"."id", "Batch"."clientId", "Batch"."priceId", "Batch"."date_received", "Batch"."weight_in", "Batch"."weight_out", "Batch"."net_weight", "Batch"."number_of_boxes", "Batch"."status", "Batch"."operation_type", "Batch"."pressing_room_id", "Batch"."session_start_time", "Batch"."estimated_time", "Batch"."ticket_number", "Batch"."bidons_brought", "Batch"."number_of_bidons", "Batch"."boxes_loaded_to_pressing", "Batch"."boxes_committed_to_queue", "Batch"."taux", "Batch"."createdAt", "Batch"."updatedAt", "client"."id" AS "client.id", "client"."firstname" AS "client.firstname", "client"."lastname" AS "client.lastname", "client"."phone" AS "client.phone", "client"."address" AS "client.address", "client"."createdAt" AS "client.createdAt", "client"."updatedAt" AS "client.updatedAt", "oilBatches"."id" AS "oilBatches.id", "oilBatches"."weight" AS "oilBatches.weight", "oilBatches"."residue" AS "oilBatches.residue", "oilBatches"."batchId" AS "oilBatches.batchId", "oilBatches"."pressing_sessionId" AS "oilBatches.pressing_sessionId", "oilBatches"."createdAt" AS "oilBatches.createdAt", "oilBatches"."updatedAt" AS "oilBatches.updatedAt", "oilBatches->qualityTests"."id" AS "oilBatches.qualityTests.id", "oilBatches->qualityTests"."oil_batchId" AS "oilBatches.qualityTests.oil_batchId", "oilBatches->qualityTests"."acidity_level" AS "oilBatches.qualityTests.acidity_level", "oilBatches->qualityTests"."grade" AS "oilBatches.qualityTests.grade", "oilBatches->qualityTests"."test_date" AS "oilBatches.qualityTests.test_date", "oilBatches->qualityTests"."tested_by_employeeId" AS "oilBatches.qualityTests.tested_by_employeeId", "oilBatches->qualityTests"."createdAt" AS "oilBatches.qualityTests.createdAt", "oilBatches->qualityTests"."updatedAt" AS "oilBatches.qualityTests.updatedAt", "batchLoadings"."id" AS "batchLoadings.id", "batchLoadings"."batchId" AS "batchLoadings.batchId", "batchLoadings"."pressingSessionId" AS "batchLoadings.pressingSessionId", "batchLoadings"."pressingRoomId" AS "batchLoadings.pressingRoomId", "batchLoadings"."operatorId" AS "batchLoadings.operatorId", "batchLoadings"."boxesLoaded" AS "batchLoadings.boxesLoaded", "batchLoadings"."loadedAt" AS "batchLoadings.loadedAt", "batchLoadings"."notes" AS "batchLoadings.notes", "batchLoadings"."createdAt" AS "batchLoadings.createdAt", "batchLoadings"."updatedAt" AS "batchLoadings.updatedAt", "batchLoadings->pressingRoom"."id" AS "batchLoadings.pressingRoom.id", "batchLoadings->pressingRoom"."name" AS "batchLoadings.pressingRoom.name", "batchLoadings->operator"."id" AS "batchLoadings.operator.id", "batchLoadings->operator"."firstname" AS "batchLoadings.operator.firstname", "batchLoadings->operator"."lastname" AS "batchLoadings.operator.lastname", "batchLoadings->operator"."email" AS "batchLoadings.operator.email", "batchLoadings->pressingSession"."id" AS "batchLoadings.pressingSession.id", "batchLoadings->pressingSession"."start" AS "batchLoadings.pressingSession.start", "batchLoadings->pressingSession"."finish" AS "batchLoadings.pressingSession.finish" FROM "batches" AS "Batch" LEFT OUTER JOIN "clients" AS "client" ON "Batch"."clientId" = "client"."id" LEFT OUTER JOIN "oil_batches" AS "oilBatches" ON "Batch"."id" = "oilBatches"."batchId" LEFT OUTER JOIN "quality_tests" AS "oilBatches->qualityTests" ON "oilBatches"."id" = "oilBatches->qualityTests"."oil_batchId" LEFT OUTER JOIN "batch_loadings" AS "batchLoadings" ON "Batch"."id" = "batchLoadings"."batchId" LEFT OUTER JOIN "pressing_rooms" AS "batchLoadings->pressingRoom" ON "batchLoadings"."pressingRoomId" = "batchLoadings->pressingRoom"."id" LEFT OUTER JOIN "users" AS "batchLoadings->operator" ON "batchLoadings"."operatorId" = "batchLoadings->operator"."id" LEFT OUTER JOIN "pressing_sessions" AS "batchLoadings->pressingSession" ON "batchLoadings"."pressingSessionId" = "batchLoadings->pressingSession"."id" WHERE "Batch"."id" = '7';
[2025-11-03T18:54:19.174Z] GET /api/pressing-queue/partially-queued - ::1
Executing (default): SELECT "QueuerSession"."id", "QueuerSession"."queueId", "QueuerSession"."currentBatchId", "QueuerSession"."totalBoxes", "QueuerSession"."boxesQueued", "QueuerSession"."startedAt", "QueuerSession"."completedAt", "QueuerSession"."status", "QueuerSession"."createdAt", "QueuerSession"."updatedAt", "batch"."id" AS "batch.id", "batch"."clientId" AS "batch.clientId", "batch"."priceId" AS "batch.priceId", "batch"."date_received" AS "batch.date_received", "batch"."weight_in" AS "batch.weight_in", "batch"."weight_out" AS "batch.weight_out", "batch"."net_weight" AS "batch.net_weight", "batch"."number_of_boxes" AS "batch.number_of_boxes", "batch"."status" AS "batch.status", "batch"."operation_type" AS "batch.operation_type", "batch"."pressing_room_id" AS "batch.pressing_room_id", "batch"."session_start_time" AS "batch.session_start_time", "batch"."estimated_time" AS "batch.estimated_time", "batch"."ticket_number" AS "batch.ticket_number", "batch"."bidons_brought" AS "batch.bidons_brought", "batch"."number_of_bidons" AS "batch.number_of_bidons", "batch"."boxes_loaded_to_pressing" AS "batch.boxes_loaded_to_pressing", "batch"."boxes_committed_to_queue" AS "batch.boxes_committed_to_queue", "batch"."taux" AS "batch.taux", "batch"."createdAt" AS "batch.createdAt", "batch"."updatedAt" AS "batch.updatedAt", "batch->client"."id" AS "batch.client.id", "batch->client"."firstname" AS "batch.client.firstname", "batch->client"."lastname" AS "batch.client.lastname", "batch->client"."phone" AS "batch.client.phone", "batch->client"."address" AS "batch.client.address", "batch->client"."createdAt" AS "batch.client.createdAt", "batch->client"."updatedAt" AS "batch.client.updatedAt", "queuer"."id" AS "queuer.id", "queuer"."firstname" AS "queuer.firstname", "queuer"."lastname" AS "queuer.lastname" FROM "queuer_sessions" AS "QueuerSession" LEFT OUTER JOIN "batches" AS "batch" ON "QueuerSession"."currentBatchId" = "batch"."id" LEFT OUTER JOIN "clients" AS "batch->client" ON "batch"."clientId" = "batch->client"."id" LEFT OUTER JOIN "users" AS "queuer" ON "QueuerSession"."queueId" = "queuer"."id" WHERE "QueuerSession"."status" = 'active' ORDER BY "QueuerSession"."updatedAt" DESC;
[2025-11-03T18:54:19.182Z] GET /api/pressing-queue/partially-queued - ::1
[2025-11-03T18:54:19.183Z] GET /api/pressing-queue/partially-queued - ::1
Executing (default): SELECT "QueuerSession"."id", "QueuerSession"."queueId", "QueuerSession"."currentBatchId", "QueuerSession"."totalBoxes", "QueuerSession"."boxesQueued", "QueuerSession"."startedAt", "QueuerSession"."completedAt", "QueuerSession"."status", "QueuerSession"."createdAt", "QueuerSession"."updatedAt", "batch"."id" AS "batch.id", "batch"."clientId" AS "batch.clientId", "batch"."priceId" AS "batch.priceId", "batch"."date_received" AS "batch.date_received", "batch"."weight_in" AS "batch.weight_in", "batch"."weight_out" AS "batch.weight_out", "batch"."net_weight" AS "batch.net_weight", "batch"."number_of_boxes" AS "batch.number_of_boxes", "batch"."status" AS "batch.status", "batch"."operation_type" AS "batch.operation_type", "batch"."pressing_room_id" AS "batch.pressing_room_id", "batch"."session_start_time" AS "batch.session_start_time", "batch"."estimated_time" AS "batch.estimated_time", "batch"."ticket_number" AS "batch.ticket_number", "batch"."bidons_brought" AS "batch.bidons_brought", "batch"."number_of_bidons" AS "batch.number_of_bidons", "batch"."boxes_loaded_to_pressing" AS "batch.boxes_loaded_to_pressing", "batch"."boxes_committed_to_queue" AS "batch.boxes_committed_to_queue", "batch"."taux" AS "batch.taux", "batch"."createdAt" AS "batch.createdAt", "batch"."updatedAt" AS "batch.updatedAt", "batch->client"."id" AS "batch.client.id", "batch->client"."firstname" AS "batch.client.firstname", "batch->client"."lastname" AS "batch.client.lastname", "batch->client"."phone" AS "batch.client.phone", "batch->client"."address" AS "batch.client.address", "batch->client"."createdAt" AS "batch.client.createdAt", "batch->client"."updatedAt" AS "batch.client.updatedAt", "queuer"."id" AS "queuer.id", "queuer"."firstname" AS "queuer.firstname", "queuer"."lastname" AS "queuer.lastname" FROM "queuer_sessions" AS "QueuerSession" LEFT OUTER JOIN "batches" AS "batch" ON "QueuerSession"."currentBatchId" = "batch"."id" LEFT OUTER JOIN "clients" AS "batch->client" ON "batch"."clientId" = "batch->client"."id" LEFT OUTER JOIN "users" AS "queuer" ON "QueuerSession"."queueId" = "queuer"."id" WHERE "QueuerSession"."status" = 'active' ORDER BY "QueuerSession"."updatedAt" DESC;
Executing (default): SELECT "QueuerSession"."id", "QueuerSession"."queueId", "QueuerSession"."currentBatchId", "QueuerSession"."totalBoxes", "QueuerSession"."boxesQueued", "QueuerSession"."startedAt", "QueuerSession"."completedAt", "QueuerSession"."status", "QueuerSession"."createdAt", "QueuerSession"."updatedAt", "batch"."id" AS "batch.id", "batch"."clientId" AS "batch.clientId", "batch"."priceId" AS "batch.priceId", "batch"."date_received" AS "batch.date_received", "batch"."weight_in" AS "batch.weight_in", "batch"."weight_out" AS "batch.weight_out", "batch"."net_weight" AS "batch.net_weight", "batch"."number_of_boxes" AS "batch.number_of_boxes", "batch"."status" AS "batch.status", "batch"."operation_type" AS "batch.operation_type", "batch"."pressing_room_id" AS "batch.pressing_room_id", "batch"."session_start_time" AS "batch.session_start_time", "batch"."estimated_time" AS "batch.estimated_time", "batch"."ticket_number" AS "batch.ticket_number", "batch"."bidons_brought" AS "batch.bidons_brought", "batch"."number_of_bidons" AS "batch.number_of_bidons", "batch"."boxes_loaded_to_pressing" AS "batch.boxes_loaded_to_pressing", "batch"."boxes_committed_to_queue" AS "batch.boxes_committed_to_queue", "batch"."taux" AS "batch.taux", "batch"."createdAt" AS "batch.createdAt", "batch"."updatedAt" AS "batch.updatedAt", "batch->client"."id" AS "batch.client.id", "batch->client"."firstname" AS "batch.client.firstname", "batch->client"."lastname" AS "batch.client.lastname", "batch->client"."phone" AS "batch.client.phone", "batch->client"."address" AS "batch.client.address", "batch->client"."createdAt" AS "batch.client.createdAt", "batch->client"."updatedAt" AS "batch.client.updatedAt", "queuer"."id" AS "queuer.id", "queuer"."firstname" AS "queuer.firstname", "queuer"."lastname" AS "queuer.lastname" FROM "queuer_sessions" AS "QueuerSession" LEFT OUTER JOIN "batches" AS "batch" ON "QueuerSession"."currentBatchId" = "batch"."id" LEFT OUTER JOIN "clients" AS "batch->client" ON "batch"."clientId" = "batch->client"."id" LEFT OUTER JOIN "users" AS "queuer" ON "QueuerSession"."queueId" = "queuer"."id" WHERE "QueuerSession"."status" = 'active' ORDER BY "QueuerSession"."updatedAt" DESC;
[2025-11-03T18:54:19.245Z] GET /api/pressing-queue/partially-queued - ::1
[2025-11-03T18:54:19.246Z] GET /api/pressing-queue/partially-queued - ::1
Executing (default): SELECT "QueuerSession"."id", "QueuerSession"."queueId", "QueuerSession"."currentBatchId", "QueuerSession"."totalBoxes", "QueuerSession"."boxesQueued", "QueuerSession"."startedAt", "QueuerSession"."completedAt", "QueuerSession"."status", "QueuerSession"."createdAt", "QueuerSession"."updatedAt", "batch"."id" AS "batch.id", "batch"."clientId" AS "batch.clientId", "batch"."priceId" AS "batch.priceId", "batch"."date_received" AS "batch.date_received", "batch"."weight_in" AS "batch.weight_in", "batch"."weight_out" AS "batch.weight_out", "batch"."net_weight" AS "batch.net_weight", "batch"."number_of_boxes" AS "batch.number_of_boxes", "batch"."status" AS "batch.status", "batch"."operation_type" AS "batch.operation_type", "batch"."pressing_room_id" AS "batch.pressing_room_id", "batch"."session_start_time" AS "batch.session_start_time", "batch"."estimated_time" AS "batch.estimated_time", "batch"."ticket_number" AS "batch.ticket_number", "batch"."bidons_brought" AS "batch.bidons_brought", "batch"."number_of_bidons" AS "batch.number_of_bidons", "batch"."boxes_loaded_to_pressing" AS "batch.boxes_loaded_to_pressing", "batch"."boxes_committed_to_queue" AS "batch.boxes_committed_to_queue", "batch"."taux" AS "batch.taux", "batch"."createdAt" AS "batch.createdAt", "batch"."updatedAt" AS "batch.updatedAt", "batch->client"."id" AS "batch.client.id", "batch->client"."firstname" AS "batch.client.firstname", "batch->client"."lastname" AS "batch.client.lastname", "batch->client"."phone" AS "batch.client.phone", "batch->client"."address" AS "batch.client.address", "batch->client"."createdAt" AS "batch.client.createdAt", "batch->client"."updatedAt" AS "batch.client.updatedAt", "queuer"."id" AS "queuer.id", "queuer"."firstname" AS "queuer.firstname", "queuer"."lastname" AS "queuer.lastname" FROM "queuer_sessions" AS "QueuerSession" LEFT OUTER JOIN "batches" AS "batch" ON "QueuerSession"."currentBatchId" = "batch"."id" LEFT OUTER JOIN "clients" AS "batch->client" ON "batch"."clientId" = "batch->client"."id" LEFT OUTER JOIN "users" AS "queuer" ON "QueuerSession"."queueId" = "queuer"."id" WHERE "QueuerSession"."status" = 'active' ORDER BY "QueuerSession"."updatedAt" DESC;
Executing (default): SELECT "QueuerSession"."id", "QueuerSession"."queueId", "QueuerSession"."currentBatchId", "QueuerSession"."totalBoxes", "QueuerSession"."boxesQueued", "QueuerSession"."startedAt", "QueuerSession"."completedAt", "QueuerSession"."status", "QueuerSession"."createdAt", "QueuerSession"."updatedAt", "batch"."id" AS "batch.id", "batch"."clientId" AS "batch.clientId", "batch"."priceId" AS "batch.priceId", "batch"."date_received" AS "batch.date_received", "batch"."weight_in" AS "batch.weight_in", "batch"."weight_out" AS "batch.weight_out", "batch"."net_weight" AS "batch.net_weight", "batch"."number_of_boxes" AS "batch.number_of_boxes", "batch"."status" AS "batch.status", "batch"."operation_type" AS "batch.operation_type", "batch"."pressing_room_id" AS "batch.pressing_room_id", "batch"."session_start_time" AS "batch.session_start_time", "batch"."estimated_time" AS "batch.estimated_time", "batch"."ticket_number" AS "batch.ticket_number", "batch"."bidons_brought" AS "batch.bidons_brought", "batch"."number_of_bidons" AS "batch.number_of_bidons", "batch"."boxes_loaded_to_pressing" AS "batch.boxes_loaded_to_pressing", "batch"."boxes_committed_to_queue" AS "batch.boxes_committed_to_queue", "batch"."taux" AS "batch.taux", "batch"."createdAt" AS "batch.createdAt", "batch"."updatedAt" AS "batch.updatedAt", "batch->client"."id" AS "batch.client.id", "batch->client"."firstname" AS "batch.client.firstname", "batch->client"."lastname" AS "batch.client.lastname", "batch->client"."phone" AS "batch.client.phone", "batch->client"."address" AS "batch.client.address", "batch->client"."createdAt" AS "batch.client.createdAt", "batch->client"."updatedAt" AS "batch.client.updatedAt", "queuer"."id" AS "queuer.id", "queuer"."firstname" AS "queuer.firstname", "queuer"."lastname" AS "queuer.lastname" FROM "queuer_sessions" AS "QueuerSession" LEFT OUTER JOIN "batches" AS "batch" ON "QueuerSession"."currentBatchId" = "batch"."id" LEFT OUTER JOIN "clients" AS "batch->client" ON "batch"."clientId" = "batch->client"."id" LEFT OUTER JOIN "users" AS "queuer" ON "QueuerSession"."queueId" = "queuer"."id" WHERE "QueuerSession"."status" = 'active' ORDER BY "QueuerSession"."updatedAt" DESC;
[2025-11-03T18:54:19.254Z] GET /api/pressing-queue/partially-queued - ::1
Executing (default): SELECT "QueuerSession"."id", "QueuerSession"."queueId", "QueuerSession"."currentBatchId", "QueuerSession"."totalBoxes", "QueuerSession"."boxesQueued", "QueuerSession"."startedAt", "QueuerSession"."completedAt", "QueuerSession"."status", "QueuerSession"."createdAt", "QueuerSession"."updatedAt", "batch"."id" AS "batch.id", "batch"."clientId" AS "batch.clientId", "batch"."priceId" AS "batch.priceId", "batch"."date_received" AS "batch.date_received", "batch"."weight_in" AS "batch.weight_in", "batch"."weight_out" AS "batch.weight_out", "batch"."net_weight" AS "batch.net_weight", "batch"."number_of_boxes" AS "batch.number_of_boxes", "batch"."status" AS "batch.status", "batch"."operation_type" AS "batch.operation_type", "batch"."pressing_room_id" AS "batch.pressing_room_id", "batch"."session_start_time" AS "batch.session_start_time", "batch"."estimated_time" AS "batch.estimated_time", "batch"."ticket_number" AS "batch.ticket_number", "batch"."bidons_brought" AS "batch.bidons_brought", "batch"."number_of_bidons" AS "batch.number_of_bidons", "batch"."boxes_loaded_to_pressing" AS "batch.boxes_loaded_to_pressing", "batch"."boxes_committed_to_queue" AS "batch.boxes_committed_to_queue", "batch"."taux" AS "batch.taux", "batch"."createdAt" AS "batch.createdAt", "batch"."updatedAt" AS "batch.updatedAt", "batch->client"."id" AS "batch.client.id", "batch->client"."firstname" AS "batch.client.firstname", "batch->client"."lastname" AS "batch.client.lastname", "batch->client"."phone" AS "batch.client.phone", "batch->client"."address" AS "batch.client.address", "batch->client"."createdAt" AS "batch.client.createdAt", "batch->client"."updatedAt" AS "batch.client.updatedAt", "queuer"."id" AS "queuer.id", "queuer"."firstname" AS "queuer.firstname", "queuer"."lastname" AS "queuer.lastname" FROM "queuer_sessions" AS "QueuerSession" LEFT OUTER JOIN "batches" AS "batch" ON "QueuerSession"."currentBatchId" = "batch"."id" LEFT OUTER JOIN "clients" AS "batch->client" ON "batch"."clientId" = "batch->client"."id" LEFT OUTER JOIN "users" AS "queuer" ON "QueuerSession"."queueId" = "queuer"."id" WHERE "QueuerSession"."status" = 'active' ORDER BY "QueuerSession"."updatedAt" DESC;
[2025-11-03T18:54:19.262Z] GET /api/pressing-queue/partially-queued - ::1
Executing (default): SELECT "QueuerSession"."id", "QueuerSession"."queueId", "QueuerSession"."currentBatchId", "QueuerSession"."totalBoxes", "QueuerSession"."boxesQueued", "QueuerSession"."startedAt", "QueuerSession"."completedAt", "QueuerSession"."status", "QueuerSession"."createdAt", "QueuerSession"."updatedAt", "batch"."id" AS "batch.id", "batch"."clientId" AS "batch.clientId", "batch"."priceId" AS "batch.priceId", "batch"."date_received" AS "batch.date_received", "batch"."weight_in" AS "batch.weight_in", "batch"."weight_out" AS "batch.weight_out", "batch"."net_weight" AS "batch.net_weight", "batch"."number_of_boxes" AS "batch.number_of_boxes", "batch"."status" AS "batch.status", "batch"."operation_type" AS "batch.operation_type", "batch"."pressing_room_id" AS "batch.pressing_room_id", "batch"."session_start_time" AS "batch.session_start_time", "batch"."estimated_time" AS "batch.estimated_time", "batch"."ticket_number" AS "batch.ticket_number", "batch"."bidons_brought" AS "batch.bidons_brought", "batch"."number_of_bidons" AS "batch.number_of_bidons", "batch"."boxes_loaded_to_pressing" AS "batch.boxes_loaded_to_pressing", "batch"."boxes_committed_to_queue" AS "batch.boxes_committed_to_queue", "batch"."taux" AS "batch.taux", "batch"."createdAt" AS "batch.createdAt", "batch"."updatedAt" AS "batch.updatedAt", "batch->client"."id" AS "batch.client.id", "batch->client"."firstname" AS "batch.client.firstname", "batch->client"."lastname" AS "batch.client.lastname", "batch->client"."phone" AS "batch.client.phone", "batch->client"."address" AS "batch.client.address", "batch->client"."createdAt" AS "batch.client.createdAt", "batch->client"."updatedAt" AS "batch.client.updatedAt", "queuer"."id" AS "queuer.id", "queuer"."firstname" AS "queuer.firstname", "queuer"."lastname" AS "queuer.lastname" FROM "queuer_sessions" AS "QueuerSession" LEFT OUTER JOIN "batches" AS "batch" ON "QueuerSession"."currentBatchId" = "batch"."id" LEFT OUTER JOIN "clients" AS "batch->client" ON "batch"."clientId" = "batch->client"."id" LEFT OUTER JOIN "users" AS "queuer" ON "QueuerSession"."queueId" = "queuer"."id" WHERE "QueuerSession"."status" = 'active' ORDER BY "QueuerSession"."updatedAt" DESC;
[2025-11-03T18:54:19.267Z] GET /api/pressing-queue/partially-queued - ::1
Executing (default): SELECT "QueuerSession"."id", "QueuerSession"."queueId", "QueuerSession"."currentBatchId", "QueuerSession"."totalBoxes", "QueuerSession"."boxesQueued", "QueuerSession"."startedAt", "QueuerSession"."completedAt", "QueuerSession"."status", "QueuerSession"."createdAt", "QueuerSession"."updatedAt", "batch"."id" AS "batch.id", "batch"."clientId" AS "batch.clientId", "batch"."priceId" AS "batch.priceId", "batch"."date_received" AS "batch.date_received", "batch"."weight_in" AS "batch.weight_in", "batch"."weight_out" AS "batch.weight_out", "batch"."net_weight" AS "batch.net_weight", "batch"."number_of_boxes" AS "batch.number_of_boxes", "batch"."status" AS "batch.status", "batch"."operation_type" AS "batch.operation_type", "batch"."pressing_room_id" AS "batch.pressing_room_id", "batch"."session_start_time" AS "batch.session_start_time", "batch"."estimated_time" AS "batch.estimated_time", "batch"."ticket_number" AS "batch.ticket_number", "batch"."bidons_brought" AS "batch.bidons_brought", "batch"."number_of_bidons" AS "batch.number_of_bidons", "batch"."boxes_loaded_to_pressing" AS "batch.boxes_loaded_to_pressing", "batch"."boxes_committed_to_queue" AS "batch.boxes_committed_to_queue", "batch"."taux" AS "batch.taux", "batch"."createdAt" AS "batch.createdAt", "batch"."updatedAt" AS "batch.updatedAt", "batch->client"."id" AS "batch.client.id", "batch->client"."firstname" AS "batch.client.firstname", "batch->client"."lastname" AS "batch.client.lastname", "batch->client"."phone" AS "batch.client.phone", "batch->client"."address" AS "batch.client.address", "batch->client"."createdAt" AS "batch.client.createdAt", "batch->client"."updatedAt" AS "batch.client.updatedAt", "queuer"."id" AS "queuer.id", "queuer"."firstname" AS "queuer.firstname", "queuer"."lastname" AS "queuer.lastname" FROM "queuer_sessions" AS "QueuerSession" LEFT OUTER JOIN "batches" AS "batch" ON "QueuerSession"."currentBatchId" = "batch"."id" LEFT OUTER JOIN "clients" AS "batch->client" ON "batch"."clientId" = "batch->client"."id" LEFT OUTER JOIN "users" AS "queuer" ON "QueuerSession"."queueId" = "queuer"."id" WHERE "QueuerSession"."status" = 'active' ORDER BY "QueuerSession"."updatedAt" DESC;
[2025-11-03T18:54:33.725Z] POST /api/auth/login - ::1
[2025-11-03T18:54:33.725Z] Request body: {
  "email": "operator@gmail.com"
}
Executing (default): SELECT "id", "email", "password", "role", "firstname", "lastname", "createdAt", "updatedAt" FROM "users" AS "User" WHERE "User"."email" = 'operator@gmail.com';
[2025-11-03T18:54:35.626Z] GET /api/batches/7 - ::1
Executing (default): SELECT "Batch"."id", "Batch"."clientId", "Batch"."priceId", "Batch"."date_received", "Batch"."weight_in", "Batch"."weight_out", "Batch"."net_weight", "Batch"."number_of_boxes", "Batch"."status", "Batch"."operation_type", "Batch"."pressing_room_id", "Batch"."session_start_time", "Batch"."estimated_time", "Batch"."ticket_number", "Batch"."bidons_brought", "Batch"."number_of_bidons", "Batch"."boxes_loaded_to_pressing", "Batch"."boxes_committed_to_queue", "Batch"."taux", "Batch"."createdAt", "Batch"."updatedAt", "client"."id" AS "client.id", "client"."firstname" AS "client.firstname", "client"."lastname" AS "client.lastname", "client"."phone" AS "client.phone", "client"."address" AS "client.address", "client"."createdAt" AS "client.createdAt", "client"."updatedAt" AS "client.updatedAt", "oilBatches"."id" AS "oilBatches.id", "oilBatches"."weight" AS "oilBatches.weight", "oilBatches"."residue" AS "oilBatches.residue", "oilBatches"."batchId" AS "oilBatches.batchId", "oilBatches"."pressing_sessionId" AS "oilBatches.pressing_sessionId", "oilBatches"."createdAt" AS "oilBatches.createdAt", "oilBatches"."updatedAt" AS "oilBatches.updatedAt", "oilBatches->qualityTests"."id" AS "oilBatches.qualityTests.id", "oilBatches->qualityTests"."oil_batchId" AS "oilBatches.qualityTests.oil_batchId", "oilBatches->qualityTests"."acidity_level" AS "oilBatches.qualityTests.acidity_level", "oilBatches->qualityTests"."grade" AS "oilBatches.qualityTests.grade", "oilBatches->qualityTests"."test_date" AS "oilBatches.qualityTests.test_date", "oilBatches->qualityTests"."tested_by_employeeId" AS "oilBatches.qualityTests.tested_by_employeeId", "oilBatches->qualityTests"."createdAt" AS "oilBatches.qualityTests.createdAt", "oilBatches->qualityTests"."updatedAt" AS "oilBatches.qualityTests.updatedAt", "batchLoadings"."id" AS "batchLoadings.id", "batchLoadings"."batchId" AS "batchLoadings.batchId", "batchLoadings"."pressingSessionId" AS "batchLoadings.pressingSessionId", "batchLoadings"."pressingRoomId" AS "batchLoadings.pressingRoomId", "batchLoadings"."operatorId" AS "batchLoadings.operatorId", "batchLoadings"."boxesLoaded" AS "batchLoadings.boxesLoaded", "batchLoadings"."loadedAt" AS "batchLoadings.loadedAt", "batchLoadings"."notes" AS "batchLoadings.notes", "batchLoadings"."createdAt" AS "batchLoadings.createdAt", "batchLoadings"."updatedAt" AS "batchLoadings.updatedAt", "batchLoadings->pressingRoom"."id" AS "batchLoadings.pressingRoom.id", "batchLoadings->pressingRoom"."name" AS "batchLoadings.pressingRoom.name", "batchLoadings->operator"."id" AS "batchLoadings.operator.id", "batchLoadings->operator"."firstname" AS "batchLoadings.operator.firstname", "batchLoadings->operator"."lastname" AS "batchLoadings.operator.lastname", "batchLoadings->operator"."email" AS "batchLoadings.operator.email", "batchLoadings->pressingSession"."id" AS "batchLoadings.pressingSession.id", "batchLoadings->pressingSession"."start" AS "batchLoadings.pressingSession.start", "batchLoadings->pressingSession"."finish" AS "batchLoadings.pressingSession.finish" FROM "batches" AS "Batch" LEFT OUTER JOIN "clients" AS "client" ON "Batch"."clientId" = "client"."id" LEFT OUTER JOIN "oil_batches" AS "oilBatches" ON "Batch"."id" = "oilBatches"."batchId" LEFT OUTER JOIN "quality_tests" AS "oilBatches->qualityTests" ON "oilBatches"."id" = "oilBatches->qualityTests"."oil_batchId" LEFT OUTER JOIN "batch_loadings" AS "batchLoadings" ON "Batch"."id" = "batchLoadings"."batchId" LEFT OUTER JOIN "pressing_rooms" AS "batchLoadings->pressingRoom" ON "batchLoadings"."pressingRoomId" = "batchLoadings->pressingRoom"."id" LEFT OUTER JOIN "users" AS "batchLoadings->operator" ON "batchLoadings"."operatorId" = "batchLoadings->operator"."id" LEFT OUTER JOIN "pressing_sessions" AS "batchLoadings->pressingSession" ON "batchLoadings"."pressingSessionId" = "batchLoadings->pressingSession"."id" WHERE "Batch"."id" = '7';
[2025-11-03T18:54:35.672Z] GET /api/batches/7 - ::1
Executing (default): SELECT "Batch"."id", "Batch"."clientId", "Batch"."priceId", "Batch"."date_received", "Batch"."weight_in", "Batch"."weight_out", "Batch"."net_weight", "Batch"."number_of_boxes", "Batch"."status", "Batch"."operation_type", "Batch"."pressing_room_id", "Batch"."session_start_time", "Batch"."estimated_time", "Batch"."ticket_number", "Batch"."bidons_brought", "Batch"."number_of_bidons", "Batch"."boxes_loaded_to_pressing", "Batch"."boxes_committed_to_queue", "Batch"."taux", "Batch"."createdAt", "Batch"."updatedAt", "client"."id" AS "client.id", "client"."firstname" AS "client.firstname", "client"."lastname" AS "client.lastname", "client"."phone" AS "client.phone", "client"."address" AS "client.address", "client"."createdAt" AS "client.createdAt", "client"."updatedAt" AS "client.updatedAt", "oilBatches"."id" AS "oilBatches.id", "oilBatches"."weight" AS "oilBatches.weight", "oilBatches"."residue" AS "oilBatches.residue", "oilBatches"."batchId" AS "oilBatches.batchId", "oilBatches"."pressing_sessionId" AS "oilBatches.pressing_sessionId", "oilBatches"."createdAt" AS "oilBatches.createdAt", "oilBatches"."updatedAt" AS "oilBatches.updatedAt", "oilBatches->qualityTests"."id" AS "oilBatches.qualityTests.id", "oilBatches->qualityTests"."oil_batchId" AS "oilBatches.qualityTests.oil_batchId", "oilBatches->qualityTests"."acidity_level" AS "oilBatches.qualityTests.acidity_level", "oilBatches->qualityTests"."grade" AS "oilBatches.qualityTests.grade", "oilBatches->qualityTests"."test_date" AS "oilBatches.qualityTests.test_date", "oilBatches->qualityTests"."tested_by_employeeId" AS "oilBatches.qualityTests.tested_by_employeeId", "oilBatches->qualityTests"."createdAt" AS "oilBatches.qualityTests.createdAt", "oilBatches->qualityTests"."updatedAt" AS "oilBatches.qualityTests.updatedAt", "batchLoadings"."id" AS "batchLoadings.id", "batchLoadings"."batchId" AS "batchLoadings.batchId", "batchLoadings"."pressingSessionId" AS "batchLoadings.pressingSessionId", "batchLoadings"."pressingRoomId" AS "batchLoadings.pressingRoomId", "batchLoadings"."operatorId" AS "batchLoadings.operatorId", "batchLoadings"."boxesLoaded" AS "batchLoadings.boxesLoaded", "batchLoadings"."loadedAt" AS "batchLoadings.loadedAt", "batchLoadings"."notes" AS "batchLoadings.notes", "batchLoadings"."createdAt" AS "batchLoadings.createdAt", "batchLoadings"."updatedAt" AS "batchLoadings.updatedAt", "batchLoadings->pressingRoom"."id" AS "batchLoadings.pressingRoom.id", "batchLoadings->pressingRoom"."name" AS "batchLoadings.pressingRoom.name", "batchLoadings->operator"."id" AS "batchLoadings.operator.id", "batchLoadings->operator"."firstname" AS "batchLoadings.operator.firstname", "batchLoadings->operator"."lastname" AS "batchLoadings.operator.lastname", "batchLoadings->operator"."email" AS "batchLoadings.operator.email", "batchLoadings->pressingSession"."id" AS "batchLoadings.pressingSession.id", "batchLoadings->pressingSession"."start" AS "batchLoadings.pressingSession.start", "batchLoadings->pressingSession"."finish" AS "batchLoadings.pressingSession.finish" FROM "batches" AS "Batch" LEFT OUTER JOIN "clients" AS "client" ON "Batch"."clientId" = "client"."id" LEFT OUTER JOIN "oil_batches" AS "oilBatches" ON "Batch"."id" = "oilBatches"."batchId" LEFT OUTER JOIN "quality_tests" AS "oilBatches->qualityTests" ON "oilBatches"."id" = "oilBatches->qualityTests"."oil_batchId" LEFT OUTER JOIN "batch_loadings" AS "batchLoadings" ON "Batch"."id" = "batchLoadings"."batchId" LEFT OUTER JOIN "pressing_rooms" AS "batchLoadings->pressingRoom" ON "batchLoadings"."pressingRoomId" = "batchLoadings->pressingRoom"."id" LEFT OUTER JOIN "users" AS "batchLoadings->operator" ON "batchLoadings"."operatorId" = "batchLoadings->operator"."id" LEFT OUTER JOIN "pressing_sessions" AS "batchLoadings->pressingSession" ON "batchLoadings"."pressingSessionId" = "batchLoadings->pressingSession"."id" WHERE "Batch"."id" = '7';
[2025-11-03T18:54:35.973Z] GET /api/pressing-queue/partially-queued - ::1
Executing (default): SELECT "QueuerSession"."id", "QueuerSession"."queueId", "QueuerSession"."currentBatchId", "QueuerSession"."totalBoxes", "QueuerSession"."boxesQueued", "QueuerSession"."startedAt", "QueuerSession"."completedAt", "QueuerSession"."status", "QueuerSession"."createdAt", "QueuerSession"."updatedAt", "batch"."id" AS "batch.id", "batch"."clientId" AS "batch.clientId", "batch"."priceId" AS "batch.priceId", "batch"."date_received" AS "batch.date_received", "batch"."weight_in" AS "batch.weight_in", "batch"."weight_out" AS "batch.weight_out", "batch"."net_weight" AS "batch.net_weight", "batch"."number_of_boxes" AS "batch.number_of_boxes", "batch"."status" AS "batch.status", "batch"."operation_type" AS "batch.operation_type", "batch"."pressing_room_id" AS "batch.pressing_room_id", "batch"."session_start_time" AS "batch.session_start_time", "batch"."estimated_time" AS "batch.estimated_time", "batch"."ticket_number" AS "batch.ticket_number", "batch"."bidons_brought" AS "batch.bidons_brought", "batch"."number_of_bidons" AS "batch.number_of_bidons", "batch"."boxes_loaded_to_pressing" AS "batch.boxes_loaded_to_pressing", "batch"."boxes_committed_to_queue" AS "batch.boxes_committed_to_queue", "batch"."taux" AS "batch.taux", "batch"."createdAt" AS "batch.createdAt", "batch"."updatedAt" AS "batch.updatedAt", "batch->client"."id" AS "batch.client.id", "batch->client"."firstname" AS "batch.client.firstname", "batch->client"."lastname" AS "batch.client.lastname", "batch->client"."phone" AS "batch.client.phone", "batch->client"."address" AS "batch.client.address", "batch->client"."createdAt" AS "batch.client.createdAt", "batch->client"."updatedAt" AS "batch.client.updatedAt", "queuer"."id" AS "queuer.id", "queuer"."firstname" AS "queuer.firstname", "queuer"."lastname" AS "queuer.lastname" FROM "queuer_sessions" AS "QueuerSession" LEFT OUTER JOIN "batches" AS "batch" ON "QueuerSession"."currentBatchId" = "batch"."id" LEFT OUTER JOIN "clients" AS "batch->client" ON "batch"."clientId" = "batch->client"."id" LEFT OUTER JOIN "users" AS "queuer" ON "QueuerSession"."queueId" = "queuer"."id" WHERE "QueuerSession"."status" = 'active' ORDER BY "QueuerSession"."updatedAt" DESC;
[2025-11-03T18:54:36.012Z] GET /api/pressing-queue/partially-queued - ::1
Executing (default): SELECT "QueuerSession"."id", "QueuerSession"."queueId", "QueuerSession"."currentBatchId", "QueuerSession"."totalBoxes", "QueuerSession"."boxesQueued", "QueuerSession"."startedAt", "QueuerSession"."completedAt", "QueuerSession"."status", "QueuerSession"."createdAt", "QueuerSession"."updatedAt", "batch"."id" AS "batch.id", "batch"."clientId" AS "batch.clientId", "batch"."priceId" AS "batch.priceId", "batch"."date_received" AS "batch.date_received", "batch"."weight_in" AS "batch.weight_in", "batch"."weight_out" AS "batch.weight_out", "batch"."net_weight" AS "batch.net_weight", "batch"."number_of_boxes" AS "batch.number_of_boxes", "batch"."status" AS "batch.status", "batch"."operation_type" AS "batch.operation_type", "batch"."pressing_room_id" AS "batch.pressing_room_id", "batch"."session_start_time" AS "batch.session_start_time", "batch"."estimated_time" AS "batch.estimated_time", "batch"."ticket_number" AS "batch.ticket_number", "batch"."bidons_brought" AS "batch.bidons_brought", "batch"."number_of_bidons" AS "batch.number_of_bidons", "batch"."boxes_loaded_to_pressing" AS "batch.boxes_loaded_to_pressing", "batch"."boxes_committed_to_queue" AS "batch.boxes_committed_to_queue", "batch"."taux" AS "batch.taux", "batch"."createdAt" AS "batch.createdAt", "batch"."updatedAt" AS "batch.updatedAt", "batch->client"."id" AS "batch.client.id", "batch->client"."firstname" AS "batch.client.firstname", "batch->client"."lastname" AS "batch.client.lastname", "batch->client"."phone" AS "batch.client.phone", "batch->client"."address" AS "batch.client.address", "batch->client"."createdAt" AS "batch.client.createdAt", "batch->client"."updatedAt" AS "batch.client.updatedAt", "queuer"."id" AS "queuer.id", "queuer"."firstname" AS "queuer.firstname", "queuer"."lastname" AS "queuer.lastname" FROM "queuer_sessions" AS "QueuerSession" LEFT OUTER JOIN "batches" AS "batch" ON "QueuerSession"."currentBatchId" = "batch"."id" LEFT OUTER JOIN "clients" AS "batch->client" ON "batch"."clientId" = "batch->client"."id" LEFT OUTER JOIN "users" AS "queuer" ON "QueuerSession"."queueId" = "queuer"."id" WHERE "QueuerSession"."status" = 'active' ORDER BY "QueuerSession"."updatedAt" DESC;
[2025-11-03T18:54:38.786Z] GET /api/pressing-rooms/display-data - ::1
Executing (default): SELECT "id", "name", "capacity", "createdAt", "updatedAt" FROM "pressing_rooms" AS "PressingRoom" ORDER BY "PressingRoom"."id" ASC;
Executing (default): SELECT "PressingSession"."id", "PressingSession"."start", "PressingSession"."finish", "PressingSession"."number_of_boxes", "PressingSession"."pressing_roomID", "PressingSession"."batch_id", "PressingSession"."status", "PressingSession"."oil_bidons_produced", "PressingSession"."createdAt", "PressingSession"."updatedAt", "batch"."id" AS "batch.id", "batch"."clientId" AS "batch.clientId", "batch"."priceId" AS "batch.priceId", "batch"."date_received" AS "batch.date_received", "batch"."weight_in" AS "batch.weight_in", "batch"."weight_out" AS "batch.weight_out", "batch"."net_weight" AS "batch.net_weight", "batch"."number_of_boxes" AS "batch.number_of_boxes", "batch"."status" AS "batch.status", "batch"."operation_type" AS "batch.operation_type", "batch"."pressing_room_id" AS "batch.pressing_room_id", "batch"."session_start_time" AS "batch.session_start_time", "batch"."estimated_time" AS "batch.estimated_time", "batch"."ticket_number" AS "batch.ticket_number", "batch"."bidons_brought" AS "batch.bidons_brought", "batch"."number_of_bidons" AS "batch.number_of_bidons", "batch"."boxes_loaded_to_pressing" AS "batch.boxes_loaded_to_pressing", "batch"."boxes_committed_to_queue" AS "batch.boxes_committed_to_queue", "batch"."taux" AS "batch.taux", "batch"."createdAt" AS "batch.createdAt", "batch"."updatedAt" AS "batch.updatedAt", "batch->client"."id" AS "batch.client.id", "batch->client"."firstname" AS "batch.client.firstname", "batch->client"."lastname" AS "batch.client.lastname" FROM "pressing_sessions" AS "PressingSession" LEFT OUTER JOIN "batches" AS "batch" ON "PressingSession"."batch_id" = "batch"."id" LEFT OUTER JOIN "clients" AS "batch->client" ON "batch"."clientId" = "batch->client"."id" WHERE "PressingSession"."finish" IS NULL AND "PressingSession"."status" = 'active';
[2025-11-03T18:54:51.647Z] POST /api/auth/login - ::1
[2025-11-03T18:54:51.647Z] Request body: {
  "email": "queuer@gmail.com"
}
Executing (default): SELECT "id", "email", "password", "role", "firstname", "lastname", "createdAt", "updatedAt" FROM "users" AS "User" WHERE "User"."email" = 'queuer@gmail.com';
[2025-11-03T18:54:52.089Z] GET /api/pressing-queue/partially-queued - ::1
[2025-11-03T18:54:52.089Z] GET /api/pressing-queue/partially-queued - ::1
Executing (default): SELECT "QueuerSession"."id", "QueuerSession"."queueId", "QueuerSession"."currentBatchId", "QueuerSession"."totalBoxes", "QueuerSession"."boxesQueued", "QueuerSession"."startedAt", "QueuerSession"."completedAt", "QueuerSession"."status", "QueuerSession"."createdAt", "QueuerSession"."updatedAt", "batch"."id" AS "batch.id", "batch"."clientId" AS "batch.clientId", "batch"."priceId" AS "batch.priceId", "batch"."date_received" AS "batch.date_received", "batch"."weight_in" AS "batch.weight_in", "batch"."weight_out" AS "batch.weight_out", "batch"."net_weight" AS "batch.net_weight", "batch"."number_of_boxes" AS "batch.number_of_boxes", "batch"."status" AS "batch.status", "batch"."operation_type" AS "batch.operation_type", "batch"."pressing_room_id" AS "batch.pressing_room_id", "batch"."session_start_time" AS "batch.session_start_time", "batch"."estimated_time" AS "batch.estimated_time", "batch"."ticket_number" AS "batch.ticket_number", "batch"."bidons_brought" AS "batch.bidons_brought", "batch"."number_of_bidons" AS "batch.number_of_bidons", "batch"."boxes_loaded_to_pressing" AS "batch.boxes_loaded_to_pressing", "batch"."boxes_committed_to_queue" AS "batch.boxes_committed_to_queue", "batch"."taux" AS "batch.taux", "batch"."createdAt" AS "batch.createdAt", "batch"."updatedAt" AS "batch.updatedAt", "batch->client"."id" AS "batch.client.id", "batch->client"."firstname" AS "batch.client.firstname", "batch->client"."lastname" AS "batch.client.lastname", "batch->client"."phone" AS "batch.client.phone", "batch->client"."address" AS "batch.client.address", "batch->client"."createdAt" AS "batch.client.createdAt", "batch->client"."updatedAt" AS "batch.client.updatedAt", "queuer"."id" AS "queuer.id", "queuer"."firstname" AS "queuer.firstname", "queuer"."lastname" AS "queuer.lastname" FROM "queuer_sessions" AS "QueuerSession" LEFT OUTER JOIN "batches" AS "batch" ON "QueuerSession"."currentBatchId" = "batch"."id" LEFT OUTER JOIN "clients" AS "batch->client" ON "batch"."clientId" = "batch->client"."id" LEFT OUTER JOIN "users" AS "queuer" ON "QueuerSession"."queueId" = "queuer"."id" WHERE "QueuerSession"."status" = 'active' ORDER BY "QueuerSession"."updatedAt" DESC;
Executing (default): SELECT "QueuerSession"."id", "QueuerSession"."queueId", "QueuerSession"."currentBatchId", "QueuerSession"."totalBoxes", "QueuerSession"."boxesQueued", "QueuerSession"."startedAt", "QueuerSession"."completedAt", "QueuerSession"."status", "QueuerSession"."createdAt", "QueuerSession"."updatedAt", "batch"."id" AS "batch.id", "batch"."clientId" AS "batch.clientId", "batch"."priceId" AS "batch.priceId", "batch"."date_received" AS "batch.date_received", "batch"."weight_in" AS "batch.weight_in", "batch"."weight_out" AS "batch.weight_out", "batch"."net_weight" AS "batch.net_weight", "batch"."number_of_boxes" AS "batch.number_of_boxes", "batch"."status" AS "batch.status", "batch"."operation_type" AS "batch.operation_type", "batch"."pressing_room_id" AS "batch.pressing_room_id", "batch"."session_start_time" AS "batch.session_start_time", "batch"."estimated_time" AS "batch.estimated_time", "batch"."ticket_number" AS "batch.ticket_number", "batch"."bidons_brought" AS "batch.bidons_brought", "batch"."number_of_bidons" AS "batch.number_of_bidons", "batch"."boxes_loaded_to_pressing" AS "batch.boxes_loaded_to_pressing", "batch"."boxes_committed_to_queue" AS "batch.boxes_committed_to_queue", "batch"."taux" AS "batch.taux", "batch"."createdAt" AS "batch.createdAt", "batch"."updatedAt" AS "batch.updatedAt", "batch->client"."id" AS "batch.client.id", "batch->client"."firstname" AS "batch.client.firstname", "batch->client"."lastname" AS "batch.client.lastname", "batch->client"."phone" AS "batch.client.phone", "batch->client"."address" AS "batch.client.address", "batch->client"."createdAt" AS "batch.client.createdAt", "batch->client"."updatedAt" AS "batch.client.updatedAt", "queuer"."id" AS "queuer.id", "queuer"."firstname" AS "queuer.firstname", "queuer"."lastname" AS "queuer.lastname" FROM "queuer_sessions" AS "QueuerSession" LEFT OUTER JOIN "batches" AS "batch" ON "QueuerSession"."currentBatchId" = "batch"."id" LEFT OUTER JOIN "clients" AS "batch->client" ON "batch"."clientId" = "batch->client"."id" LEFT OUTER JOIN "users" AS "queuer" ON "QueuerSession"."queueId" = "queuer"."id" WHERE "QueuerSession"."status" = 'active' ORDER BY "QueuerSession"."updatedAt" DESC;
[2025-11-03T18:54:59.066Z] GET /api/pressing-rooms - ::1
Executing (default): SELECT "id", "name", "capacity", "createdAt", "updatedAt" FROM "pressing_rooms" AS "PressingRoom" ORDER BY "PressingRoom"."createdAt" ASC;
Executing (default): SELECT "PressingSession"."id", "PressingSession"."start", "PressingSession"."finish", "PressingSession"."number_of_boxes", "PressingSession"."pressing_roomID", "PressingSession"."batch_id", "PressingSession"."status", "PressingSession"."oil_bidons_produced", "PressingSession"."createdAt", "PressingSession"."updatedAt", "batch"."id" AS "batch.id", "batch"."clientId" AS "batch.clientId", "batch"."priceId" AS "batch.priceId", "batch"."date_received" AS "batch.date_received", "batch"."weight_in" AS "batch.weight_in", "batch"."weight_out" AS "batch.weight_out", "batch"."net_weight" AS "batch.net_weight", "batch"."number_of_boxes" AS "batch.number_of_boxes", "batch"."status" AS "batch.status", "batch"."operation_type" AS "batch.operation_type", "batch"."pressing_room_id" AS "batch.pressing_room_id", "batch"."session_start_time" AS "batch.session_start_time", "batch"."estimated_time" AS "batch.estimated_time", "batch"."ticket_number" AS "batch.ticket_number", "batch"."bidons_brought" AS "batch.bidons_brought", "batch"."number_of_bidons" AS "batch.number_of_bidons", "batch"."boxes_loaded_to_pressing" AS "batch.boxes_loaded_to_pressing", "batch"."boxes_committed_to_queue" AS "batch.boxes_committed_to_queue", "batch"."taux" AS "batch.taux", "batch"."createdAt" AS "batch.createdAt", "batch"."updatedAt" AS "batch.updatedAt", "batch->client"."id" AS "batch.client.id", "batch->client"."firstname" AS "batch.client.firstname", "batch->client"."lastname" AS "batch.client.lastname" FROM "pressing_sessions" AS "PressingSession" LEFT OUTER JOIN "batches" AS "batch" ON "PressingSession"."batch_id" = "batch"."id" LEFT OUTER JOIN "clients" AS "batch->client" ON "batch"."clientId" = "batch->client"."id" WHERE "PressingSession"."finish" IS NULL;
[2025-11-03T18:54:59.119Z] GET /api/dashboard/activity?limit=20 - ::1
Executing (default): SELECT "id", "clientId", "priceId", "date_received", "weight_in", "weight_out", "net_weight", "number_of_boxes", "status", "operation_type", "pressing_room_id", "session_start_time", "estimated_time", "ticket_number", "bidons_brought", "number_of_bidons", "boxes_loaded_to_pressing", "boxes_committed_to_queue", "taux", "createdAt", "updatedAt" FROM "batches" AS "Batch" ORDER BY "Batch"."createdAt" DESC LIMIT 20;
Executing (default): SELECT "id", "start", "finish", "number_of_boxes", "pressing_roomID", "batch_id", "status", "oil_bidons_produced", "createdAt", "updatedAt" FROM "pressing_sessions" AS "PressingSession" ORDER BY "PressingSession"."createdAt" DESC LIMIT 20;
Executing (default): SELECT "id", "firstname", "lastname", "phone", "address", "createdAt", "updatedAt" FROM "clients" AS "Client" ORDER BY "Client"."createdAt" DESC LIMIT 20;
[2025-11-03T18:54:59.126Z] GET /api/dashboard/overview - ::1
Executing (default): SELECT sum("weight") AS "sum" FROM "oil_batches" AS "OilBatch";
Executing (default): SELECT sum("number_of_boxes") AS "sum" FROM "pressing_sessions" AS "PressingSession" WHERE "PressingSession"."finish" IS NULL;
Executing (default): SELECT count(*) AS "count" FROM "clients" AS "Client";
Executing (default): SELECT count(*) AS "count" FROM "batches" AS "Batch" WHERE "Batch"."status" IN ('received', 'in_process');
Executing (default): SELECT count(*) AS "count" FROM "invoices" AS "Invoice" WHERE "Invoice"."status" IN ('draft', 'sent', 'overdue');
Executing (default): SELECT count(*) AS "count" FROM "quality_tests" AS "QualityTest";
Executing (default): SELECT count(*) AS "count" FROM "batches" AS "Batch" WHERE "Batch"."createdAt" >= '2025-11-02 23:00:00.000 +00:00';
Executing (default): SELECT count(*) AS "count" FROM "pressing_sessions" AS "PressingSession" WHERE "PressingSession"."finish" IS NULL;
Executing (default): SELECT "id", "clientId", "batchId", "amount", "status", "issue_date", "due_date", "notes", "createdAt", "updatedAt" FROM "invoices" AS "Invoice" WHERE "Invoice"."status" = 'paid';
[2025-11-03T18:55:00.233Z] GET /api/prices?latest=true - ::1
[2025-11-03T18:55:00.235Z] GET /api/clients - ::1
Executing (default): SELECT "id", "date", "milling_price_per_kg", "oil_client_selling_price_per_kg", "oil_export_selling_price_per_kg", "olive_buying_price_per_kg", "empty_bidon_price", "createdAt", "updatedAt" FROM "prices" AS "Price" ORDER BY "Price"."createdAt" DESC LIMIT 1;
Executing (default): SELECT count("Client"."id") AS "count" FROM "clients" AS "Client" LEFT OUTER JOIN "batches" AS "batches" ON "Client"."id" = "batches"."clientId";
Executing (default): SELECT "Client".*, "batches"."id" AS "batches.id", "batches"."date_received" AS "batches.date_received", "batches"."status" AS "batches.status" FROM (SELECT "Client"."id", "Client"."firstname", "Client"."lastname", "Client"."phone", "Client"."address", "Client"."createdAt", "Client"."updatedAt" FROM "clients" AS "Client" ORDER BY "Client"."createdAt" DESC LIMIT 10 OFFSET 0) AS "Client" LEFT OUTER JOIN "batches" AS "batches" ON "Client"."id" = "batches"."clientId" ORDER BY "Client"."createdAt" DESC;
[2025-11-03T18:55:00.243Z] GET /api/batches?page=1&limit=5 - ::1
[2025-11-03T18:55:00.244Z] GET /api/batches/next-ticket-number?date=2025-11-03 - ::1
Executing (default): SELECT "ticket_number" FROM "batches" AS "Batch" WHERE ("Batch"."date_received" >= '2025-11-02 23:00:00.000 +00:00' AND "Batch"."date_received" <= '2025-11-03 22:59:59.999 +00:00') ORDER BY "Batch"."date_received" DESC;
Executing (default): SELECT count(*) AS "count" FROM "batches" AS "Batch";
Executing (default): SELECT "Batch".*, "client"."id" AS "client.id", "client"."firstname" AS "client.firstname", "client"."lastname" AS "client.lastname", "price"."id" AS "price.id", "price"."date" AS "price.date", "price"."milling_price_per_kg" AS "price.milling_price_per_kg", "price"."oil_client_selling_price_per_kg" AS "price.oil_client_selling_price_per_kg", "price"."oil_export_selling_price_per_kg" AS "price.oil_export_selling_price_per_kg", "price"."olive_buying_price_per_kg" AS "price.olive_buying_price_per_kg", "price"."empty_bidon_price" AS "price.empty_bidon_price", "price"."createdAt" AS "price.createdAt", "price"."updatedAt" AS "price.updatedAt", "pressingRoom"."id" AS "pressingRoom.id", "pressingRoom"."name" AS "pressingRoom.name", "oilBatches"."id" AS "oilBatches.id", "oilBatches"."weight" AS "oilBatches.weight", "oilBatches"."residue" AS "oilBatches.residue", "oilBatches"."batchId" AS "oilBatches.batchId", "oilBatches"."pressing_sessionId" AS "oilBatches.pressing_sessionId", "oilBatches"."createdAt" AS "oilBatches.createdAt", "oilBatches"."updatedAt" AS "oilBatches.updatedAt", "batchLoadings"."id" AS "batchLoadings.id", "batchLoadings"."batchId" AS "batchLoadings.batchId", "batchLoadings"."pressingSessionId" AS "batchLoadings.pressingSessionId", "batchLoadings"."pressingRoomId" AS "batchLoadings.pressingRoomId", "batchLoadings"."operatorId" AS "batchLoadings.operatorId", "batchLoadings"."boxesLoaded" AS "batchLoadings.boxesLoaded", "batchLoadings"."loadedAt" AS "batchLoadings.loadedAt", "batchLoadings"."notes" AS "batchLoadings.notes", "batchLoadings"."createdAt" AS "batchLoadings.createdAt", "batchLoadings"."updatedAt" AS "batchLoadings.updatedAt", "batchLoadings->pressingRoom"."id" AS "batchLoadings.pressingRoom.id", "batchLoadings->pressingRoom"."name" AS "batchLoadings.pressingRoom.name", "batchLoadings->operator"."id" AS "batchLoadings.operator.id", "batchLoadings->operator"."firstname" AS "batchLoadings.operator.firstname", "batchLoadings->operator"."lastname" AS "batchLoadings.operator.lastname", "batchLoadings->operator"."email" AS "batchLoadings.operator.email" FROM (SELECT "Batch"."id", "Batch"."clientId", "Batch"."priceId", "Batch"."date_received", "Batch"."weight_in", "Batch"."weight_out", "Batch"."net_weight", "Batch"."number_of_boxes", "Batch"."status", "Batch"."operation_type", "Batch"."pressing_room_id", "Batch"."session_start_time", "Batch"."estimated_time", "Batch"."ticket_number", "Batch"."bidons_brought", "Batch"."number_of_bidons", "Batch"."boxes_loaded_to_pressing", "Batch"."boxes_committed_to_queue", "Batch"."taux", "Batch"."createdAt", "Batch"."updatedAt" FROM "batches" AS "Batch" ORDER BY "Batch"."date_received" DESC LIMIT 5 OFFSET 0) AS "Batch" LEFT OUTER JOIN "clients" AS "client" ON "Batch"."clientId" = "client"."id" LEFT OUTER JOIN "prices" AS "price" ON "Batch"."priceId" = "price"."id" LEFT OUTER JOIN "pressing_rooms" AS "pressingRoom" ON "Batch"."pressing_room_id" = "pressingRoom"."id" LEFT OUTER JOIN "oil_batches" AS "oilBatches" ON "Batch"."id" = "oilBatches"."batchId" LEFT OUTER JOIN "batch_loadings" AS "batchLoadings" ON "Batch"."id" = "batchLoadings"."batchId" LEFT OUTER JOIN "pressing_rooms" AS "batchLoadings->pressingRoom" ON "batchLoadings"."pressingRoomId" = "batchLoadings->pressingRoom"."id" LEFT OUTER JOIN "users" AS "batchLoadings->operator" ON "batchLoadings"."operatorId" = "batchLoadings->operator"."id" ORDER BY "Batch"."date_received" DESC;
[2025-11-03T18:55:01.986Z] GET /api/oil-batches?batchId=16 - ::1
Executing (default): SELECT "OilBatch"."id", "OilBatch"."weight", "OilBatch"."residue", "OilBatch"."batchId", "OilBatch"."pressing_sessionId", "OilBatch"."createdAt", "OilBatch"."updatedAt", "batch"."id" AS "batch.id", "batch"."clientId" AS "batch.clientId", "batch"."priceId" AS "batch.priceId", "batch"."date_received" AS "batch.date_received", "batch"."weight_in" AS "batch.weight_in", "batch"."weight_out" AS "batch.weight_out", "batch"."net_weight" AS "batch.net_weight", "batch"."number_of_boxes" AS "batch.number_of_boxes", "batch"."status" AS "batch.status", "batch"."operation_type" AS "batch.operation_type", "batch"."pressing_room_id" AS "batch.pressing_room_id", "batch"."session_start_time" AS "batch.session_start_time", "batch"."estimated_time" AS "batch.estimated_time", "batch"."ticket_number" AS "batch.ticket_number", "batch"."bidons_brought" AS "batch.bidons_brought", "batch"."number_of_bidons" AS "batch.number_of_bidons", "batch"."boxes_loaded_to_pressing" AS "batch.boxes_loaded_to_pressing", "batch"."boxes_committed_to_queue" AS "batch.boxes_committed_to_queue", "batch"."taux" AS "batch.taux", "batch"."createdAt" AS "batch.createdAt", "batch"."updatedAt" AS "batch.updatedAt", "batch->client"."id" AS "batch.client.id", "batch->client"."firstname" AS "batch.client.firstname", "batch->client"."lastname" AS "batch.client.lastname", "batch->client"."phone" AS "batch.client.phone", "batch->client"."address" AS "batch.client.address", "batch->client"."createdAt" AS "batch.client.createdAt", "batch->client"."updatedAt" AS "batch.client.updatedAt", "pressingSession"."id" AS "pressingSession.id", "pressingSession"."start" AS "pressingSession.start", "pressingSession"."finish" AS "pressingSession.finish", "pressingSession"."number_of_boxes" AS "pressingSession.number_of_boxes", "pressingSession"."pressing_roomID" AS "pressingSession.pressing_roomID", "pressingSession"."batch_id" AS "pressingSession.batch_id", "pressingSession"."status" AS "pressingSession.status", "pressingSession"."oil_bidons_produced" AS "pressingSession.oil_bidons_produced", "pressingSession"."createdAt" AS "pressingSession.createdAt", "pressingSession"."updatedAt" AS "pressingSession.updatedAt", "qualityTests"."id" AS "qualityTests.id", "qualityTests"."oil_batchId" AS "qualityTests.oil_batchId", "qualityTests"."acidity_level" AS "qualityTests.acidity_level", "qualityTests"."grade" AS "qualityTests.grade", "qualityTests"."test_date" AS "qualityTests.test_date", "qualityTests"."tested_by_employeeId" AS "qualityTests.tested_by_employeeId", "qualityTests"."createdAt" AS "qualityTests.createdAt", "qualityTests"."updatedAt" AS "qualityTests.updatedAt", "containerOilBatches"."id" AS "containerOilBatches.id", "containerOilBatches"."containerContentId" AS "containerOilBatches.containerContentId", "containerOilBatches"."oilBatchId" AS "containerOilBatches.oilBatchId", "containerOilBatches"."weight" AS "containerOilBatches.weight", "containerOilBatches"."createdAt" AS "containerOilBatches.createdAt", "containerOilBatches"."updatedAt" AS "containerOilBatches.updatedAt" FROM "oil_batches" AS "OilBatch" LEFT OUTER JOIN "batches" AS "batch" ON "OilBatch"."batchId" = "batch"."id" LEFT OUTER JOIN "clients" AS "batch->client" ON "batch"."clientId" = "batch->client"."id" LEFT OUTER JOIN "pressing_sessions" AS "pressingSession" ON "OilBatch"."pressing_sessionId" = "pressingSession"."id" LEFT OUTER JOIN "quality_tests" AS "qualityTests" ON "OilBatch"."id" = "qualityTests"."oil_batchId" LEFT OUTER JOIN "container_oil_batches" AS "containerOilBatches" ON "OilBatch"."id" = "containerOilBatches"."oilBatchId" WHERE "OilBatch"."batchId" = 16 ORDER BY "OilBatch"."createdAt" DESC;
[2025-11-03T18:55:02.233Z] GET /api/oil-batches?batchId=16 - ::1
Executing (default): SELECT "OilBatch"."id", "OilBatch"."weight", "OilBatch"."residue", "OilBatch"."batchId", "OilBatch"."pressing_sessionId", "OilBatch"."createdAt", "OilBatch"."updatedAt", "batch"."id" AS "batch.id", "batch"."clientId" AS "batch.clientId", "batch"."priceId" AS "batch.priceId", "batch"."date_received" AS "batch.date_received", "batch"."weight_in" AS "batch.weight_in", "batch"."weight_out" AS "batch.weight_out", "batch"."net_weight" AS "batch.net_weight", "batch"."number_of_boxes" AS "batch.number_of_boxes", "batch"."status" AS "batch.status", "batch"."operation_type" AS "batch.operation_type", "batch"."pressing_room_id" AS "batch.pressing_room_id", "batch"."session_start_time" AS "batch.session_start_time", "batch"."estimated_time" AS "batch.estimated_time", "batch"."ticket_number" AS "batch.ticket_number", "batch"."bidons_brought" AS "batch.bidons_brought", "batch"."number_of_bidons" AS "batch.number_of_bidons", "batch"."boxes_loaded_to_pressing" AS "batch.boxes_loaded_to_pressing", "batch"."boxes_committed_to_queue" AS "batch.boxes_committed_to_queue", "batch"."taux" AS "batch.taux", "batch"."createdAt" AS "batch.createdAt", "batch"."updatedAt" AS "batch.updatedAt", "batch->client"."id" AS "batch.client.id", "batch->client"."firstname" AS "batch.client.firstname", "batch->client"."lastname" AS "batch.client.lastname", "batch->client"."phone" AS "batch.client.phone", "batch->client"."address" AS "batch.client.address", "batch->client"."createdAt" AS "batch.client.createdAt", "batch->client"."updatedAt" AS "batch.client.updatedAt", "pressingSession"."id" AS "pressingSession.id", "pressingSession"."start" AS "pressingSession.start", "pressingSession"."finish" AS "pressingSession.finish", "pressingSession"."number_of_boxes" AS "pressingSession.number_of_boxes", "pressingSession"."pressing_roomID" AS "pressingSession.pressing_roomID", "pressingSession"."batch_id" AS "pressingSession.batch_id", "pressingSession"."status" AS "pressingSession.status", "pressingSession"."oil_bidons_produced" AS "pressingSession.oil_bidons_produced", "pressingSession"."createdAt" AS "pressingSession.createdAt", "pressingSession"."updatedAt" AS "pressingSession.updatedAt", "qualityTests"."id" AS "qualityTests.id", "qualityTests"."oil_batchId" AS "qualityTests.oil_batchId", "qualityTests"."acidity_level" AS "qualityTests.acidity_level", "qualityTests"."grade" AS "qualityTests.grade", "qualityTests"."test_date" AS "qualityTests.test_date", "qualityTests"."tested_by_employeeId" AS "qualityTests.tested_by_employeeId", "qualityTests"."createdAt" AS "qualityTests.createdAt", "qualityTests"."updatedAt" AS "qualityTests.updatedAt", "containerOilBatches"."id" AS "containerOilBatches.id", "containerOilBatches"."containerContentId" AS "containerOilBatches.containerContentId", "containerOilBatches"."oilBatchId" AS "containerOilBatches.oilBatchId", "containerOilBatches"."weight" AS "containerOilBatches.weight", "containerOilBatches"."createdAt" AS "containerOilBatches.createdAt", "containerOilBatches"."updatedAt" AS "containerOilBatches.updatedAt" FROM "oil_batches" AS "OilBatch" LEFT OUTER JOIN "batches" AS "batch" ON "OilBatch"."batchId" = "batch"."id" LEFT OUTER JOIN "clients" AS "batch->client" ON "batch"."clientId" = "batch->client"."id" LEFT OUTER JOIN "pressing_sessions" AS "pressingSession" ON "OilBatch"."pressing_sessionId" = "pressingSession"."id" LEFT OUTER JOIN "quality_tests" AS "qualityTests" ON "OilBatch"."id" = "qualityTests"."oil_batchId" LEFT OUTER JOIN "container_oil_batches" AS "containerOilBatches" ON "OilBatch"."id" = "containerOilBatches"."oilBatchId" WHERE "OilBatch"."batchId" = 16 ORDER BY "OilBatch"."createdAt" DESC;
[2025-11-03T18:55:05.986Z] GET /api/batches/16 - ::1
Executing (default): SELECT "Batch"."id", "Batch"."clientId", "Batch"."priceId", "Batch"."date_received", "Batch"."weight_in", "Batch"."weight_out", "Batch"."net_weight", "Batch"."number_of_boxes", "Batch"."status", "Batch"."operation_type", "Batch"."pressing_room_id", "Batch"."session_start_time", "Batch"."estimated_time", "Batch"."ticket_number", "Batch"."bidons_brought", "Batch"."number_of_bidons", "Batch"."boxes_loaded_to_pressing", "Batch"."boxes_committed_to_queue", "Batch"."taux", "Batch"."createdAt", "Batch"."updatedAt", "client"."id" AS "client.id", "client"."firstname" AS "client.firstname", "client"."lastname" AS "client.lastname", "client"."phone" AS "client.phone", "client"."address" AS "client.address", "client"."createdAt" AS "client.createdAt", "client"."updatedAt" AS "client.updatedAt", "oilBatches"."id" AS "oilBatches.id", "oilBatches"."weight" AS "oilBatches.weight", "oilBatches"."residue" AS "oilBatches.residue", "oilBatches"."batchId" AS "oilBatches.batchId", "oilBatches"."pressing_sessionId" AS "oilBatches.pressing_sessionId", "oilBatches"."createdAt" AS "oilBatches.createdAt", "oilBatches"."updatedAt" AS "oilBatches.updatedAt", "oilBatches->qualityTests"."id" AS "oilBatches.qualityTests.id", "oilBatches->qualityTests"."oil_batchId" AS "oilBatches.qualityTests.oil_batchId", "oilBatches->qualityTests"."acidity_level" AS "oilBatches.qualityTests.acidity_level", "oilBatches->qualityTests"."grade" AS "oilBatches.qualityTests.grade", "oilBatches->qualityTests"."test_date" AS "oilBatches.qualityTests.test_date", "oilBatches->qualityTests"."tested_by_employeeId" AS "oilBatches.qualityTests.tested_by_employeeId", "oilBatches->qualityTests"."createdAt" AS "oilBatches.qualityTests.createdAt", "oilBatches->qualityTests"."updatedAt" AS "oilBatches.qualityTests.updatedAt", "batchLoadings"."id" AS "batchLoadings.id", "batchLoadings"."batchId" AS "batchLoadings.batchId", "batchLoadings"."pressingSessionId" AS "batchLoadings.pressingSessionId", "batchLoadings"."pressingRoomId" AS "batchLoadings.pressingRoomId", "batchLoadings"."operatorId" AS "batchLoadings.operatorId", "batchLoadings"."boxesLoaded" AS "batchLoadings.boxesLoaded", "batchLoadings"."loadedAt" AS "batchLoadings.loadedAt", "batchLoadings"."notes" AS "batchLoadings.notes", "batchLoadings"."createdAt" AS "batchLoadings.createdAt", "batchLoadings"."updatedAt" AS "batchLoadings.updatedAt", "batchLoadings->pressingRoom"."id" AS "batchLoadings.pressingRoom.id", "batchLoadings->pressingRoom"."name" AS "batchLoadings.pressingRoom.name", "batchLoadings->operator"."id" AS "batchLoadings.operator.id", "batchLoadings->operator"."firstname" AS "batchLoadings.operator.firstname", "batchLoadings->operator"."lastname" AS "batchLoadings.operator.lastname", "batchLoadings->operator"."email" AS "batchLoadings.operator.email", "batchLoadings->pressingSession"."id" AS "batchLoadings.pressingSession.id", "batchLoadings->pressingSession"."start" AS "batchLoadings.pressingSession.start", "batchLoadings->pressingSession"."finish" AS "batchLoadings.pressingSession.finish" FROM "batches" AS "Batch" LEFT OUTER JOIN "clients" AS "client" ON "Batch"."clientId" = "client"."id" LEFT OUTER JOIN "oil_batches" AS "oilBatches" ON "Batch"."id" = "oilBatches"."batchId" LEFT OUTER JOIN "quality_tests" AS "oilBatches->qualityTests" ON "oilBatches"."id" = "oilBatches->qualityTests"."oil_batchId" LEFT OUTER JOIN "batch_loadings" AS "batchLoadings" ON "Batch"."id" = "batchLoadings"."batchId" LEFT OUTER JOIN "pressing_rooms" AS "batchLoadings->pressingRoom" ON "batchLoadings"."pressingRoomId" = "batchLoadings->pressingRoom"."id" LEFT OUTER JOIN "users" AS "batchLoadings->operator" ON "batchLoadings"."operatorId" = "batchLoadings->operator"."id" LEFT OUTER JOIN "pressing_sessions" AS "batchLoadings->pressingSession" ON "batchLoadings"."pressingSessionId" = "batchLoadings->pressingSession"."id" WHERE "Batch"."id" = '16';
[2025-11-03T18:55:06.270Z] GET /api/pressing-sessions?batchId=16 - ::1
Executing (default): SELECT "PressingSession"."id", "PressingSession"."start", "PressingSession"."finish", "PressingSession"."number_of_boxes", "PressingSession"."pressing_roomID", "PressingSession"."batch_id", "PressingSession"."status", "PressingSession"."oil_bidons_produced", "PressingSession"."createdAt", "PressingSession"."updatedAt", "pressingRoom"."id" AS "pressingRoom.id", "pressingRoom"."name" AS "pressingRoom.name", "pressingRoom"."capacity" AS "pressingRoom.capacity", "pressingRoom"."createdAt" AS "pressingRoom.createdAt", "pressingRoom"."updatedAt" AS "pressingRoom.updatedAt", "oilBatches"."id" AS "oilBatches.id", "oilBatches"."weight" AS "oilBatches.weight", "oilBatches"."residue" AS "oilBatches.residue", "oilBatches"."batchId" AS "oilBatches.batchId", "oilBatches"."pressing_sessionId" AS "oilBatches.pressing_sessionId", "oilBatches"."createdAt" AS "oilBatches.createdAt", "oilBatches"."updatedAt" AS "oilBatches.updatedAt" FROM "pressing_sessions" AS "PressingSession" LEFT OUTER JOIN "pressing_rooms" AS "pressingRoom" ON "PressingSession"."pressing_roomID" = "pressingRoom"."id" LEFT OUTER JOIN "oil_batches" AS "oilBatches" ON "PressingSession"."id" = "oilBatches"."pressing_sessionId" ORDER BY "PressingSession"."start" DESC;
[2025-11-03T18:55:06.548Z] GET /api/batch-loadings?batchId=16 - ::1
Executing (default): SELECT count("BatchLoading"."id") AS "count" FROM "batch_loadings" AS "BatchLoading" LEFT OUTER JOIN "batches" AS "batch" ON "BatchLoading"."batchId" = "batch"."id" LEFT OUTER JOIN "clients" AS "batch->client" ON "batch"."clientId" = "batch->client"."id" LEFT OUTER JOIN "pressing_sessions" AS "pressingSession" ON "BatchLoading"."pressingSessionId" = "pressingSession"."id" LEFT OUTER JOIN "pressing_rooms" AS "pressingRoom" ON "BatchLoading"."pressingRoomId" = "pressingRoom"."id" LEFT OUTER JOIN "users" AS "operator" ON "BatchLoading"."operatorId" = "operator"."id" WHERE "BatchLoading"."batchId" = 16;
Executing (default): SELECT "BatchLoading"."id", "BatchLoading"."batchId", "BatchLoading"."pressingSessionId", "BatchLoading"."pressingRoomId", "BatchLoading"."operatorId", "BatchLoading"."boxesLoaded", "BatchLoading"."loadedAt", "BatchLoading"."notes", "BatchLoading"."createdAt", "BatchLoading"."updatedAt", "batch"."id" AS "batch.id", "batch"."clientId" AS "batch.clientId", "batch"."priceId" AS "batch.priceId", "batch"."date_received" AS "batch.date_received", "batch"."weight_in" AS "batch.weight_in", "batch"."weight_out" AS "batch.weight_out", "batch"."net_weight" AS "batch.net_weight", "batch"."number_of_boxes" AS "batch.number_of_boxes", "batch"."status" AS "batch.status", "batch"."operation_type" AS "batch.operation_type", "batch"."pressing_room_id" AS "batch.pressing_room_id", "batch"."session_start_time" AS "batch.session_start_time", "batch"."estimated_time" AS "batch.estimated_time", "batch"."ticket_number" AS "batch.ticket_number", "batch"."bidons_brought" AS "batch.bidons_brought", "batch"."number_of_bidons" AS "batch.number_of_bidons", "batch"."boxes_loaded_to_pressing" AS "batch.boxes_loaded_to_pressing", "batch"."boxes_committed_to_queue" AS "batch.boxes_committed_to_queue", "batch"."taux" AS "batch.taux", "batch"."createdAt" AS "batch.createdAt", "batch"."updatedAt" AS "batch.updatedAt", "batch->client"."id" AS "batch.client.id", "batch->client"."firstname" AS "batch.client.firstname", "batch->client"."lastname" AS "batch.client.lastname", "pressingSession"."id" AS "pressingSession.id", "pressingSession"."start" AS "pressingSession.start", "pressingSession"."finish" AS "pressingSession.finish", "pressingSession"."number_of_boxes" AS "pressingSession.number_of_boxes", "pressingSession"."pressing_roomID" AS "pressingSession.pressing_roomID", "pressingSession"."batch_id" AS "pressingSession.batch_id", "pressingSession"."status" AS "pressingSession.status", "pressingSession"."oil_bidons_produced" AS "pressingSession.oil_bidons_produced", "pressingSession"."createdAt" AS "pressingSession.createdAt", "pressingSession"."updatedAt" AS "pressingSession.updatedAt", "pressingRoom"."id" AS "pressingRoom.id", "pressingRoom"."name" AS "pressingRoom.name", "operator"."id" AS "operator.id", "operator"."firstname" AS "operator.firstname", "operator"."lastname" AS "operator.lastname" FROM "batch_loadings" AS "BatchLoading" LEFT OUTER JOIN "batches" AS "batch" ON "BatchLoading"."batchId" = "batch"."id" LEFT OUTER JOIN "clients" AS "batch->client" ON "batch"."clientId" = "batch->client"."id" LEFT OUTER JOIN "pressing_sessions" AS "pressingSession" ON "BatchLoading"."pressingSessionId" = "pressingSession"."id" LEFT OUTER JOIN "pressing_rooms" AS "pressingRoom" ON "BatchLoading"."pressingRoomId" = "pressingRoom"."id" LEFT OUTER JOIN "users" AS "operator" ON "BatchLoading"."operatorId" = "operator"."id" WHERE "BatchLoading"."batchId" = 16 ORDER BY "BatchLoading"."loadedAt" DESC LIMIT 20 OFFSET 0;
[2025-11-03T18:55:33.849Z] GET /api/batches/16 - ::1
Executing (default): SELECT "Batch"."id", "Batch"."clientId", "Batch"."priceId", "Batch"."date_received", "Batch"."weight_in", "Batch"."weight_out", "Batch"."net_weight", "Batch"."number_of_boxes", "Batch"."status", "Batch"."operation_type", "Batch"."pressing_room_id", "Batch"."session_start_time", "Batch"."estimated_time", "Batch"."ticket_number", "Batch"."bidons_brought", "Batch"."number_of_bidons", "Batch"."boxes_loaded_to_pressing", "Batch"."boxes_committed_to_queue", "Batch"."taux", "Batch"."createdAt", "Batch"."updatedAt", "client"."id" AS "client.id", "client"."firstname" AS "client.firstname", "client"."lastname" AS "client.lastname", "client"."phone" AS "client.phone", "client"."address" AS "client.address", "client"."createdAt" AS "client.createdAt", "client"."updatedAt" AS "client.updatedAt", "oilBatches"."id" AS "oilBatches.id", "oilBatches"."weight" AS "oilBatches.weight", "oilBatches"."residue" AS "oilBatches.residue", "oilBatches"."batchId" AS "oilBatches.batchId", "oilBatches"."pressing_sessionId" AS "oilBatches.pressing_sessionId", "oilBatches"."createdAt" AS "oilBatches.createdAt", "oilBatches"."updatedAt" AS "oilBatches.updatedAt", "oilBatches->qualityTests"."id" AS "oilBatches.qualityTests.id", "oilBatches->qualityTests"."oil_batchId" AS "oilBatches.qualityTests.oil_batchId", "oilBatches->qualityTests"."acidity_level" AS "oilBatches.qualityTests.acidity_level", "oilBatches->qualityTests"."grade" AS "oilBatches.qualityTests.grade", "oilBatches->qualityTests"."test_date" AS "oilBatches.qualityTests.test_date", "oilBatches->qualityTests"."tested_by_employeeId" AS "oilBatches.qualityTests.tested_by_employeeId", "oilBatches->qualityTests"."createdAt" AS "oilBatches.qualityTests.createdAt", "oilBatches->qualityTests"."updatedAt" AS "oilBatches.qualityTests.updatedAt", "batchLoadings"."id" AS "batchLoadings.id", "batchLoadings"."batchId" AS "batchLoadings.batchId", "batchLoadings"."pressingSessionId" AS "batchLoadings.pressingSessionId", "batchLoadings"."pressingRoomId" AS "batchLoadings.pressingRoomId", "batchLoadings"."operatorId" AS "batchLoadings.operatorId", "batchLoadings"."boxesLoaded" AS "batchLoadings.boxesLoaded", "batchLoadings"."loadedAt" AS "batchLoadings.loadedAt", "batchLoadings"."notes" AS "batchLoadings.notes", "batchLoadings"."createdAt" AS "batchLoadings.createdAt", "batchLoadings"."updatedAt" AS "batchLoadings.updatedAt", "batchLoadings->pressingRoom"."id" AS "batchLoadings.pressingRoom.id", "batchLoadings->pressingRoom"."name" AS "batchLoadings.pressingRoom.name", "batchLoadings->operator"."id" AS "batchLoadings.operator.id", "batchLoadings->operator"."firstname" AS "batchLoadings.operator.firstname", "batchLoadings->operator"."lastname" AS "batchLoadings.operator.lastname", "batchLoadings->operator"."email" AS "batchLoadings.operator.email", "batchLoadings->pressingSession"."id" AS "batchLoadings.pressingSession.id", "batchLoadings->pressingSession"."start" AS "batchLoadings.pressingSession.start", "batchLoadings->pressingSession"."finish" AS "batchLoadings.pressingSession.finish" FROM "batches" AS "Batch" LEFT OUTER JOIN "clients" AS "client" ON "Batch"."clientId" = "client"."id" LEFT OUTER JOIN "oil_batches" AS "oilBatches" ON "Batch"."id" = "oilBatches"."batchId" LEFT OUTER JOIN "quality_tests" AS "oilBatches->qualityTests" ON "oilBatches"."id" = "oilBatches->qualityTests"."oil_batchId" LEFT OUTER JOIN "batch_loadings" AS "batchLoadings" ON "Batch"."id" = "batchLoadings"."batchId" LEFT OUTER JOIN "pressing_rooms" AS "batchLoadings->pressingRoom" ON "batchLoadings"."pressingRoomId" = "batchLoadings->pressingRoom"."id" LEFT OUTER JOIN "users" AS "batchLoadings->operator" ON "batchLoadings"."operatorId" = "batchLoadings->operator"."id" LEFT OUTER JOIN "pressing_sessions" AS "batchLoadings->pressingSession" ON "batchLoadings"."pressingSessionId" = "batchLoadings->pressingSession"."id" WHERE "Batch"."id" = '16';
[2025-11-03T18:55:55.350Z] GET /api/oil-batches?batchId=16 - ::1
Executing (default): SELECT "OilBatch"."id", "OilBatch"."weight", "OilBatch"."residue", "OilBatch"."batchId", "OilBatch"."pressing_sessionId", "OilBatch"."createdAt", "OilBatch"."updatedAt", "batch"."id" AS "batch.id", "batch"."clientId" AS "batch.clientId", "batch"."priceId" AS "batch.priceId", "batch"."date_received" AS "batch.date_received", "batch"."weight_in" AS "batch.weight_in", "batch"."weight_out" AS "batch.weight_out", "batch"."net_weight" AS "batch.net_weight", "batch"."number_of_boxes" AS "batch.number_of_boxes", "batch"."status" AS "batch.status", "batch"."operation_type" AS "batch.operation_type", "batch"."pressing_room_id" AS "batch.pressing_room_id", "batch"."session_start_time" AS "batch.session_start_time", "batch"."estimated_time" AS "batch.estimated_time", "batch"."ticket_number" AS "batch.ticket_number", "batch"."bidons_brought" AS "batch.bidons_brought", "batch"."number_of_bidons" AS "batch.number_of_bidons", "batch"."boxes_loaded_to_pressing" AS "batch.boxes_loaded_to_pressing", "batch"."boxes_committed_to_queue" AS "batch.boxes_committed_to_queue", "batch"."taux" AS "batch.taux", "batch"."createdAt" AS "batch.createdAt", "batch"."updatedAt" AS "batch.updatedAt", "batch->client"."id" AS "batch.client.id", "batch->client"."firstname" AS "batch.client.firstname", "batch->client"."lastname" AS "batch.client.lastname", "batch->client"."phone" AS "batch.client.phone", "batch->client"."address" AS "batch.client.address", "batch->client"."createdAt" AS "batch.client.createdAt", "batch->client"."updatedAt" AS "batch.client.updatedAt", "pressingSession"."id" AS "pressingSession.id", "pressingSession"."start" AS "pressingSession.start", "pressingSession"."finish" AS "pressingSession.finish", "pressingSession"."number_of_boxes" AS "pressingSession.number_of_boxes", "pressingSession"."pressing_roomID" AS "pressingSession.pressing_roomID", "pressingSession"."batch_id" AS "pressingSession.batch_id", "pressingSession"."status" AS "pressingSession.status", "pressingSession"."oil_bidons_produced" AS "pressingSession.oil_bidons_produced", "pressingSession"."createdAt" AS "pressingSession.createdAt", "pressingSession"."updatedAt" AS "pressingSession.updatedAt", "qualityTests"."id" AS "qualityTests.id", "qualityTests"."oil_batchId" AS "qualityTests.oil_batchId", "qualityTests"."acidity_level" AS "qualityTests.acidity_level", "qualityTests"."grade" AS "qualityTests.grade", "qualityTests"."test_date" AS "qualityTests.test_date", "qualityTests"."tested_by_employeeId" AS "qualityTests.tested_by_employeeId", "qualityTests"."createdAt" AS "qualityTests.createdAt", "qualityTests"."updatedAt" AS "qualityTests.updatedAt", "containerOilBatches"."id" AS "containerOilBatches.id", "containerOilBatches"."containerContentId" AS "containerOilBatches.containerContentId", "containerOilBatches"."oilBatchId" AS "containerOilBatches.oilBatchId", "containerOilBatches"."weight" AS "containerOilBatches.weight", "containerOilBatches"."createdAt" AS "containerOilBatches.createdAt", "containerOilBatches"."updatedAt" AS "containerOilBatches.updatedAt" FROM "oil_batches" AS "OilBatch" LEFT OUTER JOIN "batches" AS "batch" ON "OilBatch"."batchId" = "batch"."id" LEFT OUTER JOIN "clients" AS "batch->client" ON "batch"."clientId" = "batch->client"."id" LEFT OUTER JOIN "pressing_sessions" AS "pressingSession" ON "OilBatch"."pressing_sessionId" = "pressingSession"."id" LEFT OUTER JOIN "quality_tests" AS "qualityTests" ON "OilBatch"."id" = "qualityTests"."oil_batchId" LEFT OUTER JOIN "container_oil_batches" AS "containerOilBatches" ON "OilBatch"."id" = "containerOilBatches"."oilBatchId" WHERE "OilBatch"."batchId" = 16 ORDER BY "OilBatch"."createdAt" DESC;
[2025-11-03T18:56:10.556Z] GET /api/oil-batches?batchId=16 - ::1
Executing (default): SELECT "OilBatch"."id", "OilBatch"."weight", "OilBatch"."residue", "OilBatch"."batchId", "OilBatch"."pressing_sessionId", "OilBatch"."createdAt", "OilBatch"."updatedAt", "batch"."id" AS "batch.id", "batch"."clientId" AS "batch.clientId", "batch"."priceId" AS "batch.priceId", "batch"."date_received" AS "batch.date_received", "batch"."weight_in" AS "batch.weight_in", "batch"."weight_out" AS "batch.weight_out", "batch"."net_weight" AS "batch.net_weight", "batch"."number_of_boxes" AS "batch.number_of_boxes", "batch"."status" AS "batch.status", "batch"."operation_type" AS "batch.operation_type", "batch"."pressing_room_id" AS "batch.pressing_room_id", "batch"."session_start_time" AS "batch.session_start_time", "batch"."estimated_time" AS "batch.estimated_time", "batch"."ticket_number" AS "batch.ticket_number", "batch"."bidons_brought" AS "batch.bidons_brought", "batch"."number_of_bidons" AS "batch.number_of_bidons", "batch"."boxes_loaded_to_pressing" AS "batch.boxes_loaded_to_pressing", "batch"."boxes_committed_to_queue" AS "batch.boxes_committed_to_queue", "batch"."taux" AS "batch.taux", "batch"."createdAt" AS "batch.createdAt", "batch"."updatedAt" AS "batch.updatedAt", "batch->client"."id" AS "batch.client.id", "batch->client"."firstname" AS "batch.client.firstname", "batch->client"."lastname" AS "batch.client.lastname", "batch->client"."phone" AS "batch.client.phone", "batch->client"."address" AS "batch.client.address", "batch->client"."createdAt" AS "batch.client.createdAt", "batch->client"."updatedAt" AS "batch.client.updatedAt", "pressingSession"."id" AS "pressingSession.id", "pressingSession"."start" AS "pressingSession.start", "pressingSession"."finish" AS "pressingSession.finish", "pressingSession"."number_of_boxes" AS "pressingSession.number_of_boxes", "pressingSession"."pressing_roomID" AS "pressingSession.pressing_roomID", "pressingSession"."batch_id" AS "pressingSession.batch_id", "pressingSession"."status" AS "pressingSession.status", "pressingSession"."oil_bidons_produced" AS "pressingSession.oil_bidons_produced", "pressingSession"."createdAt" AS "pressingSession.createdAt", "pressingSession"."updatedAt" AS "pressingSession.updatedAt", "qualityTests"."id" AS "qualityTests.id", "qualityTests"."oil_batchId" AS "qualityTests.oil_batchId", "qualityTests"."acidity_level" AS "qualityTests.acidity_level", "qualityTests"."grade" AS "qualityTests.grade", "qualityTests"."test_date" AS "qualityTests.test_date", "qualityTests"."tested_by_employeeId" AS "qualityTests.tested_by_employeeId", "qualityTests"."createdAt" AS "qualityTests.createdAt", "qualityTests"."updatedAt" AS "qualityTests.updatedAt", "containerOilBatches"."id" AS "containerOilBatches.id", "containerOilBatches"."containerContentId" AS "containerOilBatches.containerContentId", "containerOilBatches"."oilBatchId" AS "containerOilBatches.oilBatchId", "containerOilBatches"."weight" AS "containerOilBatches.weight", "containerOilBatches"."createdAt" AS "containerOilBatches.createdAt", "containerOilBatches"."updatedAt" AS "containerOilBatches.updatedAt" FROM "oil_batches" AS "OilBatch" LEFT OUTER JOIN "batches" AS "batch" ON "OilBatch"."batchId" = "batch"."id" LEFT OUTER JOIN "clients" AS "batch->client" ON "batch"."clientId" = "batch->client"."id" LEFT OUTER JOIN "pressing_sessions" AS "pressingSession" ON "OilBatch"."pressing_sessionId" = "pressingSession"."id" LEFT OUTER JOIN "quality_tests" AS "qualityTests" ON "OilBatch"."id" = "qualityTests"."oil_batchId" LEFT OUTER JOIN "container_oil_batches" AS "containerOilBatches" ON "OilBatch"."id" = "containerOilBatches"."oilBatchId" WHERE "OilBatch"."batchId" = 16 ORDER BY "OilBatch"."createdAt" DESC;
[2025-11-03T18:56:14.617Z] GET /api/oil-batches?batchId=16 - ::1
Executing (default): SELECT "OilBatch"."id", "OilBatch"."weight", "OilBatch"."residue", "OilBatch"."batchId", "OilBatch"."pressing_sessionId", "OilBatch"."createdAt", "OilBatch"."updatedAt", "batch"."id" AS "batch.id", "batch"."clientId" AS "batch.clientId", "batch"."priceId" AS "batch.priceId", "batch"."date_received" AS "batch.date_received", "batch"."weight_in" AS "batch.weight_in", "batch"."weight_out" AS "batch.weight_out", "batch"."net_weight" AS "batch.net_weight", "batch"."number_of_boxes" AS "batch.number_of_boxes", "batch"."status" AS "batch.status", "batch"."operation_type" AS "batch.operation_type", "batch"."pressing_room_id" AS "batch.pressing_room_id", "batch"."session_start_time" AS "batch.session_start_time", "batch"."estimated_time" AS "batch.estimated_time", "batch"."ticket_number" AS "batch.ticket_number", "batch"."bidons_brought" AS "batch.bidons_brought", "batch"."number_of_bidons" AS "batch.number_of_bidons", "batch"."boxes_loaded_to_pressing" AS "batch.boxes_loaded_to_pressing", "batch"."boxes_committed_to_queue" AS "batch.boxes_committed_to_queue", "batch"."taux" AS "batch.taux", "batch"."createdAt" AS "batch.createdAt", "batch"."updatedAt" AS "batch.updatedAt", "batch->client"."id" AS "batch.client.id", "batch->client"."firstname" AS "batch.client.firstname", "batch->client"."lastname" AS "batch.client.lastname", "batch->client"."phone" AS "batch.client.phone", "batch->client"."address" AS "batch.client.address", "batch->client"."createdAt" AS "batch.client.createdAt", "batch->client"."updatedAt" AS "batch.client.updatedAt", "pressingSession"."id" AS "pressingSession.id", "pressingSession"."start" AS "pressingSession.start", "pressingSession"."finish" AS "pressingSession.finish", "pressingSession"."number_of_boxes" AS "pressingSession.number_of_boxes", "pressingSession"."pressing_roomID" AS "pressingSession.pressing_roomID", "pressingSession"."batch_id" AS "pressingSession.batch_id", "pressingSession"."status" AS "pressingSession.status", "pressingSession"."oil_bidons_produced" AS "pressingSession.oil_bidons_produced", "pressingSession"."createdAt" AS "pressingSession.createdAt", "pressingSession"."updatedAt" AS "pressingSession.updatedAt", "qualityTests"."id" AS "qualityTests.id", "qualityTests"."oil_batchId" AS "qualityTests.oil_batchId", "qualityTests"."acidity_level" AS "qualityTests.acidity_level", "qualityTests"."grade" AS "qualityTests.grade", "qualityTests"."test_date" AS "qualityTests.test_date", "qualityTests"."tested_by_employeeId" AS "qualityTests.tested_by_employeeId", "qualityTests"."createdAt" AS "qualityTests.createdAt", "qualityTests"."updatedAt" AS "qualityTests.updatedAt", "containerOilBatches"."id" AS "containerOilBatches.id", "containerOilBatches"."containerContentId" AS "containerOilBatches.containerContentId", "containerOilBatches"."oilBatchId" AS "containerOilBatches.oilBatchId", "containerOilBatches"."weight" AS "containerOilBatches.weight", "containerOilBatches"."createdAt" AS "containerOilBatches.createdAt", "containerOilBatches"."updatedAt" AS "containerOilBatches.updatedAt" FROM "oil_batches" AS "OilBatch" LEFT OUTER JOIN "batches" AS "batch" ON "OilBatch"."batchId" = "batch"."id" LEFT OUTER JOIN "clients" AS "batch->client" ON "batch"."clientId" = "batch->client"."id" LEFT OUTER JOIN "pressing_sessions" AS "pressingSession" ON "OilBatch"."pressing_sessionId" = "pressingSession"."id" LEFT OUTER JOIN "quality_tests" AS "qualityTests" ON "OilBatch"."id" = "qualityTests"."oil_batchId" LEFT OUTER JOIN "container_oil_batches" AS "containerOilBatches" ON "OilBatch"."id" = "containerOilBatches"."oilBatchId" WHERE "OilBatch"."batchId" = 16 ORDER BY "OilBatch"."createdAt" DESC;
[2025-11-03T18:56:25.027Z] GET /api/oil-batches?batchId=16 - ::1
Executing (default): SELECT "OilBatch"."id", "OilBatch"."weight", "OilBatch"."residue", "OilBatch"."batchId", "OilBatch"."pressing_sessionId", "OilBatch"."createdAt", "OilBatch"."updatedAt", "batch"."id" AS "batch.id", "batch"."clientId" AS "batch.clientId", "batch"."priceId" AS "batch.priceId", "batch"."date_received" AS "batch.date_received", "batch"."weight_in" AS "batch.weight_in", "batch"."weight_out" AS "batch.weight_out", "batch"."net_weight" AS "batch.net_weight", "batch"."number_of_boxes" AS "batch.number_of_boxes", "batch"."status" AS "batch.status", "batch"."operation_type" AS "batch.operation_type", "batch"."pressing_room_id" AS "batch.pressing_room_id", "batch"."session_start_time" AS "batch.session_start_time", "batch"."estimated_time" AS "batch.estimated_time", "batch"."ticket_number" AS "batch.ticket_number", "batch"."bidons_brought" AS "batch.bidons_brought", "batch"."number_of_bidons" AS "batch.number_of_bidons", "batch"."boxes_loaded_to_pressing" AS "batch.boxes_loaded_to_pressing", "batch"."boxes_committed_to_queue" AS "batch.boxes_committed_to_queue", "batch"."taux" AS "batch.taux", "batch"."createdAt" AS "batch.createdAt", "batch"."updatedAt" AS "batch.updatedAt", "batch->client"."id" AS "batch.client.id", "batch->client"."firstname" AS "batch.client.firstname", "batch->client"."lastname" AS "batch.client.lastname", "batch->client"."phone" AS "batch.client.phone", "batch->client"."address" AS "batch.client.address", "batch->client"."createdAt" AS "batch.client.createdAt", "batch->client"."updatedAt" AS "batch.client.updatedAt", "pressingSession"."id" AS "pressingSession.id", "pressingSession"."start" AS "pressingSession.start", "pressingSession"."finish" AS "pressingSession.finish", "pressingSession"."number_of_boxes" AS "pressingSession.number_of_boxes", "pressingSession"."pressing_roomID" AS "pressingSession.pressing_roomID", "pressingSession"."batch_id" AS "pressingSession.batch_id", "pressingSession"."status" AS "pressingSession.status", "pressingSession"."oil_bidons_produced" AS "pressingSession.oil_bidons_produced", "pressingSession"."createdAt" AS "pressingSession.createdAt", "pressingSession"."updatedAt" AS "pressingSession.updatedAt", "qualityTests"."id" AS "qualityTests.id", "qualityTests"."oil_batchId" AS "qualityTests.oil_batchId", "qualityTests"."acidity_level" AS "qualityTests.acidity_level", "qualityTests"."grade" AS "qualityTests.grade", "qualityTests"."test_date" AS "qualityTests.test_date", "qualityTests"."tested_by_employeeId" AS "qualityTests.tested_by_employeeId", "qualityTests"."createdAt" AS "qualityTests.createdAt", "qualityTests"."updatedAt" AS "qualityTests.updatedAt", "containerOilBatches"."id" AS "containerOilBatches.id", "containerOilBatches"."containerContentId" AS "containerOilBatches.containerContentId", "containerOilBatches"."oilBatchId" AS "containerOilBatches.oilBatchId", "containerOilBatches"."weight" AS "containerOilBatches.weight", "containerOilBatches"."createdAt" AS "containerOilBatches.createdAt", "containerOilBatches"."updatedAt" AS "containerOilBatches.updatedAt" FROM "oil_batches" AS "OilBatch" LEFT OUTER JOIN "batches" AS "batch" ON "OilBatch"."batchId" = "batch"."id" LEFT OUTER JOIN "clients" AS "batch->client" ON "batch"."clientId" = "batch->client"."id" LEFT OUTER JOIN "pressing_sessions" AS "pressingSession" ON "OilBatch"."pressing_sessionId" = "pressingSession"."id" LEFT OUTER JOIN "quality_tests" AS "qualityTests" ON "OilBatch"."id" = "qualityTests"."oil_batchId" LEFT OUTER JOIN "container_oil_batches" AS "containerOilBatches" ON "OilBatch"."id" = "containerOilBatches"."oilBatchId" WHERE "OilBatch"."batchId" = 16 ORDER BY "OilBatch"."createdAt" DESC;
[2025-11-03T18:56:34.591Z] GET /api/oil-batches?batchId=16 - ::1
Executing (default): SELECT "OilBatch"."id", "OilBatch"."weight", "OilBatch"."residue", "OilBatch"."batchId", "OilBatch"."pressing_sessionId", "OilBatch"."createdAt", "OilBatch"."updatedAt", "batch"."id" AS "batch.id", "batch"."clientId" AS "batch.clientId", "batch"."priceId" AS "batch.priceId", "batch"."date_received" AS "batch.date_received", "batch"."weight_in" AS "batch.weight_in", "batch"."weight_out" AS "batch.weight_out", "batch"."net_weight" AS "batch.net_weight", "batch"."number_of_boxes" AS "batch.number_of_boxes", "batch"."status" AS "batch.status", "batch"."operation_type" AS "batch.operation_type", "batch"."pressing_room_id" AS "batch.pressing_room_id", "batch"."session_start_time" AS "batch.session_start_time", "batch"."estimated_time" AS "batch.estimated_time", "batch"."ticket_number" AS "batch.ticket_number", "batch"."bidons_brought" AS "batch.bidons_brought", "batch"."number_of_bidons" AS "batch.number_of_bidons", "batch"."boxes_loaded_to_pressing" AS "batch.boxes_loaded_to_pressing", "batch"."boxes_committed_to_queue" AS "batch.boxes_committed_to_queue", "batch"."taux" AS "batch.taux", "batch"."createdAt" AS "batch.createdAt", "batch"."updatedAt" AS "batch.updatedAt", "batch->client"."id" AS "batch.client.id", "batch->client"."firstname" AS "batch.client.firstname", "batch->client"."lastname" AS "batch.client.lastname", "batch->client"."phone" AS "batch.client.phone", "batch->client"."address" AS "batch.client.address", "batch->client"."createdAt" AS "batch.client.createdAt", "batch->client"."updatedAt" AS "batch.client.updatedAt", "pressingSession"."id" AS "pressingSession.id", "pressingSession"."start" AS "pressingSession.start", "pressingSession"."finish" AS "pressingSession.finish", "pressingSession"."number_of_boxes" AS "pressingSession.number_of_boxes", "pressingSession"."pressing_roomID" AS "pressingSession.pressing_roomID", "pressingSession"."batch_id" AS "pressingSession.batch_id", "pressingSession"."status" AS "pressingSession.status", "pressingSession"."oil_bidons_produced" AS "pressingSession.oil_bidons_produced", "pressingSession"."createdAt" AS "pressingSession.createdAt", "pressingSession"."updatedAt" AS "pressingSession.updatedAt", "qualityTests"."id" AS "qualityTests.id", "qualityTests"."oil_batchId" AS "qualityTests.oil_batchId", "qualityTests"."acidity_level" AS "qualityTests.acidity_level", "qualityTests"."grade" AS "qualityTests.grade", "qualityTests"."test_date" AS "qualityTests.test_date", "qualityTests"."tested_by_employeeId" AS "qualityTests.tested_by_employeeId", "qualityTests"."createdAt" AS "qualityTests.createdAt", "qualityTests"."updatedAt" AS "qualityTests.updatedAt", "containerOilBatches"."id" AS "containerOilBatches.id", "containerOilBatches"."containerContentId" AS "containerOilBatches.containerContentId", "containerOilBatches"."oilBatchId" AS "containerOilBatches.oilBatchId", "containerOilBatches"."weight" AS "containerOilBatches.weight", "containerOilBatches"."createdAt" AS "containerOilBatches.createdAt", "containerOilBatches"."updatedAt" AS "containerOilBatches.updatedAt" FROM "oil_batches" AS "OilBatch" LEFT OUTER JOIN "batches" AS "batch" ON "OilBatch"."batchId" = "batch"."id" LEFT OUTER JOIN "clients" AS "batch->client" ON "batch"."clientId" = "batch->client"."id" LEFT OUTER JOIN "pressing_sessions" AS "pressingSession" ON "OilBatch"."pressing_sessionId" = "pressingSession"."id" LEFT OUTER JOIN "quality_tests" AS "qualityTests" ON "OilBatch"."id" = "qualityTests"."oil_batchId" LEFT OUTER JOIN "container_oil_batches" AS "containerOilBatches" ON "OilBatch"."id" = "containerOilBatches"."oilBatchId" WHERE "OilBatch"."batchId" = 16 ORDER BY "OilBatch"."createdAt" DESC;
[2025-11-03T20:07:46.733Z] GET /api/auth/me - ::1
Executing (default): SELECT "id", "email", "role", "firstname", "lastname", "createdAt", "updatedAt" FROM "users" AS "User" WHERE "User"."id" = 1;
[2025-11-03T20:07:47.101Z] GET /api/dashboard/activity?limit=20 - ::1
[2025-11-03T20:07:47.101Z] GET /api/dashboard/overview - ::1
[2025-11-03T20:07:47.102Z] GET /api/pressing-rooms - ::1
Executing (default): SELECT "id", "clientId", "priceId", "date_received", "weight_in", "weight_out", "net_weight", "number_of_boxes", "status", "operation_type", "pressing_room_id", "session_start_time", "estimated_time", "ticket_number", "bidons_brought", "number_of_bidons", "boxes_loaded_to_pressing", "boxes_committed_to_queue", "taux", "createdAt", "updatedAt" FROM "batches" AS "Batch" ORDER BY "Batch"."createdAt" DESC LIMIT 20;
Executing (default): SELECT "id", "start", "finish", "number_of_boxes", "pressing_roomID", "batch_id", "status", "oil_bidons_produced", "createdAt", "updatedAt" FROM "pressing_sessions" AS "PressingSession" ORDER BY "PressingSession"."createdAt" DESC LIMIT 20;
Executing (default): SELECT "id", "firstname", "lastname", "phone", "address", "createdAt", "updatedAt" FROM "clients" AS "Client" ORDER BY "Client"."createdAt" DESC LIMIT 20;
Executing (default): SELECT sum("weight") AS "sum" FROM "oil_batches" AS "OilBatch";
Executing (default): SELECT sum("number_of_boxes") AS "sum" FROM "pressing_sessions" AS "PressingSession" WHERE "PressingSession"."finish" IS NULL;
Executing (default): SELECT count(*) AS "count" FROM "clients" AS "Client";
Executing (default): SELECT count(*) AS "count" FROM "batches" AS "Batch" WHERE "Batch"."status" IN ('received', 'in_process');
Executing (default): SELECT count(*) AS "count" FROM "invoices" AS "Invoice" WHERE "Invoice"."status" IN ('draft', 'sent', 'overdue');
Executing (default): SELECT count(*) AS "count" FROM "quality_tests" AS "QualityTest";
Executing (default): SELECT count(*) AS "count" FROM "batches" AS "Batch" WHERE "Batch"."createdAt" >= '2025-11-02 23:00:00.000 +00:00';
Executing (default): SELECT count(*) AS "count" FROM "pressing_sessions" AS "PressingSession" WHERE "PressingSession"."finish" IS NULL;
Executing (default): SELECT "id", "name", "capacity", "createdAt", "updatedAt" FROM "pressing_rooms" AS "PressingRoom" ORDER BY "PressingRoom"."createdAt" ASC;
Executing (default): SELECT "id", "clientId", "batchId", "amount", "status", "issue_date", "due_date", "notes", "createdAt", "updatedAt" FROM "invoices" AS "Invoice" WHERE "Invoice"."status" = 'paid';
Executing (default): SELECT "PressingSession"."id", "PressingSession"."start", "PressingSession"."finish", "PressingSession"."number_of_boxes", "PressingSession"."pressing_roomID", "PressingSession"."batch_id", "PressingSession"."status", "PressingSession"."oil_bidons_produced", "PressingSession"."createdAt", "PressingSession"."updatedAt", "batch"."id" AS "batch.id", "batch"."clientId" AS "batch.clientId", "batch"."priceId" AS "batch.priceId", "batch"."date_received" AS "batch.date_received", "batch"."weight_in" AS "batch.weight_in", "batch"."weight_out" AS "batch.weight_out", "batch"."net_weight" AS "batch.net_weight", "batch"."number_of_boxes" AS "batch.number_of_boxes", "batch"."status" AS "batch.status", "batch"."operation_type" AS "batch.operation_type", "batch"."pressing_room_id" AS "batch.pressing_room_id", "batch"."session_start_time" AS "batch.session_start_time", "batch"."estimated_time" AS "batch.estimated_time", "batch"."ticket_number" AS "batch.ticket_number", "batch"."bidons_brought" AS "batch.bidons_brought", "batch"."number_of_bidons" AS "batch.number_of_bidons", "batch"."boxes_loaded_to_pressing" AS "batch.boxes_loaded_to_pressing", "batch"."boxes_committed_to_queue" AS "batch.boxes_committed_to_queue", "batch"."taux" AS "batch.taux", "batch"."createdAt" AS "batch.createdAt", "batch"."updatedAt" AS "batch.updatedAt", "batch->client"."id" AS "batch.client.id", "batch->client"."firstname" AS "batch.client.firstname", "batch->client"."lastname" AS "batch.client.lastname" FROM "pressing_sessions" AS "PressingSession" LEFT OUTER JOIN "batches" AS "batch" ON "PressingSession"."batch_id" = "batch"."id" LEFT OUTER JOIN "clients" AS "batch->client" ON "batch"."clientId" = "batch->client"."id" WHERE "PressingSession"."finish" IS NULL;
[2025-11-04T11:07:55.914Z] GET / - ::1
[2025-11-04T11:07:57.657Z] GET /api/auth/me - ::1
Executing (default): SELECT "id", "email", "role", "firstname", "lastname", "createdAt", "updatedAt" FROM "users" AS "User" WHERE "User"."id" = 1;
[2025-11-04T11:07:58.215Z] GET /api/clients - ::1
Executing (default): SELECT count("Client"."id") AS "count" FROM "clients" AS "Client" LEFT OUTER JOIN "batches" AS "batches" ON "Client"."id" = "batches"."clientId";
[2025-11-04T11:07:58.225Z] GET /api/batches/next-ticket-number?date=2025-11-04 - ::1
[2025-11-04T11:07:58.225Z] GET /api/batches?page=1&limit=5 - ::1
Executing (default): SELECT "Client".*, "batches"."id" AS "batches.id", "batches"."date_received" AS "batches.date_received", "batches"."status" AS "batches.status" FROM (SELECT "Client"."id", "Client"."firstname", "Client"."lastname", "Client"."phone", "Client"."address", "Client"."createdAt", "Client"."updatedAt" FROM "clients" AS "Client" ORDER BY "Client"."createdAt" DESC LIMIT 10 OFFSET 0) AS "Client" LEFT OUTER JOIN "batches" AS "batches" ON "Client"."id" = "batches"."clientId" ORDER BY "Client"."createdAt" DESC;
Executing (default): SELECT "ticket_number" FROM "batches" AS "Batch" WHERE ("Batch"."date_received" >= '2025-11-03 23:00:00.000 +00:00' AND "Batch"."date_received" <= '2025-11-04 22:59:59.999 +00:00') ORDER BY "Batch"."date_received" DESC;
Executing (default): SELECT count(*) AS "count" FROM "batches" AS "Batch";
[2025-11-04T11:07:58.323Z] GET /api/prices?latest=true - ::1
Executing (default): SELECT "Batch".*, "client"."id" AS "client.id", "client"."firstname" AS "client.firstname", "client"."lastname" AS "client.lastname", "price"."id" AS "price.id", "price"."date" AS "price.date", "price"."milling_price_per_kg" AS "price.milling_price_per_kg", "price"."oil_client_selling_price_per_kg" AS "price.oil_client_selling_price_per_kg", "price"."oil_export_selling_price_per_kg" AS "price.oil_export_selling_price_per_kg", "price"."olive_buying_price_per_kg" AS "price.olive_buying_price_per_kg", "price"."empty_bidon_price" AS "price.empty_bidon_price", "price"."createdAt" AS "price.createdAt", "price"."updatedAt" AS "price.updatedAt", "pressingRoom"."id" AS "pressingRoom.id", "pressingRoom"."name" AS "pressingRoom.name", "oilBatches"."id" AS "oilBatches.id", "oilBatches"."weight" AS "oilBatches.weight", "oilBatches"."residue" AS "oilBatches.residue", "oilBatches"."batchId" AS "oilBatches.batchId", "oilBatches"."pressing_sessionId" AS "oilBatches.pressing_sessionId", "oilBatches"."createdAt" AS "oilBatches.createdAt", "oilBatches"."updatedAt" AS "oilBatches.updatedAt", "batchLoadings"."id" AS "batchLoadings.id", "batchLoadings"."batchId" AS "batchLoadings.batchId", "batchLoadings"."pressingSessionId" AS "batchLoadings.pressingSessionId", "batchLoadings"."pressingRoomId" AS "batchLoadings.pressingRoomId", "batchLoadings"."operatorId" AS "batchLoadings.operatorId", "batchLoadings"."boxesLoaded" AS "batchLoadings.boxesLoaded", "batchLoadings"."loadedAt" AS "batchLoadings.loadedAt", "batchLoadings"."notes" AS "batchLoadings.notes", "batchLoadings"."createdAt" AS "batchLoadings.createdAt", "batchLoadings"."updatedAt" AS "batchLoadings.updatedAt", "batchLoadings->pressingRoom"."id" AS "batchLoadings.pressingRoom.id", "batchLoadings->pressingRoom"."name" AS "batchLoadings.pressingRoom.name", "batchLoadings->operator"."id" AS "batchLoadings.operator.id", "batchLoadings->operator"."firstname" AS "batchLoadings.operator.firstname", "batchLoadings->operator"."lastname" AS "batchLoadings.operator.lastname", "batchLoadings->operator"."email" AS "batchLoadings.operator.email" FROM (SELECT "Batch"."id", "Batch"."clientId", "Batch"."priceId", "Batch"."date_received", "Batch"."weight_in", "Batch"."weight_out", "Batch"."net_weight", "Batch"."number_of_boxes", "Batch"."status", "Batch"."operation_type", "Batch"."pressing_room_id", "Batch"."session_start_time", "Batch"."estimated_time", "Batch"."ticket_number", "Batch"."bidons_brought", "Batch"."number_of_bidons", "Batch"."boxes_loaded_to_pressing", "Batch"."boxes_committed_to_queue", "Batch"."taux", "Batch"."createdAt", "Batch"."updatedAt" FROM "batches" AS "Batch" ORDER BY "Batch"."date_received" DESC LIMIT 5 OFFSET 0) AS "Batch" LEFT OUTER JOIN "clients" AS "client" ON "Batch"."clientId" = "client"."id" LEFT OUTER JOIN "prices" AS "price" ON "Batch"."priceId" = "price"."id" LEFT OUTER JOIN "pressing_rooms" AS "pressingRoom" ON "Batch"."pressing_room_id" = "pressingRoom"."id" LEFT OUTER JOIN "oil_batches" AS "oilBatches" ON "Batch"."id" = "oilBatches"."batchId" LEFT OUTER JOIN "batch_loadings" AS "batchLoadings" ON "Batch"."id" = "batchLoadings"."batchId" LEFT OUTER JOIN "pressing_rooms" AS "batchLoadings->pressingRoom" ON "batchLoadings"."pressingRoomId" = "batchLoadings->pressingRoom"."id" LEFT OUTER JOIN "users" AS "batchLoadings->operator" ON "batchLoadings"."operatorId" = "batchLoadings->operator"."id" ORDER BY "Batch"."date_received" DESC;
Executing (default): SELECT "id", "date", "milling_price_per_kg", "oil_client_selling_price_per_kg", "oil_export_selling_price_per_kg", "olive_buying_price_per_kg", "empty_bidon_price", "createdAt", "updatedAt" FROM "prices" AS "Price" ORDER BY "Price"."createdAt" DESC LIMIT 1;
[2025-11-04T11:13:22.725Z] POST /api/auth/login - ::1
[2025-11-04T11:13:22.725Z] Request body: {
  "email": "operator@gmail.com"
}
Executing (default): SELECT "id", "email", "password", "role", "firstname", "lastname", "createdAt", "updatedAt" FROM "users" AS "User" WHERE "User"."email" = 'operator@gmail.com';
[2025-11-04T11:27:57.177Z] GET / - ::1
[2025-11-04T11:28:33.406Z] POST /api/auth/login - ::1
[2025-11-04T11:28:33.406Z] Request body: {
  "email": "admin@gmail.com"
}
Executing (default): SELECT "id", "email", "password", "role", "firstname", "lastname", "createdAt", "updatedAt" FROM "users" AS "User" WHERE "User"."email" = 'admin@gmail.com';
[2025-11-04T11:30:00.212Z] POST /api/auth/login - ::1
[2025-11-04T11:30:00.212Z] Request body: {
  "email": "operator@gmail.com"
}
Executing (default): SELECT "id", "email", "password", "role", "firstname", "lastname", "createdAt", "updatedAt" FROM "users" AS "User" WHERE "User"."email" = 'operator@gmail.com';
[2025-11-04T11:31:35.534Z] GET / - ::1
[2025-11-04T11:31:45.752Z] GET /api/health - ::1
[2025-11-04T11:31:48.239Z] GET /api/health - ::1
